ticker,name,sector,industry
A,"Agilent Technologies, Inc.",Healthcare,Diagnostics & Research
AA,Alcoa Corporation,Materials,Aluminum
AAAU,Goldman Sachs Physical Gold ETF Shares,Materials,
AADX,"Applied Aerospace & Defense, In",Industrials,Aerospace & Defense
AAL,American Airlines Group Inc.,Industrials,Airlines
AAMI,Acadian Asset Management Inc.,Financials,Asset Management
AAOI,"Applied Optoelectronics, Inc.",Technology,Communication Equipment
AAON,"AAON, Inc.",Industrials,Building Products & Equipment
AAOX,Tradr 2X Long AAOI Daily ETF,,
AAOZ,Tradr 2X Short AAOI Daily ETF,,
AAP,,Consumer Discretionary,
AAPD,Direxion Daily AAPL Bear 1X ETF,,
AAPL,Apple Inc.,Technology,Consumer Electronics
AAPU,Direxion Daily AAPL Bull 2X Shares,,
AAUC,Allied Gold Corporation,Materials,Gold
AAXJ,iShares MSCI All Country Asia ex Japan ETF,,
ABBV,AbbVie Inc.,Healthcare,Drug Manufacturers - General
ABCB,Ameris Bancorp,Financials,Banks - Regional
ABCL,AbCellera Biologics Inc.,Healthcare,Biotechnology
ABEV,Ambev S.A.,Consumer Staples,Beverages - Brewers
ABG,Asbury Automotive Group Inc,Consumer Discretionary,Auto & Truck Dealerships
ABM,ABM Industries Incorporated,Industrials,Specialty Business Services
ABNB,"Airbnb, Inc.",Consumer Discretionary,Travel Services
ABR,Arbor Realty Trust,Real Estate,REIT - Mortgage
ABSI,Absci Corporation,Healthcare,Biotechnology
ABT,Abbott Laboratories,Healthcare,Medical Devices
ABVX,Abivax SA,Healthcare,Biotechnology
ACA,"Arcosa, Inc.",Industrials,Engineering & Construction
ACAD,ACADIA Pharmaceuticals Inc.,Healthcare,Biotechnology
ACGL,Arch Capital Group Ltd.,Financials,Insurance - Diversified
ACHC,"Acadia Healthcare Company, Inc.",Healthcare,Medical Care Facilities
ACHR,Archer Aviation Inc.,Defense,Aerospace & Defense
ACI,,Consumer Staples,
ACIW,"ACI Worldwide, Inc.",Technology,Software - Infrastructure
ACLS,"Axcelis Technologies, Inc.",Technology,Semiconductor Equipment & Materials
ACM,AECOM,Industrials,Engineering & Construction
ACMR,"ACM Research, Inc.",Semiconductors,Semiconductor Equipment & Materials
ACN,Accenture plc,Technology,Information Technology Services
ACT,"Enact Holdings, Inc.",Financials,Insurance - Specialty
ACVA,ACV Auctions Inc.,Consumer Discretionary,Auto & Truck Dealerships
ACWI,iShares MSCI ACWI ETF,,
ACWX,iShares MSCI ACWI ex U.S. ETF,,
ACYN,FT Vest Laddered Autocallable B,,
ADBE,Adobe Inc.,Technology,Software - Application
ADBG,Leverage Shares 2X Long ADBE Da,,
ADC,Agree Realty Corporation,Real Estate,REIT - Retail
ADEA,Adeia Inc.,Technology,Software - Application
ADGM,"Adagio Medical Holdings, Inc",Healthcare,Medical Devices
ADI,"Analog Devices, Inc.",Semiconductors,Semiconductors
ADIG,ADI Global Distribution Inc.,Technology,Computer Hardware
ADM,Archer-Daniels-Midland Company,Consumer Staples,Farm Products
ADMA,ADMA Biologics Inc,Healthcare,Biotechnology
ADNT,Adient plc,Consumer Discretionary,Auto Parts
ADP,"Automatic Data Processing, Inc.",Technology,Software - Application
ADPT,Adaptive Biotechnologies Corpor,Healthcare,Diagnostics & Research
ADSK,"Autodesk, Inc.",Technology,Software - Application
ADT,ADT Inc.,Industrials,Security & Protection Services
ADTN,"ADTRAN Holdings, Inc.",Technology,Communication Equipment
ADUS,Addus HomeCare Corporation,Healthcare,Medical Care Facilities
ADVB,Advanced Biomed Inc.,Healthcare,Diagnostics & Research
AEE,Ameren Corporation,Utilities,Utilities - Regulated Electric
AEG,Aegon Ltd. New York Registry Sh,Financials,Insurance - Diversified
AEHR,Aehr Test Systems,Technology,Semiconductor Equipment & Materials
AEIS,"Advanced Energy Industries, Inc.",Industrials,Electrical Equipment & Parts
AEM,Agnico Eagle Mines Limited,Materials,Gold
AEO,"American Eagle Outfitters, Inc.",Consumer Discretionary,Apparel Retail
AEP,"American Electric Power Company, Inc.",Utilities,Utilities - Regulated Electric
AER,AerCap Holdings N.V.,Industrials,Rental & Leasing Services
AES,The AES Corporation,Utilities,Utilities - Diversified
AESI,Atlas Energy Solutions Inc.,Energy,Oil & Gas Equipment & Services
AEVA,"Aeva Technologies, Inc.",Technology,Software - Infrastructure
AFG,"American Financial Group, Inc.",Financials,Insurance - Property & Casualty
AFL,Aflac Incorporated,Financials,Insurance - Life
AFRM,"Affirm Holdings, Inc.",Financials,Credit Services
AG,First Majestic Silver Corp.,Materials,Silver
AGCO,AGCO Corporation,Industrials,Farm & Heavy Construction Machinery
AGG,iShares Core U.S. Aggregate Bond ETF,,
AGI,Alamos Gold Inc.,Materials,Gold
AGIO,"Agios Pharmaceuticals, Inc.",Healthcare,Biotechnology
AGL,"agilon health, inc.",Healthcare,Medical Care Facilities
AGM,Federal Agricultural Mortgage C,Financials,Credit Services
AGNC,AGNC Investment Corp.,Real Estate,REIT - Mortgage
AGO,Assured Guaranty Ltd.,Financials,Insurance - Specialty
AGQ,ProShares Ultra Silver,Materials,
AGX,"Argan, Inc.",Industrials,Engineering & Construction
AGYS,"Agilysys, Inc.",Technology,Software - Application
AHCO,AdaptHealth Corp.,Healthcare,Medical Devices
AHR,"American Healthcare REIT, Inc.",Real Estate,REIT - Healthcare Facilities
AI,"C3.ai, Inc.",Technology,Software - Infrastructure
AIA,iShares Asia 50 ETF,,
AIG,"American International Group, Inc.",Financials,Insurance - Diversified
AIN,Albany International Corporatio,Consumer Discretionary,Textile Manufacturing
AIP,"Arteris, Inc.",Technology,Semiconductors
AIPO,Defiance AI & Power Infrastruct,,
AIQ,Global X Artificial Intelligence & Technology ETF,,
AIR,AAR Corp.,Defense,Aerospace & Defense
AIRR,First Trust RBA American Industrial Renaissance ETF,,
AIS,VistaShares Artificial Intellig,,
AIT,"Applied Industrial Technologies, Inc.",Industrials,Industrial Distribution
AIZ,"Assurant, Inc.",Financials,Insurance - Property & Casualty
AJG,Arthur J. Gallagher & Co.,Financials,Insurance Brokers
AKAM,"Akamai Technologies, Inc.",Technology,Software - Infrastructure
AKR,Acadia Realty Trust,Real Estate,REIT - Retail
AKRE,Akre Focus ETF,,
ALAB,"Astera Labs, Inc.",Semiconductors,Semiconductors
ALB,Albemarle Corporation,Materials,Specialty Chemicals
ALC,Alcon Inc.,Healthcare,Medical Instruments & Supplies
ALG,"Alamo Group, Inc.",Industrials,Farm & Heavy Construction Machinery
ALGM,"Allegro MicroSystems, Inc.",Semiconductors,Semiconductors
ALGN,"Align Technology, Inc.",Healthcare,Medical Instruments & Supplies
ALGT,Allegiant Travel Company,Industrials,Airlines
ALH,Alliance Laundry Holdings Inc.,Consumer Discretionary,"Furnishings, Fixtures & Appliances"
ALHC,"Alignment Healthcare, Inc.",Healthcare,Healthcare Plans
ALK,"Alaska Air Group, Inc.",Industrials,Airlines
ALKS,Alkermes plc,Healthcare,Drug Manufacturers - Specialty & Generic
ALKT,"Alkami Technology, Inc.",Technology,Software - Application
ALL,The Allstate Corporation,Financials,Insurance - Property & Casualty
ALLE,Allegion plc,Industrials,Security & Protection Services
ALLW,State Street Bridgewater All We,,
ALLY,Ally Financial Inc.,Financials,Credit Services
ALM,Almonty Industries Inc.,Materials,Other Industrial Metals & Mining
ALMS,Alumis Inc.,Biotech,Biotechnology
ALNT,Allient Inc.,Technology,Electronic Components
ALNY,"Alnylam Pharmaceuticals, Inc.",Biotech,Biotechnology
ALOY,REalloys Inc.,Materials,Other Industrial Metals & Mining
ALRM,"Alarm.com Holdings, Inc.",Technology,Software - Application
ALSN,"Allison Transmission Holdings, Inc.",Consumer Discretionary,Auto Parts
ALV,"Autoliv, Inc.",Consumer Discretionary,Auto Parts
AM,Antero Midstream Corporation,Energy,Oil & Gas Midstream
AMAT,"Applied Materials, Inc.",Semiconductors,Semiconductor Equipment & Materials
AMBA,"Ambarella, Inc.",Semiconductors,Semiconductor Equipment & Materials
AMBP,Ardagh Metal Packaging S.A.,Consumer Discretionary,Packaging & Containers
AMBQ,"Ambiq Micro, Inc.",Technology,Semiconductors
AMC,"AMC Entertainment Holdings, Inc.",Communication Services,Entertainment
AMCR,Amcor plc,Consumer Discretionary,Packaging & Containers
AMD,"Advanced Micro Devices, Inc.",Semiconductors,Semiconductors
AMDD,Direxion Daily AMD Bear 1X Shares,,
AMDL,GraniteShares 2x Long AMD Daily ETF,,
AMDY,Yieldmax AMD Option Income Stra,,
AME,"AMETEK, Inc.",Industrials,Specialty Industrial Machinery
AMG,"Affiliated Managers Group, Inc.",Financials,Asset Management
AMGN,Amgen Inc.,Healthcare,Drug Manufacturers - General
AMH,American Homes 4 Rent,Real Estate,REIT - Residential
AMIX,"Autonomix Medical, Inc.",Healthcare,Medical Devices
AMKR,"Amkor Technology, Inc.",Semiconductors,Semiconductor Equipment & Materials
AMLP,Alerian MLP ETF,,
AMLX,"Amylyx Pharmaceuticals, Inc.",Healthcare,Drug Manufacturers - Specialty & Generic
AMN,AMN Healthcare Services Inc,Healthcare,Medical Care Facilities
AMP,"Ameriprise Financial, Inc.",Financials,Asset Management
AMPL,"Amplitude, Inc.",Technology,Software - Application
AMPX,"Amprius Technologies, Inc.",Industrials,Electrical Equipment & Parts
AMR,"Alpha Metallurgical Resources, Inc.",Materials,Coking Coal
AMRC,"Ameresco, Inc.",Industrials,Engineering & Construction
AMRX,"Amneal Pharmaceuticals, Inc.",Healthcare,Drug Manufacturers - Specialty & Generic
AMRZ,Amrize Ltd,Materials,Building Materials
AMSC,American Superconductor Corpora,Industrials,Specialty Industrial Machinery
AMT,American Tower Corporation,Real Estate,REIT - Specialty
AMTM,"Amentum Holdings, Inc.",Industrials,Specialty Business Services
AMUU,Direxion Daily AMD Bull 2X ETF,,
AMX,"America Movil, S.A.B. de C.V.",Communication Services,Telecom Services
AMZD,Direxion Daily AMZN Bear 1X ETF,,
AMZN,"Amazon.com, Inc.",Consumer Discretionary,Internet Retail
AMZU,Direxion Daily AMZN Bull 2X Shares,,
AN,"AutoNation, Inc.",Consumer Discretionary,Auto & Truck Dealerships
ANAB,"AnaptysBio, Inc.",Healthcare,Biotechnology
ANDE,"The Andersons, Inc.",Consumer Staples,Food Distribution
ANDG,Andersen Group Inc.,Consumer Discretionary,Personal Services
ANET,"Arista Networks, Inc.",Technology,Computer Hardware
ANF,Abercrombie & Fitch Co.,Consumer Discretionary,Apparel Retail
ANGL,VanEck Fallen Angel High Yield ,,
ANGU,SEI Ang Research Enhanced U.S. Large Cap ETF,,
ANIP,"ANI Pharmaceuticals, Inc.",Healthcare,Drug Manufacturers - Specialty & Generic
AON,Aon plc,Financials,Insurance Brokers
AOR,iShares Core 60/40 Balanced All,,
AORT,"Artivion, Inc.",Healthcare,Medical Devices
AOS,A. O. Smith Corporation,Industrials,Specialty Industrial Machinery
AOSL,Alpha and Omega Semiconductor L,Technology,Semiconductors
APA,APA Corporation,Energy,Oil & Gas E&P
APAM,Artisan Partners Asset Manageme,Financials,Asset Management
APD,"Air Products and Chemicals, Inc.",Materials,Specialty Chemicals
APEI,"American Public Education, Inc.",Consumer Staples,Education & Training Services
APG,APi Group Corporation,Industrials,Engineering & Construction
APGE,"Apogee Therapeutics, Inc.",Biotech,Biotechnology
APH,Amphenol Corporation,Technology,Electronic Components
APLD,Applied Digital Corporation,Technology,Information Technology Services
APLE,"Apple Hospitality REIT, Inc.",Real Estate,REIT - Hotel & Motel
APLX,Tradr 2X Long APLD Daily ETF,,
APMD,"Apnimed, Inc.",Healthcare,Biotechnology
APO,"Apollo Global Management, Inc.",Financials,Asset Management
APP,AppLovin Corporation,Communication Services,Advertising Agencies
APPF,"AppFolio, Inc.",Technology,Software - Application
APPN,Appian Corporation,Technology,Software - Infrastructure
APPS,"Digital Turbine, Inc.",Technology,Software - Application
APPX,Tradr 2X Long APP Daily ETF,,
APTV,Aptiv PLC,Consumer Discretionary,Auto Parts
AQN,Algonquin Power & Utilities Cor,Utilities,Utilities - Diversified
AR,Antero Resources Corporation,Energy,Oil & Gas E&P
ARCB,ArcBest Corporation,Industrials,Trucking
ARCC,,Financials,
ARDX,"Ardelyx, Inc.",Healthcare,Biotechnology
ARE,"Alexandria Real Estate Equities, Inc.",Real Estate,REIT - Office
ARES,Ares Management Corporation,Financials,Asset Management
ARGX,argenx SE,Healthcare,Biotechnology
ARI,Apollo Commercial Real Estate F,Real Estate,REIT - Mortgage
ARIS,Aris Mining Corporation,Materials,Gold
ARKB,ARK 21Shares Bitcoin ETF,Crypto,
ARKG,ARK Genomic Revolution ETF,,
ARKK,ARK Innovation ETF,,
ARKQ,ARK Autonomous Technology & Rob,,
ARKX,ARK Space & Defense Innovation ETF,Defense,Space & Defense ETF
ARLO,"Arlo Technologies, Inc.",Industrials,Building Products & Equipment
ARM,Arm Holdings plc,Technology,Semiconductors
ARMG,Leverage Shares 2X Long ARM Dai,,
ARMK,Aramark,Industrials,Specialty Business Services
AROC,"Archrock, Inc.",Energy,Oil & Gas Equipment & Services
ARQT,"Arcutis Biotherapeutics, Inc.",Healthcare,Biotechnology
ARR,"ARMOUR Residential REIT, Inc.",Real Estate,REIT - Mortgage
ARRY,"Array Technologies, Inc.",Energy Transition,Solar
ARTY,iShares Future AI & Tech ETF,,
ARW,"Arrow Electronics, Inc.",Technology,Electronics & Computer Distribution
ARWR,"Arrowhead Pharmaceuticals, Inc.",Biotech,Biotechnology
ARX,Accelerant Holdings,Financials,Insurance Brokers
ARXS,"Arxis, Inc.",Industrials,Aerospace & Defense
AS,"Amer Sports, Inc.",Consumer Discretionary,Sporting Goods
ASAN,"Asana, Inc.",Technology,Software - Application
ASB,Associated Banc-Corp,Financials,Banks - Regional
ASH,Ashland Inc.,Materials,Specialty Chemicals
ASHR,Xtrackers Harvest CSI 300 China A-Shares ETF,,
ASM,Avino Silver & Gold Mines Ltd.,Materials,Other Precious Metals & Mining
ASML,ASML Holding N.V.,Semiconductors,Semiconductor Equipment & Materials
ASND,Ascendis Pharma A/S,Healthcare,Biotechnology
ASO,,Consumer Discretionary,
ASR,Grupo Aeroportuario del Sureste,Industrials,Airports & Air Services
ASST,"Strive Asset Management, LLC",Financials,Asset Management
ASTH,Astrana Health Inc.,Healthcare,Medical Care Facilities
ASTS,"AST SpaceMobile, Inc.",Technology,Communication Equipment
ASTX,Tradr 2X Long ASTS Daily ETF,,
ASX,"ASE Technology Holding Co., Ltd",Technology,Semiconductors
ATAI,AtaiBeckley Inc.,Healthcare,Biotechnology
ATAT,Atour Lifestyle Holdings Limite,Consumer Discretionary,Lodging
ATEC,"Alphatec Holdings, Inc.",Healthcare,Medical Devices
ATEN,"A10 Networks, Inc.",Technology,Software - Infrastructure
ATEX,Anterix Inc.,Communication Services,Telecom Services
ATHM,Autohome Inc.,Communication Services,Internet Content & Information
ATI,ATI Inc.,Industrials,Metal Fabrication
ATKR,Atkore Inc.,Industrials,Electrical Equipment & Parts
ATLC,Atlanticus Holdings Corporation,Financials,Credit Services
ATMU,Atmus Filtration Technologies I,Consumer Discretionary,Auto Parts
ATO,Atmos Energy Corporation,Energy,Utilities - Regulated Gas
ATR,"AptarGroup, Inc.",Healthcare,Medical Instruments & Supplies
ATRC,"AtriCure, Inc.",Healthcare,Medical Instruments & Supplies
ATRO,Astronics Corporation,Defense,Aerospace & Defense
ATTO,"Attovia Therapeutics, Inc.",Healthcare,Biotechnology
AU,AngloGold Ashanti plc,Materials,Gold
AUB,Atlantic Union Bankshares Corpo,Financials,Banks - Regional
AUGO,Aura Minerals Inc.,Materials,Gold
AUPH,Aurinia Pharmaceuticals Inc,Healthcare,Biotechnology
AUR,"Aurora Innovation, Inc.",Technology,Information Technology Services
AVA,Avista Corporation,Utilities,Utilities - Diversified
AVAH,Aveanna Healthcare Holdings Inc,Healthcare,Medical Care Facilities
AVAV,"AeroVironment, Inc.",Defense,Aerospace & Defense
AVDE,Avantis International Equity ETF,,
AVDV,Avantis International Small Cap Value ETF,,
AVEM,Avantis Emerging Markets Equity ETF,,
AVEX,AEVEX Corp.,Industrials,Aerospace & Defense
AVGO,Broadcom Inc.,Semiconductors,Semiconductors
AVGX,Defiance Daily Target 2X Long A,,
AVL,Direxion Daily AVGO Bull 2X ETF,,
AVLV,Avantis U.S. Large Cap Value ET,,
AVNT,Avient Corporation,Materials,Specialty Chemicals
AVPT,"AvePoint, Inc.",Technology,Software - Infrastructure
AVS,Direxion Daily AVGO Bear 1X ETF,,
AVT,"Avnet, Inc.",Technology,Electronics & Computer Distribution
AVTR,"Avantor, Inc.",Healthcare,Medical Instruments & Supplies
AVUS,Avantis U.S. Equity ETF,,
AVUV,Avantis U.S. Small Cap Value ETF,,
AVY,Avery Dennison Corporation,Consumer Discretionary,Packaging & Containers
AWI,"Armstrong World Industries, Inc.",Industrials,Building Products & Equipment
AWK,"American Water Works Company, Inc.",Utilities,Utilities - Regulated Water
AWR,American States Water Company,Utilities,Utilities - Regulated Water
AX,"Axos Financial, Inc.",Financials,Banks - Regional
AXGN,"AxoGen, Inc.",Healthcare,Medical Devices
AXON,"Axon Enterprise, Inc.",Defense,Aerospace & Defense
AXP,American Express Company,Financials,Credit Services
AXS,AXIS Capital Holdings Limited,Financials,Insurance - Specialty
AXSM,"Axsome Therapeutics, Inc.",Biotech,Biotechnology
AXTA,Axalta Coating Systems Ltd.,Materials,Specialty Chemicals
AXTI,"AXT, Inc.",Semiconductors,Semiconductor Equipment & Materials
AXTX,Tradr 2X Long AXTI Daily ETF,,
AYA,Aya Gold & Silver Inc.,Materials,Silver
AYI,Acuity Inc.,Industrials,Electrical Equipment & Parts
AZN,AstraZeneca PLC,Healthcare,Drug Manufacturers - General
AZO,"AutoZone, Inc.",Consumer Discretionary,Auto Parts
AZTA,"Azenta, Inc.",Healthcare,Medical Instruments & Supplies
AZZ,AZZ Inc.,Industrials,Specialty Business Services
B,Barrick Mining Corporation,Materials,Gold
BA,The Boeing Company,Defense,Aerospace & Defense
BABA,Alibaba Group Holding Limited,Consumer Discretionary,Internet Retail
BAC,Bank of America Corporation,Financials,Banks - Diversified
BAH,Booz Allen Hamilton Holding Corporation,Industrials,Consulting Services
BAI,iShares A.I. Innovation and Tec,,
BALL,Ball Corporation,Consumer Discretionary,Packaging & Containers
BAM,Brookfield Asset Management Ltd.,Financials,Asset Management
BANC,"Banc of California, Inc.",Financials,Banks - Regional
BAND,Bandwidth Inc.,Technology,Software - Infrastructure
BANR,Banner Corporation,Financials,Banks - Regional
BAP,Credicorp Ltd.,Financials,Banks - Regional
BATRK,"Atlanta Braves Holdings, Inc. -",Communication Services,Entertainment
BAX,Baxter International Inc.,Healthcare,Medical Instruments & Supplies
BB,BlackBerry Limited,Technology,Software - Infrastructure
BBAI,"BigBear.ai Holdings, Inc.",Technology,Information Technology Services
BBCA,JPMorgan BetaBuilders Canada ET,,
BBD,Banco Bradesco Sa,Financials,Banks - Regional
BBEU,JPMorgan BetaBuilders Europe ET,,
BBIO,"BridgeBio Pharma, Inc.",Biotech,Biotechnology
BBJP,JPMorgan BetaBuilders Japan ETF,,
BBNX,"Beta Bionics, Inc.",Healthcare,Medical Devices
BBT,Beacon Financial Corporation,Financials,Banks - Regional
BBUS,JPMorgan BetaBuilders U.S. Equi,,
BBVA,Banco Bilbao Vizcaya Argentaria,Financials,Banks - Diversified
BBWI,"Bath & Body Works, Inc.",Consumer Discretionary,Specialty Retail
BBY,"Best Buy Co., Inc.",Consumer Discretionary,Specialty Retail
BC,Brunswick Corporation,Consumer Discretionary,Recreational Vehicles
BCAX,Bicara Therapeutics Inc.,Healthcare,Biotechnology
BCC,"Boise Cascade, L.L.C.",Materials,Lumber & Wood Production
BCE,BCE Inc.,Communication Services,Telecom Services
BCI,abrdn Bloomberg All Commodity S,,
BCO,Brinks Company (The),Industrials,Security & Protection Services
BCPC,Balchem Corporation,Materials,Specialty Chemicals
BCRX,"BioCryst Pharmaceuticals, Inc.",Healthcare,Drug Manufacturers - Specialty & Generic
BCS,Barclays PLC,Financials,Banks - Diversified
BDC,Belden Inc,Technology,Communication Equipment
BDX,"Becton, Dickinson and Company",Healthcare,Medical Instruments & Supplies
BE,Bloom Energy Corporation,Industrials,Electrical Equipment & Parts
BEAM,Beam Therapeutics Inc.,Biotech,Biotechnology
BEKE,KE Holdings Inc,Real Estate,Real Estate Services
BELFA,Bel Fuse Inc.,Technology,Electronic Components
BELFB,Bel Fuse Inc.,Technology,Electronic Components
BEN,"Franklin Resources, Inc.",Financials,Asset Management
BEP,Brookfield Renewable Partners L,Utilities,Utilities - Renewable
BEPC,Brookfield Renewable Corporatio,Utilities,Utilities - Renewable
BETA,"Beta Technologies, Inc.",Industrials,Aerospace & Defense
BEX,Tradr 2X Long BE Daily ETF,,
BEZ,Tradr 2X Short BE Daily ETF,,
BF-B,Brown-Forman Corporation,Consumer Staples,Beverages - Wineries & Distilleries
BFAM,,Consumer Discretionary,
BFH,"Bread Financial Holdings, Inc.",Financials,Credit Services
BFLY,"Butterfly Network, Inc.",Healthcare,Medical Devices
BG,Bunge Global SA,Consumer Staples,Farm Products
BGC,"BGC Group, Inc.",Financials,Capital Markets
BH,Biglari Holdings Inc.,Consumer Discretionary,Restaurants
BH-A,Biglari Holdings Inc.,Consumer Discretionary,Restaurants
BHC,Bausch Health Companies Inc.,Healthcare,Drug Manufacturers - Specialty & Generic
BHE,"Benchmark Electronics, Inc.",Technology,Electronic Components
BHF,"Brighthouse Financial, Inc.",Financials,Insurance—Life
BHP,BHP Group Limited,Materials,Other Industrial Metals & Mining
BHVN,Biohaven Ltd.,Healthcare,Biotechnology
BHYB,Xtrackers USD High Yield BB-B e,,
BIDU,"Baidu, Inc.",Communication Services,Internet Content & Information
BIIB,Biogen Inc.,Healthcare,Drug Manufacturers - General
BIL,State Street SPDR Bloomberg 1-3 Month T-Bill ETF,,
BILI,Bilibili Inc.,Communication Services,Internet Content & Information
BILL,"BILL Holdings, Inc.",Technology,Software - Application
BILS,State Street SPDR Bloomberg 3-1,,
BILZ,PIMCO Ultra Short Government Ac,,
BINC,iShares Flexible Income Active ETF,,
BIO,"Bio-Rad Laboratories, Inc.",Healthcare,Medical Devices
BIOA,"BioAge Labs, Inc.",Healthcare,Drug Manufacturers - Specialty & Generic
BIP,Brookfield Infrastructure Partn,Utilities,Utilities - Diversified
BIPC,Brookfield Infrastructure Corpo,Utilities,Utilities - Regulated Gas
BIRK,Birkenstock Holding plc,Consumer Discretionary,Footwear & Accessories
BITB,Bitwise Bitcoin ETF,Crypto,
BITI,ProShares Short Bitcoin ETF,,
BITO,ProShares Bitcoin ETF,Crypto,
BITU,ProShares Ultra Bitcoin ETF,Crypto,
BITX,2x Bitcoin Strategy ETF,Crypto,
BIV,Vanguard Intermediate-Term Bond ETF,,
BIYA,Baiya International Group Inc.,Technology,Software - Application
BIZD,VanEck BDC Income ETF,,
BJ,"BJ's Wholesale Club Holdings, Inc.",Consumer Staples,Discount Stores
BJRI,"BJ's Restaurants, Inc.",Consumer Discretionary,Restaurants
BKD,Brookdale Senior Living Inc.,Healthcare,Medical Care Facilities
BKE,"Buckle, Inc. (The)",Consumer Discretionary,Apparel Retail
BKGI,BNY Mellon Global Infrastructur,,
BKH,Black Hills Corporation,Energy,Utilities - Regulated Gas
BKLC,BNY Mellon US Large Cap Core Eq,,
BKLN,Invesco Senior Loan ETF,,
BKNG,Booking Holdings Inc.,Consumer Discretionary,Travel Services
BKR,Baker Hughes Company,Energy,Oil & Gas Equipment & Services
BKSY,BlackSky Technology Inc.,Industrials,Specialty Business Services
BKU,"BankUnited, Inc.",Financials,Banks - Regional
BKV,BKV Corporation,Energy,Oil & Gas E&P
BL,"BlackLine, Inc.",Technology,Software - Application
BLBD,Blue Bird Corporation,Industrials,Farm & Heavy Construction Machinery
BLCR,iShares Large Cap Core Active E,,
BLDP,"Ballard Power Systems, Inc.",Industrials,Electrical Equipment & Parts
BLDR,"Builders FirstSource, Inc.",Industrials,Building Products & Equipment
BLFS,"BioLife Solutions, Inc.",Healthcare,Medical Instruments & Supplies
BLK,"BlackRock, Inc.",Financials,Asset Management
BLKB,"Blackbaud, Inc.",Technology,Software - Application
BLLN,"BillionToOne, Inc.",Healthcare,Diagnostics & Research
BLMN,"Bloomin' Brands, Inc.",Consumer Discretionary,Restaurants
BLSH,Bullish,Technology,Software - Infrastructure
BLTE,"Belite Bio, Inc",Healthcare,Biotechnology
BLV,Vanguard Long-Term Bond ETF,,
BLZE,"Backblaze, Inc.",Technology,Software - Infrastructure
BMA,Banco Macro S.A.,Financials,Banks - Regional
BMI,"Badger Meter, Inc.",Technology,Scientific & Technical Instruments
BMNR,"Bitmine Immersion Technologies, Inc.",Financials,Capital Markets
BMNU,T-REX 2X Long BMNR Daily Target ETF,,
BMNZ,Defiance Daily Target 2X Short BMNR ETF,,
BMO,Bank of Montreal,Financials,Banks - Diversified
BMRN,BioMarin Pharmaceutical Inc.,Biotech,Biotechnology
BMY,Bristol-Myers Squibb Company,Healthcare,Drug Manufacturers - General
BN,Brookfield Corporation,Financials,Asset Management
BNAI,"Brand Engagement Network, Inc.",Technology,Software - Infrastructure
BND,Vanguard Total Bond Market ETF,,
BNDX,Vanguard Total International Bond ETF,,
BNL,"Broadstone Net Lease, Inc.",Real Estate,REIT - Diversified
BNO,"United States Brent Oil Fund, L",,
BNS,,Financials,
BNTX,BioNTech SE,Healthcare,Biotechnology
BNY,The Bank of New York Mellon Cor,Financials,Banks - Diversified
BOBS,"Bob's Discount Furniture, Inc.",Consumer Discretionary,Specialty Retail
BOH,Bank of Hawaii Corporation,Financials,Banks - Regional
BOIL,ProShares Ultra Bloomberg Natural Gas,Energy,
BOKF,BOK Financial Corporation,Financials,Banks - Regional
BOND,PIMCO Active Bond Exchange-Trad,,
BOOT,"Boot Barn Holdings, Inc.",Consumer Discretionary,Apparel Retail
BORR,Borr Drilling Limited,Energy,Oil & Gas Drilling
BOTZ,Global X Robotics & Artificial ,,
BOX,"Box, Inc.",Technology,Software - Infrastructure
BOXL,Boxlight Corporation,Technology,Consumer Electronics
BOXX,Alpha Architect 1-3 Month Box ETF,,
BP,BP p.l.c.,Energy,Oil & Gas Integrated
BPOP,"Popular, Inc.",Financials,Banks - Regional
BR,"Broadridge Financial Solutions, Inc.",Technology,Information Technology Services
BRBR,"BellRing Brands, Inc.",Consumer Staples,Packaged Foods
BRC,Brady Corporation,Industrials,Security & Protection Services
BRK-A,Berkshire Hathaway Inc.,Financials,Insurance - Diversified
BRK-B,Berkshire Hathaway Inc.,Financials,Insurance - Diversified
BRKR,Bruker Corporation,Healthcare,Medical Devices
BRO,"Brown & Brown, Inc.",Financials,Insurance Brokers
BROS,Dutch Bros Inc.,Consumer Discretionary,Restaurants
BRSL,Brightstar Lottery PLC Trading ,Consumer Discretionary,Gambling
BRUN,Boost Run Inc.,Technology,Software - Infrastructure
BRVE,"Braveheart Bio, Inc.",Healthcare,Biotechnology
BRX,Brixmor Property Group Inc.,Real Estate,REIT - Retail
BRZE,"Braze, Inc.",Technology,Software - Application
BSBR,Banco Santander Brasil SA,Financials,Banks - Regional
BSCQ,Invesco BulletShares 2026 Corpo,,
BSCS,Invesco BulletShares 2028 Corpo,,
BSOL,Bitwise Solana Staking ETF,,
BSP,Bending Spoons S.p.A.,Technology,Software - Application
BSV,Vanguard Short-Term Bond ETF,,
BSX,Boston Scientific Corporation,Healthcare,Medical Devices
BSY,"Bentley Systems, Incorporated",Technology,Software - Application
BTBT,"Bit Digital, Inc.",Financials,Capital Markets
BTC,Grayscale Bitcoin Mini Trust (BTC),Crypto,
BTCZ,T-Rex 2X Inverse Bitcoin Daily Target ETF,Crypto,
BTDR,Bitdeer Technologies Group,Technology,Software - Application
BTE,Baytex Energy Corp.,Energy,Oil & Gas E&P
BTG,B2Gold Corp.,Materials,Gold
BTGO,,Financials,
BTI,British American Tobacco p.l.c.,Consumer Staples,Tobacco
BTSG,"BrightSpring Health Services, I",Healthcare,Health Information Services
BTU,Peabody Energy Corporation,Energy,Thermal Coal
BUD,Anheuser-Busch InBev SA/NV,Consumer Staples,Beverages - Brewers
BUFR,FT Vest Laddered Buffer ETF,,
BUG,Global X Cybersecurity ETF,,
BULL,Webull Corporation,Technology,Software - Application
BULZ,MicroSectors FANG & Innovation 3x Leveraged ETN,,
BURL,"Burlington Stores, Inc.",Consumer Discretionary,Apparel Retail
BUSE,First Busey Corporation,Financials,Banks - Regional
BV,"BrightView Holdings, Inc.",Industrials,Specialty Business Services
BVN,Compa??a de Minas Buenaventura S.A.A.,Materials,Other Precious Metals & Mining
BW,"Babcock & Wilcox Enterprises, I",Industrials,Specialty Industrial Machinery
BWA,BorgWarner Inc.,Consumer Discretionary,Auto Parts
BWET,Breakwave Tanker Shipping ETF,,
BWIN,"The Baldwin Insurance Group, In",Financials,Insurance Brokers
BWMN,Bowman Consulting Group Ltd.,Industrials,Engineering & Construction
BWXT,"BWX Technologies, Inc.",Defense,Aerospace & Defense
BX,Blackstone Inc.,Financials,Asset Management
BXDC,Blackstone Digital Infrastructu,Real Estate,REIT - Specialty
BXMT,"Blackstone Mortgage Trust, Inc.",Real Estate,REIT - Mortgage
BXP,"BXP, Inc.",Real Estate,REIT - Office
BXSL,Blackstone Secured Lending Fund,Financials,Asset Management
BYD,Boyd Gaming Corporation,Consumer Discretionary,Resorts & Casinos
BYND,"Beyond Meat, Inc.",Consumer Staples,Packaged Foods
BZ,Kanzhun Limited,Communication Services,Internet Content & Information
BZH,"Beazer Homes USA, Inc.",Consumer Discretionary,Residential Construction
C,Citigroup Inc.,Financials,Banks - Diversified
CACC,Credit Acceptance Corporation,Financials,Credit Services
CACI,CACI International Inc,Technology,Information Technology Services
CAE,CAE Inc,Industrials,Aerospace & Defense
CAG,"Conagra Brands, Inc.",Consumer Staples,Packaged Foods
CAH,"Cardinal Health, Inc.",Healthcare,Medical Distribution
CAI,"Caris Life Sciences, Inc.",Biotech,Biotechnology
CAIE,Calamos Autocallable Income ETF,,
CAKE,The Cheesecake Factory Incorporated,Consumer Discretionary,Restaurants
CALF,Pacer US Small Cap Cash Cows ETF,,
CALM,"Cal-Maine Foods, Inc.",Consumer Staples,Farm Products
CALX,"Calix, Inc",Technology,Software - Infrastructure
CALY,Callaway Golf Company,Consumer Discretionary,Leisure
CAMT,Camtek Ltd.,Semiconductors,Semiconductor Equipment & Materials
CAPR,"Capricor Therapeutics, Inc.",Healthcare,Biotechnology
CAR,"Avis Budget Group, Inc.",Industrials,Rental & Leasing Services
CARG,"CarGurus, Inc.",Consumer Discretionary,Auto & Truck Dealerships
CARR,Carrier Global Corporation,Industrials,Building Products & Equipment
CART,Maplebear Inc.,Consumer Discretionary,Internet Retail
CASH,"Pathward Financial, Inc.",Financials,Banks - Regional
CASY,"Casey's General Stores, Inc.",Consumer Discretionary,Specialty Retail
CAT,Caterpillar Inc.,Industrials,Farm & Heavy Construction Machinery
CATY,Cathay General Bancorp,Financials,Banks - Regional
CAVA,"CAVA Group, Inc.",Consumer Discretionary,Restaurants
CB,Chubb Limited,Financials,Insurance - Property & Casualty
CBC,"Central Bancompany, Inc.",Financials,Banks - Regional
CBOE,,Financials,
CBRE,"CBRE Group, Inc.",Real Estate,Real Estate Services
CBRG,Leverage Shares 2X Long CBRS Da,,
CBRL,"Cracker Barrel Old Country Store, Inc.",Consumer Discretionary,Restaurants
CBRS,Cerebras Systems Inc.,Technology,Semiconductors
CBSH,"Commerce Bancshares, Inc.",Financials,Banks - Regional
CBT,Cabot Corporation,Materials,Specialty Chemicals
CBU,"Community Financial System, Inc",Financials,Banks - Regional
CBZ,"CBIZ, Inc.",Industrials,Specialty Business Services
CC,Chemours Company (The),Materials,Specialty Chemicals
CCB,Coastal Financial Corporation,Financials,Banks - Regional
CCC,CCC Intelligent Solutions Holdings Inc.,Technology,Software - Application
CCEP,Coca-Cola Europacific Partners PLC,Consumer Staples,Beverages - Non-Alcoholic
CCI,Crown Castle Inc.,Real Estate,REIT - Specialty
CCJ,Cameco Corporation,Energy,Uranium
CCK,"Crown Holdings, Inc.",Consumer Discretionary,Packaging & Containers
CCL,Carnival Corporation & plc,Consumer Discretionary,Travel Services
CCO,"Clear Channel Outdoor Holdings,",Communication Services,Advertising Agencies
CCOI,"Cogent Communications Holdings,",Communication Services,Telecom Services
CCS,"Century Communities, Inc.",Real Estate,Real Estate - Development
CCXI,Churchill Capital Corp XI,Financials,Shell Companies
CDE,"Coeur Mining, Inc.",Materials,Gold
CDNA,"CareDx, Inc.",Healthcare,Diagnostics & Research
CDNL,Cardinal Infrastructure Group I,Industrials,Engineering & Construction
CDNS,"Cadence Design Systems, Inc.",Technology,Software - Application
CDP,COPT Defense Properties,Real Estate,REIT - Office
CDW,CDW Corporation,Technology,Information Technology Services
CE,Celanese Corporation,Materials,Chemicals
CECO,CECO Environmental Corp.,Industrials,Pollution & Treatment Controls
CEF,Sprott Physical Gold and Silver Trust Units,Materials,
CEG,Constellation Energy Corporation,Utilities,Utilities - Independent Power Producers
CELC,Celcuity Inc.,Biotech,Biotechnology
CELH,"Celsius Holdings, Inc.",Consumer Staples,Beverages - Non-Alcoholic
CELZ,Creative Medical Technology Hol,Healthcare,Biotechnology
CENX,Century Aluminum Company,Materials,Aluminum
CERT,"Certara, Inc.",Healthcare,Health Information Services
CEVA,"CEVA, Inc.",Technology,Semiconductors
CF,"CF Industries Holdings, Inc.",Materials,Agricultural Inputs
CFG,"Citizens Financial Group, Inc.",Financials,Banks - Regional
CFR,"Cullen/Frost Bankers, Inc.",Financials,Banks - Regional
CG,The Carlyle Group Inc.,Financials,Asset Management
CGAU,Centerra Gold Inc.,Materials,Gold
CGBL,Capital Group Core Balanced ETF,,
CGCB,Capital Group Core Bond ETF,,
CGCP,Capital Group Core Plus Income ,,
CGDG,Capital Group Dividend Growers ,,
CGDV,Capital Group Dividend Value ETF,,
CGGE,Capital Group Global Equity ETF,,
CGGO,Capital Group Global Growth Equ,,
CGGR,Capital Group Growth ETF,,
CGIC,Capital Group International Cor,,
CGMM,Capital Group U.S. Small and Mi,,
CGMS,Capital Group U.S. Multi-Sector,,
CGMU,Capital Group Municipal Income ,,
CGNG,Capital Group New Geography Equ,,
CGNX,Cognex Corporation,Technology,Scientific & Technical Instruments
CGON,"CG Oncology, Inc.",Biotech,Biotechnology
CGUS,Capital Group Core Equity ETF,,
CGXU,Capital Group International Foc,,
CHAT,Roundhill Generative AI & Techn,,
CHCO,City Holding Company,Financials,Banks - Regional
CHD,"Church & Dwight Co., Inc.",Consumer Staples,Household & Personal Products
CHDN,Churchill Downs Incorporated,Consumer Discretionary,Gambling
CHE,Chemed Corporation,Healthcare,Medical Care Facilities
CHEF,"The Chefs' Warehouse, Inc.",Consumer Staples,Food Distribution
CHH,"Choice Hotels International, Inc.",Consumer Discretionary,Lodging
CHKP,Check Point Software Technologies Ltd.,Technology,Software - Infrastructure
CHPY,YieldMax Semiconductor Portfoli,,
CHRD,Chord Energy Corporation,Energy,Oil & Gas E&P
CHRW,"C.H. Robinson Worldwide, Inc.",Logistics,Integrated Freight & Logistics
CHTR,"Charter Communications, Inc.",Communication Services,Telecom Services
CHWY,"Chewy, Inc.",Consumer Discretionary,Internet Retail
CHYM,"Chime Financial, Inc.",Technology,Software - Application
CI,The Cigna Group,Healthcare,Healthcare Plans
CIB,Grupo Cibest S.A.,Financials,Banks - Regional
CIBR,First Trust NASDAQ Cybersecurity ETF,,
CIEN,Ciena Corporation,Technology,Communication Equipment
CIFR,Cipher Mining Inc.,Materials,Capital Markets
CIGI,Colliers International Group In,Real Estate,Real Estate Services
CINF,Cincinnati Financial Corporation,Financials,Insurance - Property & Casualty
CL,Colgate-Palmolive Company,Consumer Staples,Household & Personal Products
CLBK,"Columbia Financial, Inc.",Financials,Banks - Regional
CLBT,Cellebrite DI Ltd.,Technology,Software - Infrastructure
CLDX,"Celldex Therapeutics, Inc.",Healthcare,Biotechnology
CLF,Cleveland-Cliffs Inc.,Materials,Steel
CLH,"Clean Harbors, Inc.",Industrials,Waste Management
CLIP,Global X 1-3 Month T-Bill ETF,,
CLM,Cornerstone Strategic Value Fd,Financials,Asset Management
CLMT,"Calumet, Inc",Materials,Specialty Chemicals
CLOA,iShares AAA CLO Active ETF,,
CLOU,Global X Cloud Computing ETF,,
CLOV,"Clover Health Investments, Corp",Healthcare,Healthcare Plans
CLRO,"ClearOne, Inc.",Technology,Communication Equipment
CLS,Celestica Inc.,Technology,Electronic Components
CLSK,"CleanSpark, Inc.",Financials,Capital Markets
CLX,The Clorox Company,Consumer Staples,Household & Personal Products
CLYM,"Climb Bio, Inc.",Healthcare,Biotechnology
CM,Canadian Imperial Bank of Commerce,Financials,Banks - Diversified
CMC,Commercial Metals Company,Materials,Steel
CMCSA,Comcast Corporation,Communication Services,Telecom Services
CME,CME Group Inc.,Financials,Financial Data & Stock Exchanges
CMF,iShares California Muni Bond ET,,
CMG,"Chipotle Mexican Grill, Inc.",Semiconductors,Restaurants
CMI,Cummins Inc.,Industrials,Specialty Industrial Machinery
CMPR,Cimpress PLC,Industrials,Specialty Business Services
CMPS,COMPASS Pathways Plc - American,Healthcare,Medical Care Facilities
CMS,CMS Energy Corporation,Utilities,Utilities - Regulated Electric
CNA,CNA Financial Corporation,Financials,Insurance - Property & Casualty
CNC,Centene Corporation,Healthcare,Healthcare Plans
CNH,CNH Industrial N.V.,Industrials,Farm & Heavy Construction Machinery
CNI,Canadian National Railway Company,Industrials,Railroads
CNK,"Cinemark Holdings, Inc.",Communication Services,Entertainment
CNM,"Core & Main, Inc.",Industrials,Industrial Distribution
CNMD,CONMED Corporation,Healthcare,Medical Devices
CNO,"CNO Financial Group, Inc.",Financials,Insurance - Life
CNP,"CenterPoint Energy, Inc.",Utilities,Utilities - Regulated Electric
CNQ,Canadian Natural Resources Limited,Energy,Oil & Gas E&P
CNR,"Core Natural Resources, Inc.",Energy,Thermal Coal
CNS,Cohen & Steers Inc,Financials,Asset Management
CNX,CNX Resources Corporation,Energy,Oil & Gas E&P
CNXC,Concentrix Corporation,Technology,Information Technology Services
COAG,"Hemab Therapeutics Holdings, In",Healthcare,Biotechnology
COCO,"The Vita Coco Company, Inc.",Consumer Staples,Beverages - Non-Alcoholic
COF,Capital One Financial Corporation,Financials,Credit Services
COGT,"Cogent Biosciences, Inc.",Biotech,Biotechnology
COHR,Coherent Corp.,Technology,Scientific & Technical Instruments
COHU,"Cohu, Inc.",Technology,Semiconductor Equipment & Materials
COHX,Tradr 2X Long COHR Daily ETF,,
COIN,"Coinbase Global, Inc.",Financials,Financial Data & Stock Exchanges
COKE,"Coca-Cola Consolidated, Inc.",Consumer Staples,Beverages - Non-Alcoholic
COLB,"Columbia Banking System, Inc.",Financials,Banks - Regional
COLD,,Real Estate,
COLL,"Collegium Pharmaceutical, Inc.",Healthcare,Drug Manufacturers - Specialty & Generic
COLM,Columbia Sportswear Company,Consumer Discretionary,Apparel Manufacturing
COMP,"Compass, Inc.",Real Estate,Real Estate Services
CON,Concentra Group Holdings Parent,Healthcare,Medical Care Facilities
CONL,GraniteShares 2x Long COIN Daily ETF,,
COO,"The Cooper Companies, Inc.",Healthcare,Medical Instruments & Supplies
COP,ConocoPhillips,Energy,Oil & Gas E&P
COPX,Global X Copper Miners ETF,Materials,
COR,"Cencora, Inc.",Healthcare,Medical Distribution
CORD,T-REX 2X Inverse CRWV Daily Tar,,
CORO,iShares International Country R,,
CORT,Corcept Therapeutics Incorporated,Biotech,Biotechnology
CORZ,"Core Scientific, Inc.",Technology,Software - Infrastructure
COST,Costco Wholesale Corporation,Consumer Staples,Discount Stores
COTY,Coty Inc.,Consumer Staples,Household & Personal Products
COUR,"Coursera, Inc.",Consumer Staples,Education & Training Services
COWZ,Pacer US Cash Cows 100 ETF,,
CP,Canadian Pacific Kansas City Limited,Industrials,Railroads
CPA,"Copa Holdings, S.A.",Industrials,Airlines
CPAY,"Corpay, Inc.",Technology,Software - Infrastructure
CPB,The Campbell's Company,Consumer Staples,Packaged Foods
CPER,United States Copper Index Fund ETV,Materials,
CPHI,"China Pharma Holdings, Inc.",Healthcare,Drug Manufacturers - Specialty & Generic
CPK,Chesapeake Utilities Corporatio,Utilities,Utilities - Regulated Gas
CPNG,"Coupang, Inc.",Consumer Discretionary,Internet Retail
CPRI,Capri Holdings Limited,Consumer Discretionary,Luxury Goods
CPRT,"Copart, Inc.",Industrials,Specialty Business Services
CPT,,Real Estate,
CQQQ,Invesco China Technology ETF,,
CR,Crane Company,Industrials,Specialty Industrial Machinery
CRAI,"CRA International,Inc.",Industrials,Consulting Services
CRAK,VanEck Oil Refiners ETF,,
CRBG,"Corebridge Financial, Inc.",Financials,Asset Management
CRC,California Resources Corporatio,Energy,Oil & Gas E&P
CRCG,Leverage Shares 2X Long CRCL Da,,
CRCL,Circle Internet Group,Financials,Capital Markets
CRDO,Credo Technology Group Holding Ltd,Semiconductors,Semiconductors
CRDU,Tradr 2X Long CRDO Daily ETF,,
CRGY,Crescent Energy Company,Energy,Oil & Gas E&P
CRH,CRH plc,Materials,Building Materials
CRI,"Carter's, Inc.",Consumer Discretionary,Apparel Retail
CRK,"Comstock Resources, Inc.",Energy,Oil & Gas E&P
CRL,"Charles River Laboratories International, Inc.",Healthcare,Diagnostics & Research
CRM,"Salesforce, Inc.",Technology,Software - Application
CRMG,Leverage Shares 2X Long CRM Dai,,
CRML,Critical Metals Corp.,Materials,Other Industrial Metals & Mining
CRNX,"Crinetics Pharmaceuticals, Inc.",Biotech,Biotechnology
CROX,"Crocs, Inc.",Consumer Discretionary,Footwear & Accessories
CRS,Carpenter Technology Corporation,Industrials,Metal Fabrication
CRSP,CRISPR Therapeutics AG,Biotech,Biotechnology
CRSR,"Corsair Gaming, Inc.",Technology,Computer Hardware
CRUS,"Cirrus Logic, Inc.",Semiconductors,Semiconductors
CRVS,"Corvus Pharmaceuticals, Inc.",Biotech,Biotechnology
CRWD,"CrowdStrike Holdings, Inc.",Technology,Software - Infrastructure
CRWG,Leverage Shares 2X Long CRWV Daily ETF,,
CRWU,T-REX 2X Long CRWV Daily Target,,
CRWV,"CoreWeave, Inc.",Technology,Software - Infrastructure
CSCO,"Cisco Systems, Inc.",Technology,Communication Equipment
CSGP,"CoStar Group, Inc.",Real Estate,Real Estate Services
CSHI,NEOS Enhanced Income 1-3 Month ,,
CSIQ,Canadian Solar Inc.,Energy Transition,Solar
CSL,Carlisle Companies Incorporated,Industrials,Building Products & Equipment
CSQR,"Csquare, Inc.",Technology,Information Technology Services
CSTM,Constellium SE,Materials,Aluminum
CSW,"CSW Industrials, Inc.",Industrials,Specialty Industrial Machinery
CSWC,Capital Southwest Corporation,Financials,Asset Management
CSX,CSX Corporation,Industrials,Railroads
CTAS,Cintas Corporation,Industrials,Specialty Business Services
CTRE,,Real Estate,
CTRI,"Centuri Holdings, Inc.",Utilities,Utilities - Regulated Gas
CTSH,Cognizant Technology Solutions Corporation,Technology,Information Technology Services
CTVA,"Corteva, Inc.",Materials,Agricultural Inputs
CUBE,CubeSmart,Real Estate,REIT - Industrial
CUBI,"Customers Bancorp, Inc",Financials,Banks - Regional
CURB,Curbline Properties Corp.,Real Estate,REIT - Retail
CUZ,Cousins Properties Incorporated,Real Estate,REIT - Office
CVBF,CVB Financial Corporation,Financials,Banks - Regional
CVCO,"Cavco Industries, Inc.",Consumer Discretionary,Residential Construction
CVE,Cenovus Energy Inc.,Energy,Oil & Gas Integrated
CVI,CVR Energy Inc.,Energy,Oil & Gas Refining & Marketing
CVLT,"Commvault Systems, Inc.",Technology,Software - Application
CVNA,Carvana Co.,Consumer Discretionary,Auto & Truck Dealerships
CVS,CVS Health Corporation,Healthcare,Healthcare Plans
CVSA,Covista Inc.,Consumer Staples,Education & Training Services
CVX,Chevron Corporation,Energy,Oil & Gas Integrated
CW,,Industrials,
CWB,State Street SPDR Bloomberg Convertible Securities ETF,,
CWEN,"Clearway Energy, Inc.",Utilities,Utilities - Renewable
CWK,Cushman & Wakefield Ltd.,Real Estate,Real Estate Services
CWST,"Casella Waste Systems, Inc.",Industrials,Waste Management
CWT,California Water Service Group,Utilities,Utilities - Regulated Water
CWVX,Tradr 2X Long CRWV Daily ETF,,
CX,"CEMEX, S.A.B. de C.V.",Materials,Building Materials
CXM,"Sprinklr, Inc.",Technology,Software - Application
CXT,"Crane NXT, Co.",Industrials,Specialty Industrial Machinery
CXW,"CoreCivic, Inc.",Industrials,Security & Protection Services
CYCU,"Cycurion, Inc.",Technology,Information Technology Services
CYTK,"Cytokinetics, Incorporated",Biotech,Biotechnology
CZR,"Caesars Entertainment, Inc.",Consumer Discretionary,Resorts & Casinos
D,"Dominion Energy, Inc.",Utilities,Utilities - Regulated Electric
DAC,Danaos Corporation,Industrials,Marine Shipping
DAL,"Delta Air Lines, Inc.",Industrials,Airlines
DAMD,Defiance Daily Target 2X Short ,,
DAN,Dana Incorporated,Consumer Discretionary,Auto Parts
DAR,Darling Ingredients Inc.,Consumer Staples,Packaged Foods
DASH,"DoorDash, Inc.",Consumer Discretionary,Internet Retail
DAVE,Dave Inc.,Technology,Software - Application
DB,Deutsche Bank Aktiengesellschaft,Financials,Banks - Regional
DBA,Invesco DB Agriculture Fund,,
DBC,Invesco DB Commodity Index Trac,,
DBD,Diebold Nixdorf Incorporated,Technology,Software - Application
DBEF,Xtrackers MSCI EAFE Hedged Equi,,
DBMF,iMGP DBi Managed Futures Strate,,
DBRG,"DigitalBridge Group, Inc.",Financials,Asset Management
DBX,"Dropbox, Inc.",Technology,Software - Infrastructure
DCH,Dauch Corporation,Consumer Discretionary,Auto Parts
DCI,"Donaldson Company, Inc.",Industrials,Specialty Industrial Machinery
DCO,Ducommun Incorporated,Industrials,Aerospace & Defense
DD,"DuPont de Nemours, Inc.",Materials,Specialty Chemicals
DDOG,"Datadog, Inc.",Technology,Software - Application
DDS,"Dillard's, Inc.",Consumer Discretionary,Department Stores
DE,Deere & Company,Industrials,Farm & Heavy Construction Machinery
DECK,Deckers Outdoor Corporation,Consumer Discretionary,Footwear & Accessories
DEI,"Douglas Emmett, Inc.",Real Estate,REIT - Office
DELL,Dell Technologies Inc.,Technology,Computer Hardware
DEM,WisdomTree Emerging Markets Hig,,
DEO,Diageo plc,Consumer Staples,Beverages - Wineries & Distilleries
DFAC,Dimensional U.S. Core Equity 2 ETF,,
DFAE,Dimensional Emerging Core Equit,,
DFAI,Dimensional International Core Equity Market ETF,,
DFAR,Dimensional US Real Estate ETF,,
DFAS,Dimensional U.S. Small Cap ETF,,
DFAT,Dimensional U.S. Targeted Value,,
DFAU,Dimensional US Core Equity Mark,,
DFAX,Dimensional World ex U.S. Core ,,
DFCF,Dimensional Core Fixed Income E,,
DFEM,Dimensional Emerging Markets Co,,
DFGP,Dimensional Global Core Plus Fi,,
DFIC,Dimensional International Core ,,
DFIS,Dimensional International Small,,
DFIV,Dimensional International Value ETF,,
DFLV,Dimensional US Large Cap Value ,,
DFNS,T3 Defense Inc.,Industrials,Aerospace & Defense
DFSC,DEFSEC Technologies Inc.,Industrials,Aerospace & Defense
DFSD,Dimensional Short-Duration Fixe,,
DFSV,Dimensional US Small Cap Value ,,
DFTX,"Definium Therapeutics, Inc.",Healthcare,Biotechnology
DFUS,Dimensional U.S. Equity Market ,,
DFUV,Dimensional US Marketwide Value,,
DG,Dollar General Corporation,Consumer Staples,Discount Stores
DGII,Digi International Inc.,Technology,Communication Equipment
DGP,DB Gold Double Long ETN due Feb,,
DGRO,iShares Core Dividend Growth ETF,,
DGRW,WisdomTree U.S. Quality Dividend Growth Fund,,
DGX,Quest Diagnostics Incorporated,Healthcare,Diagnostics & Research
DHC,Diversified Healthcare Trust,Real Estate,REIT - Healthcare Facilities
DHI,"D.R. Horton, Inc.",Consumer Discretionary,Residential Construction
DHR,Danaher Corporation,Healthcare,Diagnostics & Research
DHT,"DHT Holdings, Inc.",Energy,Oil & Gas Midstream
DIA,SPDR Dow Jones Industrial Average ETF,,
DIHP,Dimensional International High ,,
DINO,HF Sinclair Corporation,Energy,Oil & Gas Refining & Marketing
DIOD,Diodes Incorporated,Technology,Semiconductors
DIS,The Walt Disney Company,Communication Services,Entertainment
DIVB,iShares Core Dividend ETF,,
DIVO,Amplify CWP Enhanced Dividend I,,
DJCO,Daily Journal Corporation,Technology,Software - Application
DJT,Trump Media & Technology Group Corp.,Communication Services,Internet Content & Information
DK,"Delek US Holdings, Inc.",Energy,Oil & Gas Refining & Marketing
DKNG,DraftKings Inc.,Consumer Discretionary,Gambling
DKS,"DICK'S Sporting Goods, Inc.",Consumer Discretionary,Specialty Retail
DLB,Dolby Laboratories,Industrials,Specialty Business Services
DLLL,GraniteShares 2x Long DELL Dail,,
DLO,DLocal Limited,Technology,Software - Infrastructure
DLR,,Real Estate,
DLTR,"Dollar Tree, Inc.",Consumer Staples,Discount Stores
DNLI,Denali Therapeutics Inc.,Healthcare,Biotechnology
DNN,Denison Mines Corp.,Energy,Uranium
DNOW,DNOW Inc.,Industrials,Industrial Distribution
DNTH,"Dianthus Therapeutics, Inc.",Healthcare,Biotechnology
DOC,"Healthpeak Properties, Inc.",Real Estate,REIT - Healthcare Facilities
DOCN,"DigitalOcean Holdings, Inc.",Technology,Software - Infrastructure
DOCS,"Doximity, Inc.",Healthcare,Health Information Services
DOCU,"DocuSign, Inc.",Technology,Software - Application
DOG,ProShares Short Dow30,,
DOLE,Dole plc,Consumer Staples,Farm Products
DORM,"Dorman Products, Inc.",Consumer Discretionary,Auto Parts
DOV,Dover Corporation,Industrials,Specialty Industrial Machinery
DOW,Dow Inc.,Materials,Chemicals
DOX,Amdocs Limited,Technology,Software - Infrastructure
DPC,DPC Holdings PLC,Industrials,Aerospace & Defense
DPST,Direxion Daily Regional Banks B,,
DPZ,"Domino's Pizza, Inc.",Consumer Discretionary,Restaurants
DRAM,Roundhill Memory ETF,Semiconductors,Memory Semiconductor ETF
DRH,Diamondrock Hospitality Company,Real Estate,REIT - Hotel & Motel
DRI,"Darden Restaurants, Inc.",Consumer Discretionary,Restaurants
DRIP,Direxion Daily S&P Oil & Gas Exp. & Prod. Bear 2X Shares,Energy,
DRS,"Leonardo DRS, Inc.",Industrials,Aerospace & Defense
DSGX,The Descartes Systems Group Inc,Technology,Software - Application
DSI,iShares ESG MSCI KLD 400 ETF,,
DT,"Dynatrace, Inc.",Technology,Software - Application
DTCR,Global X Data Center & Digital Infrastructure ETF,Real Estate,Data Center REIT ETF
DTE,DTE Energy Company,Utilities,Utilities - Regulated Electric
DTM,"DT Midstream, Inc.",Energy,
DUHP,Dimensional US High Profitabili,,
DUK,Duke Energy Corporation,Utilities,
DUKU,Duke Energy Corporation,,
DUOL,"Duolingo, Inc.",Technology,
DUST,Direxion Daily Gold Miners Index Bear 2X Shares,Materials,
DV,"DoubleVerify Holdings, Inc.",Communication Services,Advertising Agencies
DVA,DaVita Inc.,Healthcare,
DVLT,Datavault AI Inc.,Technology,
DVN,Devon Energy Corporation,Energy,
DVY,iShares Select Dividend ETF,,
DX,"Dynex Capital, Inc.",Real Estate,
DXC,DXC Technology Company,Technology,Information Technology Services
DXCM,"DexCom, Inc.",Healthcare,
DXJ,WisdomTree Japan Hedged Equity Fund,,
DXPE,"DXP Enterprises, Inc.",Industrials,Industrial Distribution
DXYZ,Destiny Tech100 Inc.,Financials,Asset Management
DY,"Dycom Industries, Inc.",Industrials,
DYN,"Dyne Therapeutics, Inc.",Healthcare,Biotechnology
DYNF,iShares U.S. Equity Factor Rotation Active ETF,,
E,ENI S.p.A.,Energy,Oil & Gas Integrated
EA,,Communication Services,
EAGG,iShares ESG Aware U.S. Aggregat,,
EAT,"Brinker International, Inc.",Consumer Discretionary,
EBAY,eBay Inc.,Consumer Discretionary,
EBC,"Eastern Bankshares, Inc.",Financials,Banks - Regional
EC,Ecopetrol S.A.,Energy,Oil & Gas Integrated
ECG,"Everus Construction Group, Inc.",Industrials,
ECH,iShares MSCI Chile ETF,,
ECHO,EchoStar Corporation,Communication Services,Telecom Services
ECL,Ecolab Inc.,Materials,
ECO,Okeanis Eco Tankers Corp.,Industrials,Marine Shipping
ECPG,Encore Capital Group Inc,Financials,Credit Services
ED,"Consolidated Edison, Inc.",Utilities,
EDU,New Oriental Education & Techno,Consumer Staples,Education & Training Services
EDV,Vanguard Extended Duration Treasury ETF,,
EEFT,"Euronet Worldwide, Inc.",Technology,Software - Infrastructure
EEM,iShares MSCI Emerging Index Fund,,
EEMV,iShares MSCI Emerging Markets M,,
EFA,iShares MSCI EAFE ETF,,
EFAV,iShares MSCI EAFE Min Vol Facto,,
EFC,Ellington Financial Inc.,Real Estate,REIT - Mortgage
EFG,iShares MSCI EAFE Growth ETF,,
EFOR,"Everforth, Inc.",Technology,Information Technology Services
EFSC,Enterprise Financial Services C,Financials,Banks - Regional
EFV,iShares MSCI EAFE Value ETF,,
EFX,Equifax Inc.,Industrials,
EFXT,Enerflex Ltd,Energy,Oil & Gas Equipment & Services
EG,"Everest Group, Ltd.",Financials,
EGO,Eldorado Gold Corporation,Materials,
EGP,"EastGroup Properties, Inc.",Real Estate,
EHC,Encompass Health Corporation,Healthcare,
EIX,Edison International,Utilities,
EL,The Est?e Lauder Companies Inc.,Consumer Staples,
ELAN,Elanco Animal Health Incorporated,Healthcare,
ELF,"e.l.f. Beauty, Inc.",Consumer Staples,
ELS,"Equity LifeStyle Properties, Inc.",Real Estate,
ELV,"Elevance Health, Inc.",Healthcare,
ELVN,"Enliven Therapeutics, Inc.",Healthcare,Biotechnology
EMA,Emera Incorporated,Utilities,Utilities - Regulated Electric
EMB,iShares J.P. Morgan USD Emerging Markets Bond ETF,,
EMBJ,Embraer S.A.,Industrials,
EME,"EMCOR Group, Inc.",Industrials,
EMGF,iShares Emerging Markets Equity,,
EMLC,VanEck J. P. Morgan EM Local Currency Bond ET,,
EMN,Eastman Chemical Company,Materials,
EMR,Emerson Electric Co.,Industrials,
EMXC,iShares MSCI Emerging Markets ex China ETF,,
ENB,Enbridge Inc.,Energy,
ENLT,Enlight Renewable Energy Ltd.,Utilities,Utilities - Renewable
ENOV,Enovis Corporation,Healthcare,Medical Devices
ENPH,"Enphase Energy, Inc.",Technology,
ENR,"Energizer Holdings, Inc.",Industrials,Electrical Equipment & Parts
ENS,EnerSys,Industrials,
ENSC,"Ensysce Biosciences, Inc.",Healthcare,Biotechnology
ENSG,"The Ensign Group, Inc.",Healthcare,
ENTG,"Entegris, Inc.",Technology,
ENTX,Entera Bio Ltd.,Healthcare,Biotechnology
ENVA,"Enova International, Inc.",Financials,Credit Services
ENVX,Enovix Corporation,Industrials,Electrical Equipment & Parts
EOG,"EOG Resources, Inc.",Energy,
EOSE,"Eos Energy Enterprises, Inc.",Industrials,
EPAM,"EPAM Systems, Inc.",Technology,
EPC,Edgewell Personal Care Company,Consumer Staples,Household & Personal Products
EPD,Enterprise Products Partners L.P.,Energy,
EPOL,iShares MSCI Poland ETF,,
EPP,iShares MSCI Pacific Ex-Japan I,,
EPR,EPR Properties,Real Estate,REIT - Specialty
EPRT,,Real Estate,
EQH,"Equitable Holdings, Inc.",Financials,
EQIX,"Equinix, Inc.",Real Estate,
EQNR,Equinor ASA,Energy,
EQPT,,Industrials,
EQR,Equity Residential,Real Estate,
EQT,EQT Corporation,Energy,
EQX,Equinox Gold Corp.,Materials,
ERAS,"Erasca, Inc.",Healthcare,
ERIC,Ericsson,Technology,Communication Equipment
ERIE,Erie Indemnity Company,Financials,Insurance Brokers
ERO,Ero Copper Corp.,Materials,
EROC,"ERock, Inc.",Industrials,Specialty Industrial Machinery
ERX,Direxion Energy Bull 2X ETF,,
ES,Eversource Energy,Utilities,
ESAB,ESAB Corporation,Industrials,Metal Fabrication
ESE,ESCO Technologies Inc.,Technology,Scientific & Technical Instruments
ESGD,iShares ESG Aware MSCI EAFE ETF,,
ESGE,iShares ESG Aware MSCI EM ETF,,
ESGU,iShares ESG Aware MSCI USA ETF,,
ESGV,Vanguard ESG U.S. Stock ETF,,
ESI,Element Solutions Inc.,Materials,Specialty Chemicals
ESLT,Elbit Systems Ltd.,Industrials,
ESNT,Essent Group Ltd.,Financials,Insurance - Specialty
ESQ,"Esquire Financial Holdings, Inc",Financials,Banks - Regional
ESS,,Real Estate,
ESTA,Establishment Labs Holdings Inc,Healthcare,Medical Devices
ESTC,Elastic N.V.,Technology,
ET,Energy Transfer LP,Energy,Oil & Gas Midstream
ETH,Grayscale Ethereum Staking Mini ETF Shares,Crypto,Ethereum ETF
ETHA,iShares Ethereum Trust ETF,Crypto,Ethereum ETF
ETHE,Grayscale Ethereum Staking ETF Shares,,
ETHT,ProShares Ultra Ether ETF,,
ETHU,2x Ether ETF,,
ETN,Eaton Corporation plc,Industrials,
ETON,"Eton Pharmaceuticals, Inc.",Healthcare,Drug Manufacturers - Specialty & Generic
ETOR,eToro Group Ltd.,Financials,Capital Markets
ETR,Entergy Corporation,Utilities,
ETSY,"Etsy, Inc.",Consumer Discretionary,
EUFN,iShares MSCI Europe Financials ,,
EUV,Corgi Lithography & Semiconduct,,
EVC,Entravision Communications Corp,Communication Services,Advertising Agencies
EVER,"EverQuote, Inc.",Communication Services,Internet Content & Information
EVH,"Evolent Health, Inc",Healthcare,Health Information Services
EVR,Evercore Inc.,Financials,
EVRG,"Evergy, Inc.",Utilities,
EVTR,Eaton Vance Total Return Bond E,,
EVTV,"Envirotech Vehicles, Inc.",Consumer Discretionary,
EW,Edwards Lifesciences Corporation,Healthcare,
EWA,iShares MSCI Australia Index Fund,,
EWBC,"East West Bancorp, Inc.",Financials,
EWC,iShares MSCI Canada Index Fund,,
EWD,iShares MSCI Sweden ETF,,
EWG,iShares MSCI Germany Index Fund,,
EWH,iShares MSCI Hong Kong Index Fund,,
EWI,iShares MSCI Italy ETF,,
EWJ,iShares MSCI Japan Index Fund,,
EWL,iShares MSCI Switzerland ETF,,
EWN,iShares MSCI Netherlands Index ,,
EWP,iShares MSCI Spain ETF,,
EWS,iShares MSCI Singapore ETF,,
EWT,iShares MSCI Taiwan ETF,,
EWTX,"Edgewise Therapeutics, Inc.",Healthcare,Biotechnology
EWU,iShares MSCI United Kingdom ETF,,
EWW,iShares MSCI Mexico ETF,,
EWY,iShares MSCI South Korea ETF,,
EWZ,iShares MSCI Brazil ETF,,
EXC,Exelon Corporation,Utilities,
EXE,Expand Energy Corporation,Energy,
EXEL,"Exelixis, Inc.",Healthcare,
EXK,Endeavour Silver Corp.,Materials,
EXLS,"ExlService Holdings, Inc.",Technology,Information Technology Services
EXP,Eagle Materials Inc.,Materials,
EXPD,"Expeditors International of Washington, Inc.",Industrials,
EXPE,"Expedia Group, Inc.",Consumer Discretionary,
EXPO,"Exponent, Inc.",Industrials,Engineering & Construction
EXR,Extra Space Storage Inc.,Real Estate,
EXTR,"Extreme Networks, Inc.",Technology,Communication Equipment
EYE,"National Vision Holdings, Inc.",Consumer Discretionary,Specialty Retail
EYPT,"EyePoint, Inc.",Healthcare,Biotechnology
EZPW,"EZCORP, Inc.",Financials,Credit Services
EZU,iShares MSCI Eurozone ETF,,
F,Ford Motor Company,Consumer Discretionary,
FA,First Advantage Corporation,Industrials,Specialty Business Services
FAF,First American Financial Corporation,Financials,
FALN,iShares Fallen Angels USD Bond ,,
FANG,"Diamondback Energy, Inc.",Energy,
FAS,Direxion Financial Bull 3X Shares,,
FAST,Fastenal Company,Industrials,
FAZ,Direxion Financial Bear 3X ETF,,
FBCG,Fidelity Blue Chip Growth ETF,,
FBIN,"Fortune Brands Innovations, Inc.",Industrials,
FBK,FB Financial Corporation,Financials,Banks - Regional
FBL,GraniteShares 2x Long META Dail,,
FBND,Fidelity Total Bond ETF,,
FBP,First BanCorp. New,Financials,Banks - Regional
FBRX,"Forte Biosciences, Inc.",Healthcare,Biotechnology
FBT,First Trust Amex Biotech Index Fund,Biotech,
FBTC,Fidelity Wise Origin Bitcoin Fund,Crypto,
FCEL,"FuelCell Energy, Inc.",Industrials,Electrical Equipment & Parts
FCF,First,Financials,Banks - Regional
FCFS,"FirstCash Holdings, Inc.",Financials,Credit Services
FCG,First Trust Natural Gas ETF,,
FCN,"FTI Consulting, Inc.",Industrials,Consulting Services
FCNCA,"First Citizens BancShares, Inc.",Financials,
FCOM,Fidelity MSCI Communication Ser,,
FCPT,"Four Corners Property Trust, In",Real Estate,REIT - Retail
FCUV,Focus Universal Inc.,Technology,Scientific & Technical Instruments
FCX,Freeport-McMoRan Inc.,Materials,
FDL,First Trust Morningstar ETF,,
FDN,First Trust DJ Internet Index Fund,,
FDS,FactSet Research Systems Inc.,Financials,
FDVV,Fidelity High Dividend ETF,,
FDX,FedEx Corporation,Industrials,
FDXF,"FedEx Freight Holding Company, ",Industrials,Integrated Freight & Logistics
FE,FirstEnergy Corp.,Utilities,
FEGE,First Eagle Global Equity ETF,,
FEIM,"Frequency Electronics, Inc.",Technology,Communication Equipment
FELC,Fidelity Enhanced Large Cap Cor,,
FELE,"Franklin Electric Co., Inc.",Industrials,Specialty Industrial Machinery
FELG,Fidelity Enhanced Large Cap Gro,,
FENI,Fidelity Enhanced International ETF,,
FENY,Fidelity MSCI Energy Index ETF,,
FEOE,First Eagle Overseas Equity ETF,,
FER,Ferrovial SE,Industrials,
FERG,Ferguson Enterprises Inc.,Industrials,
FESM,Fidelity Enhanced Small Cap Cor,,
FET,"Forum Energy Technologies, Inc.",Energy,Oil & Gas Equipment & Services
FETH,Fidelity Ethereum Fund,Crypto,Ethereum ETF
FEZ,SPDR DJ Euro STOXX 50 Etf,,
FFBC,First Financial Bancorp.,Financials,Banks - Regional
FFIN,"First Financial Bankshares, Inc",Financials,Banks - Regional
FFIV,"F5, Inc.",Technology,
FG,"F&G Annuities & Life, Inc.",Financials,Insurance - Life
FGI,FGI Industries Ltd.,Consumer Discretionary,"Furnishings, Fixtures & Appliances"
FHB,"First Hawaiian, Inc.",Financials,Banks - Regional
FHI,"Federated Hermes, Inc.",Financials,Asset Management
FHN,First Horizon Corporation,Financials,
FIBK,"First Interstate BancSystem, In",Financials,Banks - Regional
FICO,Fair Isaac Corporation,Technology,
FIG,"Figma, Inc.",Technology,
FIGR,"Figure Technology Solutions, Inc.",Financials,
FIGS,"FIGS, Inc.",Consumer Discretionary,Apparel Manufacturing
FINA,FIDELITY MSCI NORTH AMERICAN SU,,
FIS,"Fidelity National Information Services, Inc.",Technology,
FISV,"Fiserv, Inc.",,
FITB,Fifth Third Bancorp,Financials,
FIVE,"Five Below, Inc.",Consumer Discretionary,
FIVN,"Five9, Inc.",Technology,Software - Infrastructure
FIX,"Comfort Systems USA, Inc.",Industrials,
FLEX,Flex Ltd.,Technology,
FLG,"Flagstar Bank, National Association",Financials,
FLIN,Franklin FTSE India ETF,,
FLJP,Franklin FTSE Japan ETF,,
FLKR,Franklin FTSE South Korea ETF,,
FLMI,Franklin Dynamic Municipal Bond,,
FLNC,"Fluence Energy, Inc.",Utilities,
FLO,"Flowers Foods, Inc.",Consumer Staples,Packaged Foods
FLOT,iShares Floating Rate Bond ETF,,
FLR,Fluor Corporation,Industrials,
FLRN,State Street SPDR Bloomberg Inv,,
FLS,Flowserve Corporation,Industrials,
FLTR,VanEck IG Floating Rate ETF,,
FLTW,Franklin FTSE Taiwan ETF,,
FLUT,Flutter Entertainment plc,Consumer Discretionary,
FLXR,TCW Flexible Income ETF,,
FLY,Firefly Aerospace Inc.,Defense,
FLYW,Flywire Corporation - Voting,Technology,Software - Infrastructure
FMC,FMC Corporation,Materials,
FMDE,Fidelity Enhanced Mid Cap Core ,,
FMS,Fresenius Medical Care AG,Healthcare,Medical Care Facilities
FMX,Fomento Economico Mexicano S.A.,Consumer Staples,Beverages - Brewers
FN,Fabrinet,Technology,
FNB,F.N.B. Corporation,Financials,
FND,"Floor & Decor Holdings, Inc.",Consumer Discretionary,
FNDA,Schwab Fundamental U.S. Small C,,
FNDE,Schwab Fundamental Emerging Mar,,
FNDF,Schwab Fundamental International Equity ETF,,
FNDX,Schwab Fundamental U.S. Large Company ETF,,
FNF,"Fidelity National Financial, Inc.",Financials,
FNGD,MicroSectors FANG+ -3X Inverse Leveraged ETN,Other,Leveraged ETN
FNGU,MicroSectors FANG+ 3X Leveraged ETNs,,
FNV,Franco-Nevada Corporation,Materials,
FORM,"FormFactor, Inc.",Technology,
FOUR,"Shift4 Payments, Inc.",Technology,
FOX,Fox Corporation,Communication Services,
FOXA,Fox Corporation,Communication Services,
FPE,First Trust Preferred Securitie,,
FPS,"Forgent Power Solutions, Inc.",Industrials,Electrical Equipment & Parts
FR,,Real Estate,
FRDM,Freedom 100 Emerging Markets ET,,
FRME,First Merchants Corporation,Financials,Banks - Regional
FRMI,Fermi Inc.,Real Estate,
FRO,Frontline plc,Energy,
FROG,JFrog Ltd.,Technology,
FRPT,"Freshpet, Inc.",Consumer Staples,
FRSH,Freshworks Inc.,Technology,Software - Application
FRT,,Real Estate,
FRVO,Fervo Energy Company,Utilities,Utilities - Renewable
FSK,FS KKR Capital Corp.,Financials,Asset Management
FSLR,"First Solar, Inc.",Energy Transition,
FSLY,"Fastly, Inc.",Technology,Software - Application
FSM,Fortuna Mining Corp.,Materials,
FSS,Federal Signal Corporation,Industrials,Farm & Heavy Construction Machinery
FSV,FirstService Corporation,Real Estate,Real Estate Services
FTAI,FTAI Aviation Ltd.,Industrials,
FTCS,First Trust Capital Strength ET,,
FTDR,"frontdoor, inc.",Consumer Discretionary,Personal Services
FTEC,Fidelity MSCI Information Technology Index ETF,,
FTHI,First Trust BuyWrite Income ETF,,
FTI,TechnipFMC plc,Energy,
FTK,"Flotek Industries, Inc.",Energy,Oil & Gas Equipment & Services
FTNT,"Fortinet, Inc.",Technology,
FTRE,Fortrea Holdings Inc.,Healthcare,Biotechnology
FTS,Fortis Inc.,Utilities,
FTSM,First Trust Enhanced Short Maturity ETF,,
FTV,Fortive Corporation,Technology,
FTXH,First Trust Nasdaq Pharmaceutic,,
FTXL,First Trust Nasdaq Semiconducto,,
FUBO,fuboTV Inc.,Communication Services,Broadcasting
FUL,H. B. Fuller Company,Materials,Specialty Chemicals
FULT,Fulton Financial Corporation,Financials,Banks - Regional
FUN,Six Flags Entertainment Corpora,Consumer Discretionary,Leisure
FUTU,Futu Holdings Limited,Financials,Capital Markets
FUTY,Fidelity MSCI Utilities Index E,,
FVD,First Trust VL Dividend,,
FWD,AB Disruptors ETF,,
FWONK,Formula One Group,Communication Services,
FWRG,"First Watch Restaurant Group, I",Consumer Discretionary,Restaurants
FXI,iShares China Large-Cap ETF,,
FXU,First Trust Utilities AlphaDEX Fund,,
FXY,Invesco CurrencyShares Japanese,,
G,Genpact Limited,Technology,
GAP,"The Gap, Inc.",Consumer Discretionary,
GARP,iShares MSCI USA Quality GARP E,,
GATX,GATX Corporation,Industrials,Rental & Leasing Services
GBCI,"Glacier Bancorp, Inc.",Financials,Banks - Regional
GBIL,Goldman Sachs Access Treasury 0-1 Year ETF,Materials,
GBTC,Grayscale Bitcoin Trust (BTC),Crypto,
GBX,"Greenbrier Companies, Inc. (The",Industrials,Railroads
GCT,GigaCloud Technology Inc,Technology,Software - Infrastructure
GCTK,"GlucoTrack, Inc.",Healthcare,Medical Devices
GD,General Dynamics Corporation,Industrials,
GDDY,GoDaddy Inc.,Technology,
GDS,GDS Holdings Limited,Technology,Information Technology Services
GDX,VanEck Gold Miners ETF,Materials,
GDXD,MicroSectors Gold Miners -3X In,,
GDXJ,VanEck Junior Gold Miners ETF,Materials,
GDXU,MicroSectors Gold Miners 3X Leveraged ETN,Materials,
GE,GE Aerospace,Defense,
GEF,Greif Inc.,Consumer Discretionary,Packaging & Containers
GEHC,GE HealthCare Technologies Inc.,Healthcare,
GEN,Gen Digital Inc.,Technology,
GENI,Genius Sports Limited,Communication Services,Internet Content & Information
GEO,Geo Group Inc (The) REIT,Industrials,Security & Protection Services
GERN,Geron Corporation,Healthcare,Biotechnology
GEV,GE Vernova Inc.,Industrials,
GFF,Griffon Corporation,Industrials,Building Products & Equipment
GFI,Gold Fields Limited,Materials,Gold
GFL,GFL Environmental Inc.,Industrials,
GFS,GLOBALFOUNDRIES Inc.,Technology,
GGAL,Grupo Financiero Galicia S.A.,Financials,Banks - Regional
GGB,Gerdau S.A.,Materials,Steel
GGG,Graco Inc.,Industrials,
GGLL,Direxion Daily GOOGL Bull 2X Shares,,
GGOV,iShares Global Government Bond ,,
GH,"Guardant Health, Inc.",Healthcare,
GHC,Graham Holdings Company,Industrials,Conglomerates
GHM,Graham Corporation,Industrials,Specialty Industrial Machinery
GIB,CGI Inc.,Technology,Information Technology Services
GIL,Gildan Activewear Inc.,Consumer Discretionary,
GILD,"Gilead Sciences, Inc.",Healthcare,
GIS,"General Mills, Inc.",Consumer Staples,
GKOS,Glaukos Corporation,Healthcare,
GL,Globe Life Inc.,Financials,
GLBE,Global-E Online Ltd.,Consumer Discretionary,Internet Retail
GLD,SPDR Gold Shares,Materials,
GLDM,SPDR Gold MiniShares Trust,Materials,
GLL,ProShares UltraShort Gold,Materials,
GLNG,Golar LNG Limited,Energy,Oil & Gas Midstream
GLOB,Globant S.A.,Technology,
GLPI,"Gaming and Leisure Properties, Inc.",Real Estate,
GLTR,abrdn Physical Precious Metals Basket Shares ETF,,
GLUE,"Monte Rosa Therapeutics, Inc.",Biotech,
GLW,Corning Incorporated,Technology,
GLWG,Leverage Shares 2X Long GLW Dai,,
GLXY,Galaxy Digital,Financials,
GM,General Motors Company,Consumer Discretionary,
GMAB,Genmab A/S,Healthcare,Biotechnology
GME,GameStop Corp.,Consumer Discretionary,
GMED,"Globus Medical, Inc.",Healthcare,
GNL,"Global Net Lease, Inc.",Real Estate,REIT - Diversified
GNRC,Generac Holdings Inc.,Industrials,
GNTX,Gentex Corporation,Consumer Discretionary,
GNW,Genworth Financial Inc,Financials,Insurance - Life
GO,Grocery Outlet Holding Corp.,Consumer Staples,Grocery Stores
GOLD,"Gold.com, Inc.",Financials,Capital Markets
GOLF,Acushnet Holdings Corp.,Consumer Discretionary,Leisure
GOOG,Alphabet Inc.,Communication Services,
GOOGL,Alphabet Inc.,Communication Services,
GOOGM,Alphabet Inc. - Depositary Shar,,
GOOGN,Alphabet Inc. - Depositary Shar,,
GOVT,iShares U.S. Treasury Bond ETF,,
GPC,,Consumer Discretionary,
GPCR,Structure Therapeutics Inc.,Healthcare,Biotechnology
GPGI,"GPGI, Inc.",Industrials,Metal Fabrication
GPI,"Group 1 Automotive, Inc.",Consumer Discretionary,
GPIQ,Goldman Sachs Nasdaq-100 Premium Income ETF,Materials,
GPIX,Goldman Sachs S&P 500 Premium I,,
GPK,Graphic Packaging Holding Company,Consumer Discretionary,
GPN,Global Payments Inc.,Industrials,
GPOR,Gulfport Energy Corporation,Energy,
GPRE,"Green Plains, Inc.",Materials,Chemicals
GRAB,Grab Holdings Limited,Technology,
GRAL,"GRAIL, Inc.",Healthcare,
GRC,Gorman-Rupp Company (The),Industrials,Specialty Industrial Machinery
GRID,First Trust NASDAQ Clean Edge Smart Grid Infrastructure Index Fund,,
GRMN,Garmin Ltd.,Technology,
GRND,Grindr Inc.,Technology,Software - Application
GRNY,Fundstrat Granny Shots US Large Cap ETF,,
GRPN,"Groupon, Inc.",Communication Services,Internet Content & Information
GS,"The Goldman Sachs Group, Inc.",Materials,
GSAT,"Globalstar, Inc.",Communication Services,Telecom Services
GSG,iShares GSCI Commodity-Indexed ,,
GSHD,"Goosehead Insurance, Inc.",Financials,Insurance Brokers
GSIE,Goldman Sachs ActiveBeta Intern,,
GSK,GSK plc,Healthcare,Drug Manufacturers - General
GSL,Global Ship Lease Inc New,Industrials,Marine Shipping
GSLC,Goldman Sachs ActiveBeta U.S. Large Cap Equity ETF,Materials,
GSOL,Grayscale Solana Staking ETF,,
GSY,Invesco Ultra Short Duration ET,,
GT,The Goodyear Tire & Rubber Comp,Consumer Discretionary,Auto Parts
GTE,Gran Tierra Energy Inc.,Energy,Oil & Gas E&P
GTES,Gates Industrial Corporation Lt,Industrials,Specialty Industrial Machinery
GTLB,GitLab Inc.,Technology,
GTM,ZoomInfo Technologies Inc.,Technology,Software - Application
GTX,Garrett Motion Inc.,Consumer Discretionary,Auto Parts
GTY,Getty Realty Corporation,Real Estate,REIT - Retail
GUNR,FlexShares Global Upstream Natu,,
GUSH,Direxion Daily S&P Oil & Gas Ex,,
GVA,Granite Construction Incorporated,Industrials,
GWRE,"Guidewire Software, Inc.",Technology,
GWW,"W.W. Grainger, Inc.",Industrials,
GXO,"GXO Logistics, Inc.",Logistics,
H,Hyatt Hotels Corporation,Consumer Discretionary,
HACK,Amplify Cybersecurity ETF,,
HAE,Haemonetics Corporation,Healthcare,
HAL,Halliburton Company,Energy,
HALO,"Halozyme Therapeutics, Inc.",Biotech,
HAPN,"Happen, Inc.",Financials,Banks - Regional
HAS,"Hasbro, Inc.",Consumer Discretionary,
HASI,HA Sustainable Infrastructure C,Financials,Asset Management
HAWG,HCM Hedged Equity ETF,,
HAWK,"HawkEye 360, Inc.",Industrials,Aerospace & Defense
HAYW,"Hayward Holdings, Inc.",Industrials,Electrical Equipment & Parts
HBAN,Huntington Bancshares Incorporated,Financials,
HBM,Hudbay Minerals Inc.,Materials,
HCA,"HCA Healthcare, Inc.",Healthcare,
HCC,"Warrior Met Coal, Inc.",Materials,
HCI,"HCI Group, Inc.",Financials,Insurance - Property & Casualty
HCSG,"Healthcare Services Group, Inc.",Healthcare,Medical Care Facilities
HD,"The Home Depot, Inc.",Consumer Discretionary,
HDB,HDFC Bank Limited,Financials,
HDV,iShares Core High Dividend ETF,,
HE,"Hawaiian Electric Industries, Inc.",Utilities,
HEFA,iShares Currency Hedged MSCI EA,,
HEI,HEICO Corporation,Industrials,
HEI-A,HEICO Corporation,Industrials,
HELO,JPMorgan Hedged Equity Laddered,,
HELP,Cybin Inc.,Healthcare,Biotechnology
HESM,Hess Midstream LP,Energy,Oil & Gas Midstream
HG,"Hamilton Insurance Group, Ltd.",Financials,Insurance - Reinsurance
HGER,Harbor Commodity All-Weather St,,
HGV,Hilton Grand Vacations Inc.,Consumer Discretionary,Resorts & Casinos
HHH,Howard Hughes Holdings Inc.,Real Estate,Real Estate - Development
HIG,"The Hartford Insurance Group, Inc.",Financials,
HII,"Huntington Ingalls Industries, Inc.",Industrials,
HIMS,"Hims & Hers Health, Inc.",Healthcare,
HIMU,iShares High Yield Muni Active ,,
HIMX,"Himax Technologies, Inc.",Technology,Semiconductors
HIVE,HIVE Digital Technologies Ltd,Financials,Capital Markets
HIW,"Highwoods Properties, Inc.",Real Estate,REIT - Office
HL,Hecla Mining Company,Materials,
HLF,Herbalife Ltd.,Consumer Staples,Packaged Foods
HLI,"Houlihan Lokey, Inc.",Financials,
HLIO,"Helios Technologies, Inc.",Industrials,Specialty Industrial Machinery
HLIT,Harmonic Inc.,Technology,Communication Equipment
HLN,Haleon plc,Healthcare,Drug Manufacturers - Specialty & Generic
HLNE,Hamilton Lane Incorporated,Financials,
HLT,Hilton Worldwide Holdings Inc.,Consumer Discretionary,
HMC,"Honda Motor Company, Ltd.",Consumer Discretionary,Auto Manufacturers
HMY,Harmony Gold Mining Company Limited,Materials,
HNGE,"Hinge Health, Inc.",Healthcare,Health Information Services
HNI,HNI Corporation,Consumer Discretionary,"Furnishings, Fixtures & Appliances"
HODL,VanEck Bitcoin Trust,,
HOG,"Harley-Davidson, Inc.",Consumer Discretionary,
HOMB,"Home BancShares, Inc.",Financials,Banks - Regional
HON,Honeywell International Inc.,Industrials,
HONA,Honeywell Aerospace Inc.,Industrials,Aerospace & Defense
HOOD,"Robinhood Markets, Inc.",Financials,
HOV,"Hovnanian Enterprises, Inc.",Consumer Discretionary,Residential Construction
HP,"Helmerich & Payne, Inc.",Energy,Oil & Gas Drilling
HPE,Hewlett Packard Enterprise Company,Technology,
HPQ,HP Inc.,Technology,
HQY,"HealthEquity, Inc.",Healthcare,
HR,Healthcare Realty Trust Incorpo,Real Estate,REIT - Healthcare Facilities
HRB,"H&R Block, Inc.",Consumer Discretionary,
HRI,Herc Holdings Inc.,Industrials,
HRL,Hormel Foods Corporation,Consumer Staples,
HRMY,"Harmony Biosciences Holdings, I",Healthcare,Biotechnology
HROW,"Harrow, Inc.",Healthcare,Drug Manufacturers - Specialty & Generic
HSAI,Hesai Group,Consumer Discretionary,Auto Parts
HSBC,HSBC Holdings plc,Financials,
HSIC,"Henry Schein, Inc.",Healthcare,
HST,,Real Estate,
HSY,The Hershey Company,Consumer Staples,
HTFL,"Heartflow, Inc.",Healthcare,Health Information Services
HTGC,"Hercules Capital, Inc.",Financials,Asset Management
HTHT,H World Group Limited,Consumer Discretionary,Lodging
HTO,H2O America,Utilities,Utilities - Regulated Water
HTZ,"Hertz Global Holdings, Inc",Industrials,Rental & Leasing Services
HUBB,Hubbell Incorporated,Industrials,
HUBG,"Hub Group, Inc.",Industrials,Integrated Freight & Logistics
HUBS,"HubSpot, Inc.",Technology,
HUM,Humana Inc.,Healthcare,
HUN,Huntsman Corporation,Materials,Chemicals
HURN,Huron Consulting Group Inc.,Industrials,Consulting Services
HUT,Hut 8 Corp.,Financials,
HWC,Hancock Whitney Corporation,Financials,
HWKN,"Hawkins, Inc.",Materials,Specialty Chemicals
HWM,Howmet Aerospace Inc.,Defense,
HXL,Hexcel Corporation,Industrials,
HYD,VanEck High Yield Muni ETF,,
HYFM,"Hydrofarm Holdings Group, Inc.",Industrials,Farm & Heavy Construction Machinery
HYG,iShares iBoxx $ High Yield Corporate Bond ETF,,
HYLB,Xtrackers USD High Yield Corporate Bond ETF,,
HYMB,State Street SPDR Nuveen ICE Hi,,
HYMC,Hycroft Mining Holding Corporation,Materials,
HYNX,T-REX 2X Long SKHY Daily Target,,
HZO,"MarineMax, Inc.  (FL)",Consumer Discretionary,Specialty Retail
IAG,IAMGOLD Corporation,Materials,
IAGG,iShares International Aggregate Bond Fund,,
IAK,iShares U.S. Insurance ETF,,
IALT,iShares Systematic Alternatives,,
IART,Integra LifeSciences Holdings C,Healthcare,Medical Devices
IAU,iShares Gold Trust Shares,Materials,
IAUM,iShares Gold Trust Micro Shares,Materials,
IAUX,i-80 Gold Corp.,Materials,Gold
IBB,iShares Biotechnology ETF,Biotech,
IBDT,iShares iBonds Dec 2028 Term Co,,
IBIT,iShares Bitcoin Trust ETF,Crypto,
IBKR,"Interactive Brokers Group, Inc.",Financials,
IBM,International Business Machines Corporation,Technology,
IBN,ICICI Bank Limited,Financials,
IBOC,International Bancshares Corpor,Financials,Banks - Regional
IBP,"Installed Building Products, Inc.",Consumer Discretionary,
IBRX,"ImmunityBio, Inc.",Healthcare,Biotechnology
ICE,"Intercontinental Exchange, Inc.",Financials,
ICFI,"ICF International, Inc.",Industrials,Consulting Services
ICHR,Ichor Holdings,Technology,Semiconductor Equipment & Materials
ICLN,iShares Global Clean Energy ETF,,
ICLR,ICON Public Limited Company,Healthcare,
ICSH,iShares Ultra Short Duration Bond Active ETF,,
ICUI,"ICU Medical, Inc.",Healthcare,Medical Instruments & Supplies
ICVT,iShares Convertible Bond ETF,,
IDA,"IDACORP, Inc.",Utilities,
IDCC,"InterDigital, Inc.",Technology,
IDEV,iShares Core MSCI International Developed Markets ETF,,
IDMO,Invesco S&P International Devel,,
IDU,iShares U.S. Utilities ETF,,
IDV,iShares International Select Di,,
IDXX,"IDEXX Laboratories, Inc.",Healthcare,
IDYA,"IDEAYA Biosciences, Inc.",Healthcare,Biotechnology
IE,Ivanhoe Electric Inc.,Materials,Copper
IEF,iShares 7-10 Year Treasury Bond ETF,,
IEFA,iShares Core MSCI EAFE ETF,,
IEI,iShares 3-7 Year Treasury Bond ETF,,
IEMG,iShares Core MSCI Emerging Markets ETF,,
IESC,"IES Holdings, Inc.",Industrials,
IEUR,iShares Core MSCI Europe ETF,,
IEX,IDEX Corporation,Industrials,
IFF,International Flavors & Fragrances Inc.,Materials,
IFRA,iShares U.S. Infrastructure ETF,,
IFS,Intercorp Financial Services In,Financials,Banks - Regional
IGF,iShares Global Infrastructure ETF,,
IGIB,iShares 5-10 Year Investment Grade Corporate Bond ETF,,
IGLB,iShares 10  Year Investment Grade Corporate Bond ETF,,
IGM,iShares Expanded Tech Sector ETF,,
IGPT,Invesco AI and Next Gen Softwar,,
IGSB,iShares 1-5 Year Investment Grade Corporate Bond ETF,,
IGV,iShares Expanded Tech-Software Sector ETF,,
IHE,iShares U.S. Pharmaceutical ETF,,
IHF,iShares U.S. Health Care Provid,,
IHG,Intercontinental Hotels Group,Consumer Discretionary,Lodging
IHI,iShares U.S. Medical Devices ETF,,
IIPR,Innovative Industrial Propertie,Real Estate,REIT - Industrial
IJH,iShares Core S&P Mid-Cap ETF,,
IJJ,iShares S&P Mid-Cap 400 Value E,,
IJK,iShares S&P Mid-Cap 400 Growth ,,
IJR,iShares Core S&P Small-Cap ETF,,
IJS,iShares S&P SmallCap 600 Value ,,
IJT,iShares S&P SmallCap 600 Growth,,
ILF,iShares Latin America 40 ETF,,
ILMN,"Illumina, Inc.",Healthcare,
IMAX,Imax Corporation,Communication Services,Entertainment
IMMX,"Immix Biopharma, Inc.",Healthcare,Biotechnology
IMNM,"Immunome, Inc.",Healthcare,Biotechnology
IMO,Imperial Oil Limited,Energy,
IMTM,iShares MSCI Intl Momentum Fact,,
IMVT,"Immunovant, Inc.",Healthcare,Biotechnology
INBS,Intelligent Bio Solutions Inc.,Healthcare,
INBX,"Inhibrx Biosciences, Inc.",Healthcare,Biotechnology
INCY,Incyte Corporation,Healthcare,
INDA,iShares MSCI India ETF,,
INDB,Independent Bank Corp.,Financials,Banks - Regional
INDI,"indie Semiconductor, Inc.",Technology,Semiconductors
INDV,Indivior PLC,Healthcare,
INFQ,"Infleqtion, Inc.",Technology,Software - Infrastructure
INFY,Infosys Limited,Technology,Information Technology Services
ING,"ING Group, N.V.",Financials,Banks - Diversified
INGM,Ingram Micro Holding Corporatio,Technology,Information Technology Services
INGR,Ingredion Incorporated,Consumer Staples,
INIO,INNIO N.V.,Industrials,Specialty Industrial Machinery
INLF,INLIF LIMITED,Industrials,Specialty Industrial Machinery
INOD,Innodata Inc.,Technology,
INSM,Insmed Incorporated,Healthcare,
INSP,"Inspire Medical Systems, Inc.",Healthcare,
INSW,"International Seaways, Inc.",Energy,Oil & Gas Midstream
INTA,"Intapp, Inc.",Technology,Software - Application
INTC,Intel Corporation,Technology,
INTR,Inter & Co. Inc.,Financials,Banks - Regional
INTU,Intuit Inc.,Technology,
INTW,GraniteShares 2x Long INTC Daily ETF,,
INVH,Invitation Homes Inc.,Real Estate,
INVX,"Innovex International, Inc.",Energy,Oil & Gas Equipment & Services
IOND,Ionic Digital Inc.,Financials,Capital Markets
IONQ,"IonQ, Inc.",Technology,
IONS,"Ionis Pharmaceuticals, Inc.",Biotech,
IONX,Defiance Daily Target 2X Long IONQ ETF,,
IONZ,Defiance Daily Target 2x Short ,,
IOO,iShares Global 100 ETF,,
IOSP,Innospec Inc.,Materials,Specialty Chemicals
IOT,Samsara Inc.,Technology,
IOVA,"Iovance Biotherapeutics, Inc.",Healthcare,Biotechnology
IP,International Paper Company,Consumer Discretionary,
IPAR,"Interparfums, Inc.",Consumer Staples,Household & Personal Products
IPGP,IPG Photonics Corporation,Technology,Semiconductor Equipment & Materials
IPST,"IP Strategy Holdings, Inc.",Financials,Capital Markets
IQLT,iShares MSCI Intl Quality Factor ETF,,
IQMM,ProShares GENIUS Money Market E,,
IQQ,ISHARES NASDAQ 100 ETF,,
IQV,IQVIA Holdings Inc.,Healthcare,
IR,Ingersoll Rand Inc.,Industrials,
IRDM,Iridium Communications Inc,Communication Services,Telecom Services
IRE,Defiance Daily Target 2X Long IREN ETF,,
IREN,IREN Limited,Financials,
IREX,Tradr 2X Long IREN Daily ETF,,
IREZ,Tradr 2X Short IREN Daily ETF,,
IRM,Iron Mountain Incorporated,Real Estate,
IRON,"Disc Medicine, Inc.",Healthcare,Biotechnology
IRT,"Independence Realty Trust, Inc.",Real Estate,REIT - Residential
IRTC,"iRhythm Holdings, Inc.",Healthcare,
ISRG,"Intuitive Surgical, Inc.",Healthcare,
ISTB,iShares Core 1-5 Year USD Bond ,,
IT,"Gartner, Inc.",Technology,
ITA,iShares U.S. Aerospace & Defense ETF,Defense,
ITB,iShares U.S. Home Construction ETF,,
ITGR,Integer Holdings Corporation,Healthcare,Medical Devices
ITIC,Investors Title Company,Financials,Insurance - Specialty
ITOT,iShares Core S&P Total U.S. Stock Market ETF,,
ITRI,"Itron, Inc.",Technology,Scientific & Technical Instruments
ITT,ITT Inc.,Industrials,
ITUB,Itau Unibanco Banco Holding SA,Financials,Banks - Regional
ITW,Illinois Tool Works Inc.,Industrials,
IUSB,iShares Core Universal USD Bond ETF,,
IUSG,iShares Core S&P U.S. Growth ETF,,
IUSV,iShares Core S&P U.S. Value ETF,,
IVE,iShares S&P 500 Value ETF,,
IVLU,iShares MSCI Intl Value Factor ,,
IVR,INVESCO MORTGAGE CAPITAL INC,Real Estate,REIT - Mortgage
IVT,InvenTrust Properties Corp.,Real Estate,REIT - Retail
IVV,iShares Core S&P 500 ETF,,
IVW,iShares S&P 500 Growth ETF,,
IVZ,Invesco Ltd.,Financials,
IWB,iShares Russell 1000 ETF,,
IWD,iShares Russell 1000 Value ETF,,
IWF,iShares Russell 1000 Growth Fund,,
IWM,iShares Russell 2000 ETF,,
IWMI,NEOS Russell 2000 High Income E,,
IWN,iShares Russell 2000 Value ETF,,
IWO,iShares Russell 2000 Growth Fund,,
IWP,iShares Russell Midcap Growth ETF,,
IWR,iShares Russell Mid-Cap ETF,,
IWS,iShares Russell Mid-Cap Value ETF,,
IWV,iShares Russell 3000 Fund,,
IWX,iShares Russell Top 200 Value E,,
IWY,iShares Russell Top 200 Growth ETF,,
IXC,iShares Global Energy ETF,,
IXN,iShares Global Tech ETF,,
IXUS,iShares Core MSCI Total International Stock ETF,,
IYE,iShares U.S. Energy ETF,,
IYF,iShares U.S. Financial ETF,,
IYH,iShares U.S. Healthcare ETF,,
IYK,iShares U.S. Consumer Staples E,,
IYM,iShares U.S. Basic Materials ET,,
IYR,iShares U.S. Real Estate ETF,,
IYT,iShares U.S. Transportation ETF,,
IYW,iShares U.S. Technology ETF,,
IYZ,iShares U.S. Telecommunications,,
J,Jacobs Solutions Inc.,Industrials,
JAAA,Janus Henderson AAA CLO ETF,,
JACK,Jack In The Box Inc.,Consumer Discretionary,Restaurants
JAN,"Janus Living, Inc.",Real Estate,REIT - Residential
JAVA,JPMorgan Active Value ETF,,
JAZZ,Jazz Pharmaceuticals plc,Biotech,
JBBB,Janus Henderson B-BBB CLO ETF,,
JBHT,"J.B. Hunt Transport Services, Inc.",Industrials,
JBIO,"Jade Biosciences, Inc.",Healthcare,Biotechnology
JBL,Jabil Inc.,Technology,
JBLU,JetBlue Airways Corporation,Industrials,
JBND,JPMorgan Active Bond ETF,,
JBS,JBS N.V.,Consumer Staples,
JBTM,JBT Marel Corporation,Industrials,
JCI,Johnson Controls International plc,Industrials,
JCPB,JPMorgan Core Plus Bond ETF,,
JD,"JD.com, Inc.",Consumer Discretionary,Internet Retail
JDST,Direxion Daily Junior Gold Miners Index Bear 2X Shares,Materials,
JEF,Jefferies Financial Group Inc.,Financials,
JEPI,JPMorgan Equity Premium Income ETF,,
JEPQ,JPMorgan Nasdaq Equity Premium Income ETF,,
JETS,U.S. Global Jets ETF,,
JGLO,JPMorgan Global Select Equity E,,
JGRO,JPMorgan Active Growth ETF,,
JHMM,John Hancock Multifactor Mid Ca,,
JHX,James Hardie Industries plc,Materials,
JIRE,JPMorgan International Research Enhanced Equity ETF,,
JIVE,JPMorgan International Value ET,,
JJSF,J & J Snack Foods Corp.,Consumer Staples,Packaged Foods
JKHY,"Jack Henry & Associates, Inc.",Technology,
JLHL,Julong Holding Limited,Industrials,Building Products & Equipment
JLL,Jones Lang LaSalle Incorporated,Real Estate,
JMBS,Janus Henderson Mortgage-Backed,,
JMKE,Jersey Mike's Subs Inc.,Consumer Discretionary,Restaurants
JMST,JPMorgan Ultra-Short Municipal Income ETF,,
JMTG,JPMorgan Mortgage-Backed Securi,,
JMUB,JPMorgan Municipal ETF,,
JNJ,Johnson & Johnson,Healthcare,
JNK,State Street SPDR Bloomberg High Yield Bond ETF,,
JNUG,Direxion Daily Junior Gold Miners Index Bull 2X Shares,Materials,
JOBY,"Joby Aviation, Inc.",Industrials,
JOYY,JOYY Inc.,Communication Services,Internet Content & Information
JPIE,JPMorgan Income ETF,,
JPM,JPMorgan Chase & Co.,Financials,
JPST,JPMorgan Ultra-Short Income ETF,,
JQUA,JPMorgan U.S. Quality Factor ET,,
JTEK,JPMorgan U.S. Tech Leaders ETF,,
JWEL,Jowell Global Ltd.,Consumer Discretionary,Internet Retail
JXN,Jackson Financial Inc.,Financials,Insurance - Life
KAI,Kadant Inc,Industrials,Specialty Industrial Machinery
KALU,Kaiser Aluminum Corporation,Materials,Aluminum
KB,KB Financial Group Inc,Financials,Banks - Regional
KBE,State Street SPDR S&P Bank ETF,,
KBH,KB Home,Consumer Discretionary,
KBR,"KBR, Inc.",Industrials,
KBWB,Invesco KBW Bank ETF,,
KC,Kingsoft Cloud Holdings Limited,Technology,Software - Application
KD,"Kyndryl Holdings, Inc.",Technology,Information Technology Services
KDP,Keurig Dr Pepper Inc.,Consumer Staples,
KEEL,Keel Infrastructure Corp.,Technology,Information Technology Services
KEX,Kirby Corporation,Industrials,
KEY,KeyCorp,Financials,
KEYS,"Keysight Technologies, Inc.",Technology,
KFRC,"Kforce, Inc.",Industrials,Staffing & Employment Services
KFY,Korn Ferry,Industrials,Staffing & Employment Services
KGC,Kinross Gold Corporation,Materials,
KGS,"Kodiak Gas Services, Inc.",Energy,Oil & Gas Equipment & Services
KHC,The Kraft Heinz Company,Consumer Staples,
KIDZ,KIDZ AI Inc.,Consumer Staples,Education & Training Services
KIE,State Street SPDR S&P Insurance ETF,,
KIM,Kimco Realty Corporation,Real Estate,
KKR,KKR & Co. Inc.,Financials,
KLAC,KLA Corporation,Technology,
KLAR,Klarna Group plc,Technology,
KLIC,"Kulicke and Soffa Industries, I",Technology,Semiconductor Equipment & Materials
KLMN,Invesco MSCI North America Clim,,
KMB,Kimberly-Clark Corporation,Consumer Staples,
KMI,"Kinder Morgan, Inc.",Energy,
KMPR,Kemper Corporation,Financials,Insurance - Property & Casualty
KMT,Kennametal Inc.,Industrials,Tools & Accessories
KMX,"CarMax, Inc.",Consumer Discretionary,
KN,Knowles Corporation,Technology,Electronic Components
KNF,Knife Riv Holding Co.,Materials,Building Materials
KNSA,Kiniksa Pharmaceuticals Interna,Healthcare,Drug Manufacturers - Specialty & Generic
KNSL,"Kinsale Capital Group, Inc.",Financials,
KNTK,Kinetik Holdings Inc.,Energy,Oil & Gas Midstream
KNX,Knight-Swift Transportation Holdings Inc.,Logistics,
KO,The Coca-Cola Company,Consumer Staples,
KOD,Kodiak Sciences Inc,Healthcare,Biotechnology
KOLD,ProShares UltraShort Bloomberg Natural Gas,Energy,
KOPN,Kopin Corporation,Technology,Electronic Components
KORU,Direxion Daily South Korea Bull,,
KOS,Kosmos Energy Ltd.,Energy,Oil & Gas E&P
KR,The Kroger Co.,Consumer Staples,
KRC,Kilroy Realty Corporation,Real Estate,
KRE,State Street SPDR S&P Regional Banking ETF,,
KRG,Kite Realty Group Trust,Real Estate,REIT - Retail
KRMN,Karman Holdings Inc.,Industrials,
KRYS,"Krystal Biotech, Inc.",Biotech,
KSA,iShares MSCI Saudi Arabia ETF,,
KSPI,Joint Stock Company Kaspi.kz - ,Technology,Software - Infrastructure
KSS,Kohl's Corporation,Consumer Discretionary,
KSTR,KraneShares China Technology & ,,
KT,KT Corporation,Communication Services,Telecom Services
KTB,"Kontoor Brands, Inc.",Consumer Discretionary,Apparel Manufacturing
KTOS,"Kratos Defense & Security Solutions, Inc.",Defense,
KURA,"Kura Oncology, Inc.",Healthcare,Biotechnology
KVUE,Kenvue Inc.,Consumer Staples,
KVYO,"Klaviyo, Inc.",Technology,
KWEB,KraneShares CSI China Internet ETF,,
KWR,Quaker Houghton,Materials,Specialty Chemicals
KYMR,"Kymera Therapeutics, Inc.",Biotech,
L,Loews Corporation,Financials,
LABD,Direxion Daily S&P Biotech Bear 3X Shares,Biotech,
LABU,Direxion Daily S&P Biotech Bull 3X Shares,Biotech,
LABX,Tradr 2X Long ALAB Daily ETF,,
LAC,Lithium Americas Corp.,Materials,
LAD,"Lithia Motors, Inc.",Consumer Discretionary,
LAES,SEALSQ Corp,Technology,Semiconductors
LAMR,Lamar Advertising Company,Real Estate,
LASR,"nLIGHT, Inc.",Technology,Semiconductors
LAUR,"Laureate Education, Inc.",Consumer Staples,Education & Training Services
LAZ,"Lazard, Inc.",Financials,Capital Markets
LB,LandBridge Company LLC,Energy,Oil & Gas Equipment & Services
LBRDK,Liberty Broadband Corporation,Communication Services,
LBRT,Liberty Energy Inc.,Energy,
LBRX,LB Pharmaceuticals Inc,Healthcare,Biotechnology
LBTYA,Liberty Global Ltd.,Communication Services,Telecom Services
LBTYK,Liberty Global Ltd.,Communication Services,Telecom Services
LCID,"Lucid Group, Inc.",Consumer Discretionary,
LCII,LCI Industries,Consumer Discretionary,Recreational Vehicles
LDOS,"Leidos Holdings, Inc.",Technology,
LEA,Lear Corporation,Consumer Discretionary,
LECO,"Lincoln Electric Holdings, Inc.",Industrials,
LEG,"Leggett & Platt, Incorporated",Consumer Discretionary,"Furnishings, Fixtures & Appliances"
LEGN,Legend Biotech Corporation,Healthcare,Biotechnology
LEN,Lennar Corporation,Consumer Discretionary,
LEU,Centrus Energy Corp.,Energy,
LEVI,Levi Strauss & Co,Consumer Discretionary,Apparel Manufacturing
LFST,"LifeStance Health Group, Inc.",Healthcare,Medical Care Facilities
LFTO,"Liftoff Mobile, Inc.",Communication Services,Advertising Agencies
LFUS,"Littelfuse, Inc.",Technology,
LGIH,"LGI Homes, Inc.",Consumer Discretionary,Residential Construction
LGN,Legence Corp.,Industrials,
LGND,Ligand Pharmaceuticals Incorpor,Healthcare,Biotechnology
LH,Labcorp Holdings Inc.,Healthcare,
LHX,"L3Harris Technologies, Inc.",Industrials,
LI,Li Auto Inc.,Consumer Discretionary,Auto Manufacturers
LIF,"Life360, Inc.",Technology,
LIFE,Ethos Technologies Inc.,Financials,Insurance Brokers
LII,Lennox International Inc.,Industrials,
LIN,Linde plc,Materials,
LINC,Lincoln Educational Services Co,Consumer Staples,Education & Training Services
LIND,Lindblad Expeditions Holdings I,Consumer Discretionary,Travel Services
LINE,"Lineage, Inc.",Real Estate,
LINT,Direxion Daily INTC Bull 2X ETF,,
LION,Lionsgate Studios Corp,,
LITE,Lumentum Holdings Inc.,Technology,
LITX,Tradr 2X Long LITE Daily ETF,,
LITZ,Tradr 2X Short LITE Daily ETF,,
LIVN,LivaNova PLC,Healthcare,Medical Devices
LKQ,LKQ Corporation,Consumer Discretionary,
LLY,Eli Lilly and Company,Healthcare,
LLYVK,"Liberty Live Holdings, Inc. - S",Communication Services,Entertainment
LMAT,"LeMaitre Vascular, Inc.",Healthcare,Medical Instruments & Supplies
LMB,"Limbach Holdings, Inc.",Industrials,Building Products & Equipment
LMBS,First Trust Low Duration Opport,,
LMND,"Lemonade, Inc.",Financials,
LMT,Lockheed Martin Corporation,Industrials,
LNC,Lincoln National Corporation,Financials,
LNG,"Cheniere Energy, Inc.",Energy,
LNT,Alliant Energy Corporation,Utilities,
LNTH,"Lantheus Holdings, Inc.",Healthcare,
LOAR,Loar Holdings Inc.,Industrials,Aerospace & Defense
LOFF,Direxion Daily SpaceX Bull 2X E,,
LOGI,Logitech International S.A.,Technology,
LOPE,"Grand Canyon Education, Inc.",Consumer Staples,Education & Training Services
LOW,"Lowe's Companies, Inc.",Consumer Discretionary,
LPG,Dorian LPG Ltd.,Energy,Oil & Gas Midstream
LPLA,LPL Financial Holdings Inc.,Financials,
LPTH,"LightPath Technologies, Inc.",Technology,Electronic Components
LPX,Louisiana-Pacific Corporation,Industrials,
LQD,iShares iBoxx $ Investment Grade Corporate Bond ETF,,
LQDA,Liquidia Corporation,Healthcare,
LRCX,Lam Research Corporation,Technology,
LRN,"Stride, Inc.",Consumer Staples,
LSCC,Lattice Semiconductor Corporation,Semiconductors,
LSTR,"Landstar System, Inc.",Industrials,
LTC,"LTC Properties, Inc.",Real Estate,REIT - Healthcare Facilities
LTH,"Life Time Group Holdings, Inc.",Consumer Discretionary,
LTM,LATAM Airlines Group S.A.,Industrials,Airlines
LTPZ,Pimco 15  Year U.S. TIPS Index ,,
LULU,lululemon athletica inc.,Consumer Discretionary,
LUMN,"Lumen Technologies, Inc.",Communication Services,
LUNR,"Intuitive Machines, Inc.",Industrials,
LUV,Southwest Airlines Co.,Industrials,
LVHI,Franklin International Low Vola,,
LVS,Las Vegas Sands Corp.,Energy,
LVWR,"LiveWire Group, Inc.",Consumer Discretionary,Auto Manufacturers
LW,"Lamb Weston Holdings, Inc.",Consumer Staples,
LWLG,"Lightwave Logic, Inc.",Materials,Specialty Chemicals
LXP,LXP Industrial Trust,Real Estate,REIT - Industrial
LYB,LyondellBasell Industries N.V.,Materials,
LYFT,"Lyft, Inc.",Technology,
LYG,Lloyds Banking Group Plc,Financials,Banks - Regional
LYNX,Lyntris Inc.,Industrials,Aerospace & Defense
LYTE,Roundhill Photonics & Optics ET,,
LYV,"Live Nation Entertainment, Inc.",Communication Services,
LZ,"LegalZoom.com, Inc.",Industrials,Specialty Business Services
M,"Macy's, Inc.",Consumer Discretionary,
MA,Mastercard Incorporated,Financials,
MAA,Mid-America Apartment Communiti,Real Estate,REIT - Residential
MAC,Macerich Company (The),Real Estate,REIT - Retail
MAGS,Roundhill Magnificent Seven ETF,,
MAIN,Main Street Capital Corporation,Financials,Asset Management
MAIR,Madison Air Solutions Corporati,Industrials,Building Products & Equipment
MAN,ManpowerGroup,Industrials,Staffing & Employment Services
MANE,"Veradermics, Incorporated",Healthcare,Biotechnology
MANH,"Manhattan Associates, Inc.",Technology,
MAR,"Marriott International, Inc.",Consumer Discretionary,
MARA,"MARA Holdings, Inc.",Financials,
MAS,Masco Corporation,Industrials,
MAT,"Mattel, Inc.",Consumer Discretionary,
MATX,"Matson, Inc.",Industrials,Marine Shipping
MB,MasterBeef Group,Consumer Discretionary,Restaurants
MBB,iShares MBS ETF,,
MBC,"MasterBrand, Inc.",Consumer Discretionary,"Furnishings, Fixtures & Appliances"
MBGL,Mobility Global Inc.,Technology,Software - Infrastructure
MBLY,Mobileye Global Inc.,Consumer Discretionary,
MBX,"MBX Biosciences, Inc.",Healthcare,Biotechnology
MC,Moelis & Company,Financials,
MCD,McDonald's Corporation,Consumer Discretionary,
MCHI,iShares MSCI China ETF,,
MCHP,Microchip Technology Incorporated,Semiconductors,
MCHPP,Microchip Technology Incorporat,Technology,Semiconductors
MCK,McKesson Corporation,Healthcare,
MCO,Moody's Corporation,Financials,
MCRI,"Monarch Casino & Resort, Inc.",Consumer Discretionary,Resorts & Casinos
MCY,Mercury General Corporation,Financials,Insurance - Property & Casualty
MD,"Pediatrix Medical Group, Inc.",Healthcare,Medical Care Facilities
MDA,MDA Space Ltd.,Industrials,Aerospace & Defense
MDB,"MongoDB, Inc.",Technology,
MDGL,"Madrigal Pharmaceuticals, Inc.",Biotech,
MDLN,Medline Inc.,Healthcare,
MDLZ,"Mondelez International, Inc.",Consumer Staples,
MDT,Medtronic plc,Healthcare,
MDU,"MDU Resources Group, Inc.",Utilities,Utilities - Regulated Gas
MDY,SPDR S&P MidCap 400 ETF Trust,,
MEC,"Mayville Engineering Company, I",Industrials,Metal Fabrication
MEDP,"Medpace Holdings, Inc.",Healthcare,
MELI,"MercadoLibre, Inc.",Consumer Discretionary,
MEOH,Methanex Corporation,Materials,Chemicals
MET,"MetLife, Inc.",Financials,
META,"Meta Platforms, Inc.",Communication Services,
METC,"Ramaco Resources, Inc.",Materials,
METU,Direxion Daily META Bull 2X Shares,,
MFC,Manulife Financial Corporation,Financials,
MFG,"Mizuho Financial Group, Inc. Sp",Financials,Banks - Regional
MFP,"Midera Food Processing, Inc.",Industrials,Specialty Industrial Machinery
MGA,Magna International Inc.,Consumer Discretionary,
MGC,Vanguard Morningstar Mega Cap E,,
MGK,Vanguard Mega Cap Growth ETF,,
MGM,,Consumer Discretionary,
MGNI,"Magnite, Inc.",Communication Services,Advertising Agencies
MGRC,McGrath RentCorp,Industrials,Rental & Leasing Services
MGRX,"Mangoceuticals, Inc.",Healthcare,Health Information Services
MGV,Vanguard Morningstar Mega Cap V,,
MGY,Magnolia Oil & Gas Corporation,Energy,
MHK,"Mohawk Industries, Inc.",Consumer Discretionary,
MHO,"M/I Homes, Inc.",Consumer Discretionary,Residential Construction
MIAX,"Miami International Holdings, I",Financials,Capital Markets
MICC,The Magnum Ice Cream Company N.,Consumer Staples,Packaged Foods
MIDD,The Middleby Corporation,Industrials,
MINT,PIMCO Enhanced Short Maturity Active Exchange-Traded Fund,,
MIR,"Mirion Technologies, Inc.",Industrials,
MIRM,"Mirum Pharmaceuticals, Inc.",Biotech,
MKC,"McCormick & Company, Incorporated",Consumer Staples,
MKL,Markel Group Inc.,Financials,
MKSI,MKS Inc.,Technology,
MKTX,MarketAxess Holdings Inc.,Financials,
MLAB,"Mesa Laboratories, Inc.",Technology,Scientific & Technical Instruments
MLI,"Mueller Industries, Inc.",Industrials,
MLM,"Martin Marietta Materials, Inc.",Materials,
MLPI,NEOS MLP & Energy Infrastructur,,
MLPX,Global X MLP & Energy Infrastru,,
MLTX,MoonLake Immunotherapeutics,Biotech,
MLYS,"Mineralys Therapeutics, Inc.",Healthcare,Biotechnology
MMED,"MiniMed Group, Inc.",Healthcare,Medical Instruments & Supplies
MMM,3M Company,Industrials,
MMS,"Maximus, Inc.",Industrials,Specialty Business Services
MMSI,"Merit Medical Systems, Inc.",Healthcare,
MMYT,MakeMyTrip Limited,Consumer Discretionary,
MNDY,monday.com Ltd.,Technology,
MNKD,MannKind Corporation,Healthcare,Biotechnology
MNPR,Monopar Therapeutics Inc.,Healthcare,Biotechnology
MNRO,"Monro, Inc.",Consumer Discretionary,Auto Parts
MNST,Monster Beverage Corporation,Consumer Staples,
MNTS,Momentus Inc.,Industrials,
MO,"Altria Group, Inc.",Consumer Staples,
MOAT,VanEck Morningstar Wide Moat ETF,,
MOD,Modine Manufacturing Company,Consumer Discretionary,
MOG-A,Moog Inc.,Industrials,Aerospace & Defense
MOH,"Molina Healthcare, Inc.",Healthcare,
MORN,"Morningstar, Inc.",Financials,
MOS,The Mosaic Company,Materials,
MP,MP Materials Corp.,Materials,
MPC,Marathon Petroleum Corporation,Energy,
MPLT,"MapLight Therapeutics, Inc.",Healthcare,Biotechnology
MPLX,MPLX LP,Energy,Oil & Gas Midstream
MPT,"Medical Properties Trust, Inc.",Real Estate,REIT - Healthcare Facilities
MPTI,"M-tron Industries, Inc.",Technology,Electronic Components
MPWR,"Monolithic Power Systems, Inc.",Technology,
MQ,"Marqeta, Inc.",Technology,Software - Infrastructure
MRAM,"Everspin Technologies, Inc.",Technology,Semiconductors
MRCY,"Mercury Systems, Inc.",Industrials,
MRK,"Merck & Co., Inc.",Healthcare,
MRNA,"Moderna, Inc.",Healthcare,
MRP,"Millrose Properties, Inc.",Real Estate,REIT - Residential
MRSH,"Marsh & McLennan Companies, Inc.",Financials,
MRVL,"Marvell Technology, Inc.",Technology,
MRVU,Direxion Daily MRVL Bull 2X ETF,,
MRX,Marex Group Limited,Financials,Capital Markets
MS,Morgan Stanley,Financials,
MSA,MSA Safety Incorporated,Industrials,Security & Protection Services
MSCI,MSCI Inc.,Financials,
MSFD,Direxion Daily MSFT Bear 1X ETF,,
MSFL,GraniteShares 2x Long MSFT Dail,,
MSFT,Microsoft Corporation,Technology,
MSFU,Direxion Daily MSFT Bull 2X ETF,,
MSGE,Madison Square Garden Entertain,Communication Services,Entertainment
MSGS,,Communication Services,
MSI,"Motorola Solutions, Inc.",Technology,
MSM,"MSC Industrial Direct Co., Inc.",Industrials,
MSOS,AdvisorShares Pure US Cannabis ,,
MSTR,Strategy Inc,Technology,
MSTU,T-Rex 2X Long MSTR Daily Target ETF,,
MSTX,Defiance Daily Target 2x Long MSTR ETF,,
MSTY,YieldMax MSTR Option Income Str,,
MSTZ,T-Rex 2X Inverse MSTR Daily Target ETF,,
MT,ArcelorMittal S.A.,Materials,
MTB,M&T Bank Corporation,Financials,
MTCH,"Match Group, Inc.",Communication Services,
MTD,Mettler-Toledo International Inc.,Healthcare,
MTDR,Matador Resources Company,Energy,
MTG,MGIC Investment Corporation,Financials,
MTH,Meritage Homes Corporation,Consumer Discretionary,
MTN,,Consumer Discretionary,
MTRN,Materion Corporation,Materials,Other Industrial Metals & Mining
MTSI,"MACOM Technology Solutions Holdings, Inc.",Technology,
MTUM,iShares MSCI USA Momentum Factor ETF,,
MTX,Minerals Technologies Inc.,Materials,Specialty Chemicals
MTZ,"MasTec, Inc.",Industrials,
MU,"Micron Technology, Inc.",Technology,
MUB,iShares National Muni Bond ETF,,
MUD,Direxion Daily MU Bear 1X ETF,,
MUFG,"Mitsubishi UFJ Financial Group, Inc.",Financials,
MULL,GraniteShares 2x Long MU Daily ,,
MUNI,PIMCO Intermediate Municipal Bo,,
MUR,Murphy Oil Corporation,Energy,
MUSA,Murphy USA Inc.,Consumer Discretionary,
MUU,Direxion Daily MU Bull 2X Shares,,
MUX,McEwen Inc.,Materials,Other Precious Metals & Mining
MUZ,Defiance Daily Target 2X Short ,,
MVLL,GraniteShares 2x Long MRVL Dail,,
MWA,MUELLER WATER PRODUCTS,Industrials,Specialty Industrial Machinery
MWH,"SOLV Energy, Inc.",Utilities,Utilities - Renewable
MXL,"MaxLinear, Inc",Technology,Semiconductors
MYRG,"MYR Group, Inc.",Industrials,Engineering & Construction
MZTI,The Marzetti Company,Consumer Staples,Packaged Foods
NAIL,Direxion Daily Homebuilders & Supplies Bull 3X Shares,,
NAMM,Namib Minerals,Materials,
NAMS,NewAmsterdam Pharma Company N.V,Healthcare,Biotechnology
NASA,Tema Space Innovators ETF,,
NAT,Nordic American Tankers Limited,Energy,Oil & Gas Midstream
NATL,NCR Atleos Corporation,Technology,Software - Application
NAVN,"Navan, Inc.",Technology,Software - Application
NB,NioCorp Developments Ltd.,Materials,Other Industrial Metals & Mining
NBHC,National Bank Holdings Corporat,Financials,Banks - Regional
NBIG,Leverage Shares 2X Long NBIS Da,,
NBIL,GraniteShares 2x Long NBIS Dail,,
NBIS,Nebius Group N.V.,Communication Services,
NBIX,"Neurocrine Biosciences, Inc.",Healthcare,
NBIZ,Tradr 2X Short NBIS Daily ETF,,
NBN,Northeast Bank,Financials,Banks - Regional
NBR,Nabors Industries Ltd.,Energy,Oil & Gas Drilling
NBTB,NBT Bancorp Inc.,Financials,Banks - Regional
NCLD,Roundhill Neocloud ETF,,
NCLH,Norwegian Cruise Line Holdings Ltd.,Consumer Discretionary,
NCNO,"nCino, Inc.",Technology,Software - Application
NCRA,"Nocera, Inc.",Consumer Staples,Packaged Foods
NDAQ,"Nasdaq, Inc.",Financials,
NDSN,Nordson Corporation,Industrials,
NE,Noble Corporation plc,Energy,
NEAR,iShares Short Duration Bond Act,,
NEBX,Tradr 2X Long NBIS Daily ETF,,
NEE,"NextEra Energy, Inc.",Utilities,
NEM,Newmont Corporation,Materials,
NEO,"NeoGenomics, Inc.",Healthcare,Diagnostics & Research
NEOG,Neogen Corporation,Healthcare,Medical Devices
NESR,National Energy Services Reunit,Energy,Oil & Gas Equipment & Services
NET,"Cloudflare, Inc.",Technology,
NEU,NewMarket Corporation,Materials,
NEXT,NextDecade Corporation,Energy,Oil & Gas Equipment & Services
NFG,National Fuel Gas Company,Energy,
NFLX,,Communication Services,
NFXL,Direxion Daily NFLX Bull 2X ETF,,
NG,Novagold Resources Inc.,Materials,Gold
NGG,"National Grid Transco, PLC Nati",Utilities,Utilities - Regulated Electric
NGVT,Ingevity Corporation,Materials,Specialty Chemicals
NHC,National HealthCare Corporation,Healthcare,Medical Care Facilities
NHI,"National Health Investors, Inc.",Real Estate,REIT - Healthcare Facilities
NI,NiSource Inc.,Utilities,
NIC,Nicolet Bankshares Inc.,Financials,Banks - Regional
NICE,NICE Ltd,Technology,Software - Application
NIO,NIO Inc.,Consumer Discretionary,Auto Manufacturers
NIQ,NIQ Global Intelligence plc,,
NJR,NewJersey Resources Corporation,Utilities,Utilities - Regulated Gas
NKE,"NIKE, Inc.",Consumer Discretionary,
NKTR,Nektar Therapeutics,Healthcare,Biotechnology
NLR,VanEck Uranium and Nuclear ETF,,
NLY,"Annaly Capital Management, Inc.",Real Estate,
NMIH,NMI Holdings Inc,Financials,Insurance - Specialty
NMRK,"Newmark Group, Inc.",Real Estate,Real Estate Services
NN,NextNav Inc.,Technology,Software - Infrastructure
NNE,NANO Nuclear Energy Inc.,Industrials,
NNI,"Nelnet, Inc.",Financials,Credit Services
NNN,"NNN REIT, Inc.",Real Estate,
NOBL,ProShares S&P 500 Dividend Aristocrats ETF,,
NOC,Northrop Grumman Corporation,Industrials,
NOG,"Northern Oil and Gas, Inc.",Energy,Oil & Gas E&P
NOK,Nokia Corporation Sponsored,Technology,Communication Equipment
NOMD,Nomad Foods Limited,Consumer Staples,Packaged Foods
NOV,NOV Inc.,Energy,
NOVT,Novanta Inc.,Technology,
NOW,"ServiceNow, Inc.",Technology,
NOWL,GraniteShares 2x Long NOW Daily,,
NP,Neptune Insurance Holdings Inc.,Financials,Insurance Brokers
NPO,Enpro Inc.,Industrials,Specialty Industrial Machinery
NRG,"NRG Energy, Inc.",Utilities,
NRGV,"Energy Vault Holdings, Inc.",Utilities,Utilities - Renewable
NRIX,"Nurix Therapeutics, Inc.",Healthcare,Biotechnology
NSA,,Real Estate,
NSAIU,NorthStrive Acquisition Corp I. Units,Financials,Shell Companies
NSC,Norfolk Southern Corporation,Industrials,
NSIT,"Insight Enterprises, Inc.",Technology,Electronics & Computer Distribution
NSP,"Insperity, Inc.",Industrials,Staffing & Employment Services
NTAP,"NetApp, Inc.",Technology,
NTCT,"NetScout Systems, Inc.",Technology,Software - Infrastructure
NTES,"NetEase, Inc.",Communication Services,Electronic Gaming & Multimedia
NTLA,"Intellia Therapeutics, Inc.",Biotech,
NTNX,"Nutanix, Inc.",Technology,
NTR,Nutrien Ltd.,Materials,
NTRA,"Natera, Inc.",Healthcare,
NTRS,,Financials,
NTSK,"Netskope, Inc.",Technology,Software - Infrastructure
NTST,NetSTREIT Corp.,Real Estate,REIT - Retail
NU,Nu Holdings Ltd.,Financials,
NUAI,"New Era Energy & Digital, Inc.",Technology,Software - Infrastructure
NUE,Nucor Corporation,Materials,
NUGT,Direxion Daily Gold Miners Index Bull 2XShares,Materials,
NUTX,Nutex Health Inc.,Healthcare,Medical Care Facilities
NUVB,Nuvation Bio Inc.,Healthcare,Biotechnology
NUWE,"Nuwellis, Inc.",Healthcare,Medical Devices
NVAX,"Novavax, Inc.",Healthcare,Biotechnology
NVCR,NovoCure Limited,Healthcare,Medical Devices
NVD,GraniteShares 2x Short NVDA Daily ETF,,
NVDA,NVIDIA Corporation,Technology,
NVDL,GraniteShares 2x Long NVDA Daily ETF,,
NVDQ,T-Rex 2X Inverse NVIDIA Daily T,,
NVDU,Direxion Daily NVDA Bull 2X ETF,,
NVDX,T-Rex 2X Long NVIDIA Daily Target ETF,,
NVDY,YieldMax NVDA Option Income Strategy ETF,,
NVEC,NVE Corporation,Technology,Semiconductors
NVMI,Nova Ltd.,Technology,
NVO,Novo Nordisk A/S,Healthcare,
NVR,"NVR, Inc.",Consumer Discretionary,
NVS,Novartis AG,Healthcare,
NVST,Envista Holdings Corporation,Healthcare,
NVT,nVent Electric plc,Industrials,
NVTS,Navitas Semiconductor Corporation,Semiconductors,
NWBI,"Northwest Bancshares, Inc.",Financials,Banks - Regional
NWE,"NorthWestern Energy Group, Inc.",Utilities,Utilities - Regulated Electric
NWG,NatWest Group plc,Financials,Banks - Regional
NWL,Newell Brands Inc.,Consumer Staples,Household & Personal Products
NWPX,"NWPX Infrastructure, Inc.",Materials,Steel
NWS,News Corporation,Communication Services,Entertainment
NWSA,News Corporation,Communication Services,
NXE,NexGen Energy Ltd.,Energy,
NXPI,NXP Semiconductors N.V.,Semiconductors,
NXST,"Nexstar Media Group, Inc.",Communication Services,
NXT,Nextpower Inc.,Technology,
NYT,The New York Times Company,Communication Services,
O,Realty Income Corporation,Real Estate,
OBDC,Blue Owl Capital Corporation,Financials,Asset Management
OC,Owens Corning,Industrials,
OCFC,OceanFirst Financial Corp.,Financials,Banks - Regional
OCTV,Octave Intelligence plc,Technology,Software - Application
OCUL,"Ocular Therapeutix, Inc.",Healthcare,
ODFL,"Old Dominion Freight Line, Inc.",Logistics,
OEF,iShares S&P 100 Fund,,
OGE,OGE Energy Corp.,Utilities,
OGN,Organon & Co.,Healthcare,
OGS,"ONE Gas, Inc.",Utilities,Utilities - Regulated Gas
OHI,"Omega Healthcare Investors, Inc.",Real Estate,
OI,"O-I Glass, Inc.",Consumer Discretionary,Packaging & Containers
OIH,VanEck Oil Services ETF,Energy,
OII,"Oceaneering International, Inc.",Energy,Oil & Gas Equipment & Services
OKE,"ONEOK, Inc.",Energy,
OKLL,Defiance Daily Target 2x Long OKLO ETF,,
OKLO,Oklo Inc.,Utilities,
OKTA,"Okta, Inc.",Technology,
OLED,Universal Display Corporation,Technology,
OLLI,"Ollie's Bargain Outlet Holdings, Inc.",Consumer Staples,
OLN,Olin Corporation,Materials,
OMAH,VistaShares Target 15 Berkshire,,
OMC,Omnicom Group Inc.,Communication Services,
OMCL,"Omnicell, Inc.",Healthcare,Health Information Services
OMDA,"Omada Health, Inc.",Healthcare,Health Information Services
OMER,Omeros Corporation,Healthcare,
OMF,"OneMain Holdings, Inc.",Financials,
OMH,Ohmyhome Limited,Real Estate,Real Estate Services
ON,ON Semiconductor Corporation,Semiconductors,
ONB,Old National Bancorp,Financials,
ONC,BeOne Medicines Ltd.,Healthcare,Biotechnology
ONDL,Defiance Daily Target 2X Long O,,
ONDS,Ondas Inc.,Technology,
ONEQ,Fidelity Nasdaq Composite Index,,
ONFO,Onfolio Holdings Inc.,Communication Services,Internet Content & Information
ONON,On Holding AG,Consumer Discretionary,
ONTO,Onto Innovation Inc.,Technology,
OPCH,"Option Care Health, Inc.",Healthcare,
OPEN,Opendoor Technologies Inc.,Real Estate,
OPLN,"OPENLANE, Inc.",Consumer Discretionary,Auto & Truck Dealerships
OR,OR Royalties Inc.,Materials,
ORA,"Ormat Technologies, Inc.",Utilities,
ORC,"Orchid Island Capital, Inc.",Real Estate,
ORCL,Oracle Corporation,Technology,
ORCU,Direxion Daily ORCL Bull 2X ETF,,
ORCX,Defiance Daily Target 2X Long ORCL ETF,,
ORI,Old Republic International Corporation,Financials,
ORIC,"Oric Pharmaceuticals, Inc.",Healthcare,Biotechnology
ORKA,"Oruka Therapeutics, Inc.",Healthcare,Biotechnology
ORLY,"O'Reilly Automotive, Inc.",Consumer Discretionary,
OSCR,"Oscar Health, Inc.",Healthcare,
OSIS,"OSI Systems, Inc.",Technology,
OSK,Oshkosh Corporation,Industrials,
OSW,OneSpaWorld Holdings Limited,Consumer Discretionary,Leisure
OTEX,Open Text Corporation,Technology,Software - Application
OTF,Blue Owl Technology Finance Cor,Financials,Asset Management
OTIS,Otis Worldwide Corporation,Industrials,
OTLK,"Outlook Therapeutics, Inc.",Healthcare,Biotechnology
OTTR,Otter Tail Corporation,Industrials,Conglomerates
OUNZ,VanEck Merk Gold ETF,Materials,
OUST,"Ouster, Inc.",Technology,Electronic Components
OUT,OUTFRONT Media Inc.,Real Estate,REIT - Specialty
OVV,Ovintiv Inc.,Energy,
OWL,Blue Owl Capital Inc.,Financials,
OXY,Occidental Petroleum Corporation,Energy,
OZK,Bank OZK,Financials,
P,"Everpure, Inc.",Technology,Computer Hardware
PAA,"Plains All American Pipeline, L",Energy,Oil & Gas Midstream
PAAA,PGIM AAA CLO ETF,,
PAAS,Pan American Silver Corp.,Materials,
PAC,Grupo Aeroportuario Del Pacific,Industrials,Airports & Air Services
PACS,"PACS Group, Inc.",Healthcare,Medical Care Facilities
PAG,"Penske Automotive Group, Inc.",Consumer Discretionary,Auto & Truck Dealerships
PAGP,"Plains GP Holdings, L.P.",Energy,Oil & Gas Midstream
PAGS,PagSeguro Digital Ltd.,Technology,Software - Infrastructure
PALL,abrdn Physical Palladium Shares ETF,,
PANW,"Palo Alto Networks, Inc.",Technology,
PAR,PAR Technology Corporation,Technology,Software - Application
PARR,"Par Pacific Holdings, Inc. Comm",Energy,Oil & Gas Refining & Marketing
PATH,"UiPath, Inc.",Technology,
PATK,"Patrick Industries, Inc.",Consumer Discretionary,Recreational Vehicles
PAVE,Global X U.S. Infrastructure Development ETF,,
PAVS,Paranovus Entertainment Technol,Consumer Staples,Packaged Foods
PAY,"Paymentus Holdings, Inc.",Technology,Software - Infrastructure
PAYC,"Paycom Software, Inc.",Technology,
PAYO,Payoneer Global Inc.,Technology,Software - Infrastructure
PAYX,"Paychex, Inc.",Technology,
PB,"Prosperity Bancshares, Inc.",Financials,
PBA,Pembina Pipeline Corp.,Energy,Oil & Gas Midstream
PBF,PBF Energy Inc.,Energy,
PBH,Prestige Consumer Healthcare In,Healthcare,Drug Manufacturers - Specialty & Generic
PBI,Pitney Bowes Inc.,Industrials,Integrated Freight & Logistics
PBR,Petr?leo Brasileiro S.A. - Petrobras,Energy,
PBR-A,Petroleo Brasileiro S.A. Petrob,Energy,Oil & Gas Integrated
PBW,Invesco WilderHill Clean Energy,,
PCAR,PACCAR Inc,Industrials,
PCG,PG&E Corporation,Utilities,
PCOR,"Procore Technologies, Inc.",Technology,
PCRX,"Pacira BioSciences, Inc.",Healthcare,Drug Manufacturers - Specialty & Generic
PCT,"PureCycle Technologies, Inc.",Industrials,Pollution & Treatment Controls
PCTY,Paylocity Holding Corporation,Technology,
PCVX,"Vaxcyte, Inc.",Healthcare,
PDBC,Invesco Optimum Yield Diversified Commodity Strategy No K-1 ETF,,
PDD,PDD Holdings Inc.,Consumer Discretionary,Internet Retail
PDFS,"PDF Solutions, Inc.",Technology,Software - Application
PDI,,Financials,
PEB,Pebblebrook Hotel Trust,Real Estate,REIT - Hotel & Motel
PECO,"Phillips Edison & Company, Inc.",Real Estate,REIT - Retail
PEG,Public Service Enterprise Group Incorporated,Utilities,
PEGA,Pegasystems Inc.,Energy,
PEN,"Penumbra, Inc.",Healthcare,
PENG,"Penguin Solutions, Inc.",Technology,Information Technology Services
PENN,"PENN Entertainment, Inc.",Consumer Discretionary,
PEP,"PepsiCo, Inc.",Consumer Staples,
PFE,Pfizer Inc.,Healthcare,
PFF,iShares Preferred and Income Securities ETF,,
PFG,"Principal Financial Group, Inc.",Financials,
PFGC,Performance Food Group Company,Consumer Staples,
PFS,"Provident Financial Services, I",Financials,Banks - Regional
PFSA,"Profusa, Inc.",Healthcare,Medical Devices
PFSI,"PennyMac Financial Services, Inc.",Financials,
PG,The Procter & Gamble Company,Consumer Staples,
PGEN,"Precigen, Inc.",Healthcare,Biotechnology
PGNY,"Progyny, Inc.",Healthcare,Healthcare Plans
PGR,The Progressive Corporation,Financials,
PGX,Invesco Preferred ETF,,
PGY,Pagaya Technologies Ltd.,Technology,
PH,Parker-Hannifin Corporation,Industrials,
PHAT,"Phathom Pharmaceuticals, Inc.",Healthcare,Biotechnology
PHG,Koninklijke Philips N.V. NY Reg,Healthcare,Medical Devices
PHIN,PHINIA Inc.,Consumer Discretionary,Auto Parts
PHM,"PulteGroup, Inc.",Consumer Discretionary,
PHVS,Pharvaris N.V.,Healthcare,Biotechnology
PHYS,Sprott Physical Gold Trust ETV,Materials,
PI,"Impinj, Inc.",Technology,
PICK,iShares MSCI Global Select Metals & Mining Producers Fund,Materials,
PII,Polaris Inc.,Consumer Discretionary,
PINS,"Pinterest, Inc.",Communication Services,
PIPR,Piper Sandler Companies,Financials,Capital Markets
PJT,PJT Partners Inc.,Financials,Capital Markets
PK,Park Hotels & Resorts Inc.,Real Estate,REIT - Hotel & Motel
PKG,Packaging Corporation of America,Consumer Discretionary,
PKX,POSCO Holdings Inc.,Materials,Steel
PL,Planet Labs PBC,Industrials,
PLAB,"Photronics, Inc.",Technology,Semiconductor Equipment & Materials
PLAG,Planet Green Holdings Corp.,Industrials,Conglomerates
PLD,"Prologis, Inc.",Real Estate,
PLMR,"Palomar Holdings, Inc.",Financials,Insurance - Property & Casualty
PLNT,"Planet Fitness, Inc.",Consumer Discretionary,
PLPC,Preformed Line Products Company,Industrials,Electrical Equipment & Parts
PLSE,"Pulse Biosciences, Inc",Healthcare,Medical Instruments & Supplies
PLTD,Direxion Daily PLTR Bear 1X Shares,,
PLTM,GraniteShares Platinum Shares ETF,,
PLTR,Palantir Technologies Inc.,Technology,
PLTU,Direxion Daily PLTR Bull 2X Shares,,
PLTZ,Defiance Daily Target 2x Short ,,
PLUG,Plug Power Inc.,Industrials,
PLUS,ePlus inc.,Technology,Software - Application
PLXS,Plexus Corp.,Technology,Electronic Components
PM,Philip Morris International Inc.,Consumer Staples,
PN,PN Smart Energy Limited,Technology,Solar
PNC,"The PNC Financial Services Group, Inc.",Financials,
PNFP,"Pinnacle Financial Partners, Inc.",Financials,
PNR,Pentair plc,Industrials,
PNRG,PrimeEnergy Resources Corporati,Energy,Oil & Gas E&P
PNW,Pinnacle West Capital Corporation,Utilities,
PODD,Insulet Corporation,Healthcare,
POET,POET Technologies Inc.,Technology,
PONY,Pony AI Inc.,Technology,Information Technology Services
POOL,Pool Corporation,Industrials,
POR,Portland General Electric Co,Utilities,Utilities - Regulated Electric
POST,"Post Holdings, Inc.",Consumer Staples,
POWI,"Power Integrations, Inc.",Technology,Semiconductors
POWL,"Powell Industries, Inc.",Industrials,
PPA,Invesco Aerospace & Defense ETF,Defense,
PPC,Pilgrim's Pride Corporation,Consumer Staples,Packaged Foods
PPG,"PPG Industries, Inc.",Materials,
PPH,VanEck Pharmaceutical ETF,,
PPL,PPL Corporation,Utilities,
PPLI,People Incorporated,Communication Services,Internet Content & Information
PPLT,abrdn Physical Platinum Shares ETF,,
PPTA,Perpetua Resources Corp.,Materials,
PR,Permian Resources Corporation,Energy,
PRAX,"Praxis Precision Medicines, Inc.",Healthcare,
PRCH,"Porch Group, Inc.",Financials,Insurance - Property & Casualty
PRCT,PROCEPT BioRobotics Corporation,Healthcare,Medical Devices
PRDO,Perdoceo Education Corporation,Consumer Staples,Education & Training Services
PRG,"PROG Holdings, Inc.",Industrials,Rental & Leasing Services
PRGO,Perrigo Company plc,Healthcare,Drug Manufacturers - Specialty & Generic
PRGS,Progress Software Corporation,Technology,Software - Infrastructure
PRI,"Primerica, Inc.",Financials,Insurance - Life
PRIM,Primoris Services Corporation,Industrials,
PRK,Park National Corporation,Financials,Banks - Regional
PRKS,United Parks & Resorts Inc.,Consumer Discretionary,Leisure
PRLB,"Proto Labs, Inc.",Industrials,Metal Fabrication
PRM,"Perimeter Solutions, SA",Materials,Specialty Chemicals
PRMB,Primo Brands Corporation,Consumer Staples,
PRU,"Prudential Financial, Inc.",Financials,
PRVA,"Privia Health Group, Inc.",Healthcare,Health Information Services
PSA,Public Storage,Real Estate,
PSI,Invesco Semiconductors ETF,,
PSIX,"Power Solutions International, ",Industrials,Specialty Industrial Machinery
PSKY,Paramount Skydance Corporation,Communication Services,
PSLV,Sprott Physical Silver Trust ETV,Materials,
PSMT,"PriceSmart, Inc.",Consumer Staples,Discount Stores
PSN,Parsons Corporation,Technology,
PSNL,"Personalis, Inc.",Healthcare,Diagnostics & Research
PSQ,ProShares Short QQQ,,
PSUS,"Pershing Square USA, Ltd.",Financials,Asset Management
PSX,Phillips 66,Energy,
PTC,PTC Inc.,Technology,
PTCT,"PTC Therapeutics, Inc.",Biotech,
PTEN,"Patterson-UTI Energy, Inc.",Energy,
PTF,Invesco Dorsey Wright Technolog,,
PTGX,"Protagonist Therapeutics, Inc.",Biotech,
PTIR,GraniteShares 2x Long PLTR Daily ETF,,
PTON,"Peloton Interactive, Inc.",Consumer Discretionary,
PTRN,Pattern Group Inc. - Series A,Technology,Software - Application
PUK,Prudential Public Limited Compa,Financials,Insurance - Life
PULS,PGIM Ultra Short Bond ETF,,
PUMP,ProPetro Holding Corp.,Energy,Oil & Gas Equipment & Services
PURR,Hyperliquid Strategies Inc,Financials,Capital Markets
PVAL,Putnam Focused Large Cap Value ETF,,
PVH,PVH Corp.,Consumer Discretionary,
PVLA,"Palvella Therapeutics, Inc.",Healthcare,Biotechnology
PWP,Perella Weinberg Partners,Financials,Capital Markets
PWR,"Quanta Services, Inc.",Industrials,
PYLD,PIMCO Multisector Bond Active Exchange-Traded Fund,,
PYPL,"PayPal Holdings, Inc.",Financials,
PZA,Invesco National AMT-Free Munic,,
PZZA,"Papa John's International, Inc.",Consumer Discretionary,Restaurants
Q,"Qnity Electronics, Inc.",Technology,
QBTS,D-Wave Quantum Inc.,Technology,
QBTX,Tradr 2X Long QBTS Daily ETF,,
QCOM,QUALCOMM Incorporated,Technology,
QDEL,QuidelOrtho Corporation,Healthcare,Medical Devices
QDTE,Roundhill Innovation-100 0DTE C,,
QGEN,Qiagen N.V.,Healthcare,
QID,ProShares UltraShort QQQ,,
QLD,ProShares Ultra QQQ,,
QLTY,GMO U.S. Quality ETF,,
QLYS,"Qualys, Inc.",Technology,Software - Infrastructure
QMCO,Quantum Corporation,Technology,Computer Hardware
QNST,"QuinStreet, Inc.",Communication Services,Advertising Agencies
QNT,Quantinuum Inc.,Technology,Software - Application
QQQ,"Invesco QQQ Trust, Series 1",,
QQQE,Direxion NASDAQ-100 Equal Weigh,,
QQQI,NEOS Nasdaq 100 High Income ETF,,
QQQM,Invesco NASDAQ 100 ETF,,
QRVO,"Qorvo, Inc.",Technology,
QS,QuantumScape Corporation,Consumer Discretionary,
QSR,Restaurant Brands International Inc.,Consumer Discretionary,
QTEC,First Trust NASDAQ-100-Technolo,,
QTUM,Defiance Quantum ETF,,
QTWO,"Q2 Holdings, Inc.",Technology,Software - Application
QUAL,iShares MSCI USA Quality Factor ETF,,
QUBT,Quantum Computing Inc.,Technology,
QURE,uniQure N.V.,Healthcare,Biotechnology
QXO,"QXO, Inc.",Industrials,
QYLD,Global X NASDAQ 100 Covered Call ETF,,
R,"Ryder System, Inc.",Industrials,
RACE,Ferrari N.V.,Consumer Discretionary,
RAL,Ralliant Corporation,Technology,
RAM,Roundhill T-REX 2X Long DRAM Da,,
RAMP,"LiveRamp Holdings, Inc.",Technology,Software - Infrastructure
RARE,Ultragenyx Pharmaceutical Inc.,Biotech,
RBA,"RB Global, Inc.",Industrials,
RBC,RBC Bearings Incorporated,Industrials,
RBLX,Roblox Corporation,Communication Services,
RBRK,"Rubrik, Inc.",Technology,
RCAT,"Red Cat Holdings, Inc.",Industrials,
RCI,"Rogers Communication, Inc.",Communication Services,Telecom Services
RCL,Royal Caribbean Cruises Ltd.,Consumer Discretionary,
RCUS,"Arcus Biosciences, Inc.",Healthcare,Biotechnology
RDDT,"Reddit, Inc.",Communication Services,
RDN,Radian Group Inc.,Financials,Insurance - Specialty
RDNT,"RadNet, Inc.",Healthcare,Diagnostics & Research
RDTL,GraniteShares 2x Long RDDT Dail,,
RDVI,FT Vest Rising Dividend Achieve,,
RDVT,"Red Violet, Inc.",Technology,Software - Application
RDVY,First Trust Rising Dividend Achievers ETF,,
RDW,Redwire Corporation,Industrials,
RDY,Dr. Reddy's Laboratories Ltd,Healthcare,Drug Manufacturers - Specialty & Generic
REAL,"The RealReal, Inc.",Consumer Discretionary,Luxury Goods
RECS,Columbia Research Enhanced Core,,
REET,iShares Global REIT ETF,,
REG,Regency Centers Corporation,Real Estate,
REGN,"Regeneron Pharmaceuticals, Inc.",Biotech,
RELX,RELX PLC PLC,Industrials,Specialty Business Services
RELY,"Remitly Global, Inc.",Technology,Software - Infrastructure
REMX,VanEck Rare Earth and Strategic Metals ETF,Materials,
REPL,"Replimune Group, Inc.",Healthcare,Biotechnology
REXR,"Rexford Industrial Realty, Inc.",Real Estate,
REYN,Reynolds Consumer Products Inc.,Consumer Discretionary,Packaging & Containers
REZI,"Resideo Technologies, Inc.",Industrials,Industrial Distribution
RF,Regions Financial Corporation,Financials,
RGA,"Reinsurance Group of America, Incorporated",Financials,
RGEN,Repligen Corporation,Healthcare,
RGLD,"Royal Gold, Inc.",Materials,
RGTI,"Rigetti Computing, Inc.",Technology,
RGTZ,Defiance Daily Target 2x Short RGTI ETF,,
RH,RH,Consumer Discretionary,
RHI,Robert Half Inc.,Industrials,
RHLD,Resolute Holdings Management,Industrials,Specialty Business Services
RHP,"Ryman Hospitality Properties, I",Real Estate,REIT - Hotel & Motel
RIG,Transocean Ltd.,Energy,
RING,iShares MSCI Global Gold Miners,,
RIO,Rio Tinto Group,Materials,
RIOT,"Riot Platforms, Inc.",Financials,
RITM,Rithm Capital Corp.,Real Estate,
RITR,Reitar Logtech Holdings Limited,Industrials,Engineering & Construction
RIVN,"Rivian Automotive, Inc.",Consumer Discretionary,
RJF,"Raymond James Financial, Inc.",Financials,
RKLB,Rocket Lab Corporation,Industrials,
RKLX,Defiance Daily Target 2X Long RKLB ETF,,
RKLZ,Defiance Daily Target 2x Short RKLB ETF,,
RKT,"Rocket Companies, Inc.",Financials,
RL,Ralph Lauren Corporation,Consumer Discretionary,
RLAY,"Relay Therapeutics, Inc.",Healthcare,Biotechnology
RLI,RLI Corp.,Financials,Insurance - Property & Casualty
RLJ,RLJ Lodging Trust,Real Estate,REIT - Hotel & Motel
RMBS,Rambus Inc.,Technology,
RMCF,Rocky Mountain Chocolate Factor,Consumer Staples,Confectioners
RMD,ResMed Inc.,Healthcare,
RNA,"Avidity Biosciences, Inc.",Healthcare,
RNG,"Ringcentral, Inc.",Technology,Software - Application
RNR,RenaissanceRe Holdings Ltd.,Financials,
RNST,Renasant Corporation,Financials,Banks - Regional
RNW,ReNew Energy Global plc,Utilities,Utilities - Renewable
ROAD,"Construction Partners, Inc.",Industrials,Engineering & Construction
ROCK,"Gibraltar Industries, Inc.",Industrials,Building Products & Equipment
ROCY,JPMorgan Equity Premium Yield E,,
ROG,Rogers Corporation,Technology,Electronic Components
ROIV,Roivant Sciences Ltd.,Healthcare,
ROK,"Rockwell Automation, Inc.",Industrials,
ROKU,"Roku, Inc.",Communication Services,
ROL,"Rollins, Inc.",Consumer Discretionary,
ROLR,"High Roller Technologies, Inc.",Consumer Discretionary,
ROOT,"Root, Inc.",Financials,Insurance - Property & Casualty
ROP,"Roper Technologies, Inc.",Technology,
ROST,"Ross Stores, Inc.",Consumer Discretionary,
RPD,"Rapid7, Inc.",Technology,Software - Infrastructure
RPG,Invesco S&P 500 Pure Growth ETF,,
RPM,RPM International Inc.,Materials,
RPRX,Royalty Pharma plc,Healthcare,
RPV,Invesco S&P 500 Pure Value ETF,,
RR,Richtech Robotics Inc.,Industrials,
RRC,Range Resources Corporation,Energy,
RRR,"Red Rock Resorts, Inc.",Consumer Discretionary,Resorts & Casinos
RRX,Regal Rexnord Corporation,Industrials,
RS,"Reliance, Inc.",Materials,
RSG,"Republic Services, Inc.",Industrials,
RSI,"Rush Street Interactive, Inc.",Consumer Discretionary,Gambling
RSP,Invesco S&P 500 Equal Weight ETF,,
RSPT,Invesco S&P 500 Equal Weight Te,,
RTO,Rentokil Initial plc,Industrials,Specialty Business Services
RTX,RTX Corporation,Industrials,
RUM,RUM Group Inc.,Communication Services,Internet Content & Information
RUN,Sunrun Inc.,Technology,
RUSHA,"Rush Enterprises, Inc.",Consumer Discretionary,Auto & Truck Dealerships
RVII,Robinhood Ventures Fund II,Financials,Asset Management
RVLV,"Revolve Group, Inc.",Consumer Discretionary,Internet Retail
RVMD,"Revolution Medicines, Inc.",Healthcare,
RVTY,"Revvity, Inc.",Healthcare,
RWL,Invesco S&P 500 Revenue ETF,,
RWM,ProShares Short Russell2000,,
RWR,State Street SPDR Dow Jones REI,,
RXO,"RXO, Inc.",Industrials,Trucking
RXRX,"Recursion Pharmaceuticals, Inc.",Biotech,
RXT,"Rackspace Technology, Inc.",Technology,Software - Infrastructure
RY,Royal Bank of Canada,Financials,
RYAAY,Ryanair Holdings plc,Industrials,Airlines
RYAN,"Ryan Specialty Holdings, Inc.",Financials,
RYN,Rayonier Inc. REIT,Real Estate,REIT - Specialty
RYTM,"Rhythm Pharmaceuticals, Inc.",Biotech,
RZLV,Rezolve AI PLC,Technology,
S,"SentinelOne, Inc.",Technology,
SA,"Seabridge Gold, Inc.",Materials,Gold
SAFT,"Safety Insurance Group, Inc.",Financials,Insurance - Property & Casualty
SAH,"Sonic Automotive, Inc.",Consumer Discretionary,Auto & Truck Dealerships
SAIA,"Saia, Inc.",Industrials,
SAIC,Science Applications International Corporation,Technology,
SAIL,"SailPoint, Inc.",Technology,Software - Infrastructure
SAM,"Boston Beer Company, Inc. (The)",Consumer Staples,Beverages - Brewers
SAN,"Banco Santander, S.A. Sponsored",Financials,Banks - Diversified
SANM,Sanmina Corporation,Technology,
SAP,SAP SE,Technology,
SARO,"StandardAero, Inc.",Industrials,
SATL,Satellogic Inc.,Industrials,Aerospace & Defense
SBAC,SBA Communications Corporation,Real Estate,
SBCF,Seacoast Banking Corporation of,Financials,Banks - Regional
SBET,"SharpLink Gaming, Inc.",Financials,
SBH,"Sally Beauty Holdings, Inc. (Na",Consumer Discretionary,Specialty Retail
SBIL,Simplify Government Money Marke,,
SBIT,ProShares UltraShort Bitcoin ETF,Crypto,
SBLK,Star Bulk Carriers Corp.,Industrials,Marine Shipping
SBRA,"Sabra Health Care REIT, Inc.",Real Estate,REIT - Healthcare Facilities
SBS,Companhia de saneamento Basico ,Utilities,Utilities - Regulated Water
SBSW,Sibanye Stillwater Limited,Materials,
SBUX,Starbucks Corporation,Consumer Discretionary,
SCCO,Southern Copper Corporation,Materials,
SCCR,Schwab Core Bond ETF,,
SCHA,Schwab U.S. Small-Cap ETF,,
SCHB,Schwab U.S. Broad Market ETF,,
SCHC,Schwab International Small-Cap ,,
SCHD,Schwab US Dividend Equity ETF,,
SCHE,Schwab Emerging Markets Equity ETF,,
SCHF,Schwab International Equity ETF,,
SCHG,Schwab U.S. Large-Cap Growth ETF,,
SCHH,Schwab U.S. REIT ETF,,
SCHI,Schwab 5-10 Year Corporate Bond,,
SCHK,Schwab 1000 Index ETF,,
SCHL,Scholastic Corporation,Communication Services,Publishing
SCHM,Schwab U.S. Mid Cap ETF,,
SCHO,Schwab Short-Term U.S. Treasury ETF,,
SCHP,Schwab U.S. TIPS ETF,,
SCHR,Schwab Intermediate-Term U.S. Treasury ETF,,
SCHV,Schwab U.S. Large-Cap Value ETF,,
SCHW,The Charles Schwab Corporation,Financials,
SCHX,Schwab U.S. Large-Cap ETF,,
SCHY,Schwab International Dividend E,,
SCHZ,Schwab US Aggregate Bond ETF,,
SCI,Service Corporation International,Consumer Discretionary,
SCKT,"Socket Mobile, Inc.",Technology,Computer Hardware
SCMB,Schwab Municipal Bond ETF,,
SCO,ProShares UltraShort Bloomberg ,,
SCYB,Schwab High Yield Bond ETF,,
SCZ,iShares MSCI EAFE Small-Cap ETF,,
SDGR,"Schrodinger, Inc.",Healthcare,Health Information Services
SDOW,UltraPro Short Dow30,,
SDRL,Seadrill Limited,Energy,Oil & Gas Drilling
SDS,ProShares UltraShort S&P500,,
SDVY,First Trust SMID Cap Rising Dividend Achievers ETF,,
SDY,State Street SPDR S&P Dividend ETF,,
SE,Sea Limited,Consumer Discretionary,Internet Retail
SEB,Seaboard Corporation,Industrials,
SEDG,"SolarEdge Technologies, Inc.",Energy Transition,
SEI,"Solaris Energy Infrastructure, Inc.",Energy Transition,
SEIC,SEI Investments Company,Financials,Asset Management
SENEA,Seneca Foods Corp.,Consumer Staples,Packaged Foods
SEPN,"Septerna, Inc.",Healthcare,Biotechnology
SERV,Serve Robotics Inc.,Industrials,
SEZL,Sezzle Inc.,Financials,Credit Services
SF,Stifel Financial Corp.,Financials,
SFBS,"ServisFirst Bancshares, Inc.",Financials,Banks - Regional
SFD,"Smithfield Foods, Inc.",Consumer Staples,Packaged Foods
SFL,SFL Corporation Ltd,Industrials,Marine Shipping
SFM,"Sprouts Farmers Market, Inc.",Consumer Staples,
SFNC,Simmons First National Corporat,Financials,Banks - Regional
SG,"Sweetgreen, Inc.",Consumer Discretionary,Restaurants
SGHC,Super Group (SGHC) Limited,Consumer Discretionary,Gambling
SGI,Somnigroup International Inc.,Consumer Discretionary,
SGML,Sigma Lithium Corporation,Materials,
SGOL,abrdn Physical Gold Shares ETF,Materials,
SGOV,iShares 0-3 Month Treasury Bond ETF,,
SGRY,"Surgery Partners, Inc.",Healthcare,Medical Care Facilities
SGVT,Schwab Government Money Market ,,
SH,ProShares Short S&P500,,
SHAK,Shake Shack Inc.,Consumer Discretionary,
SHAZ,"SharonAI Holdings, Inc.",Technology,Information Technology Services
SHC,Sotera Health Company,Healthcare,Diagnostics & Research
SHEL,Shell PLC,Energy,Oil & Gas Integrated
SHG,Shinhan Financial Group Co Ltd,Financials,Banks - Regional
SHLD,Global X Defense Tech ETF,Defense,
SHLS,"Shoals Technologies Group, Inc.",Technology,Solar
SHO,"Sunstone Hotel Investors, Inc. ",Real Estate,REIT - Hotel & Motel
SHOO,"Steven Madden, Ltd.",Consumer Discretionary,Footwear & Accessories
SHOP,Shopify Inc.,Technology,
SHV,iShares 0-1 Year Treasury Bond ETF,,
SHW,The Sherwin-Williams Company,Materials,
SHY,iShares 1-3 Year Treasury Bond ETF,,
SHYG,iShares 0-5 Year High Yield Cor,,
SIDU,"Sidus Space, Inc.",Industrials,
SIG,Signet Jewelers Limited,Consumer Discretionary,
SIGI,"Selective Insurance Group, Inc.",Financials,Insurance - Property & Casualty
SII,Sprott Inc.,Financials,Asset Management
SIL,Global X Silver Miners ETF,Materials,
SILJ,Amplify Junior Silver Miners ETF,Materials,
SIMO,Silicon Motion Technology Corpo,Technology,Semiconductors
SION,"Sionna Therapeutics, Inc.",Healthcare,Biotechnology
SIRI,Sirius XM Holdings Inc.,Communication Services,
SITE,"SiteOne Landscape Supply, Inc.",Industrials,
SITM,SiTime Corporation,Technology,
SIVR,abrdn Physical Silver Shares ETF,Materials,
SJM,The J. M. Smucker Company,Consumer Staples,
SJNK,State Street SPDR Bloomberg Short Term High Yield Bond ETF,,
SK,Corgi SK hynix 2x Daily ETF,,
SKDD,GraniteShares 2x Short SK Hynix,,
SKE,Skeena Resources Limited,Materials,Other Industrial Metals & Mining
SKHL,Direxion Daily SK Hynix Bull 2X,,
SKHU,PROSHARES ULTRA SK HYNIX,,
SKHX,Leverage Shares 2X Long SK Hyni,,
SKHY,,,
SKHZ,Leverage Shares 1X Short SK Hyn,,
SKM,"SK Telecom Co., Ltd.",Communication Services,Telecom Services
SKT,Tanger Inc.,Real Estate,REIT - Retail
SKUU,GraniteShares 2x Long SK Hynix ,,
SKWD,Skyward Specialty Insurance Gro,Financials,Insurance - Property & Casualty
SKY,"Champion Homes, Inc.",Consumer Discretionary,
SKYQ,Sky Quarry Inc.,Energy,Oil & Gas Integrated
SKYW,"SkyWest, Inc.",Industrials,Airlines
SKYY,First Trust Cloud Computing ETF,,
SLAB,"Silicon Laboratories, Inc.",Technology,Semiconductors
SLB,SLB N.V.,Energy,
SLDE,"Slide Insurance Holdings, Inc.",Financials,Insurance - Property & Casualty
SLE,"Super League Enterprise, Inc.",Communication Services,Internet Content & Information
SLF,Sun Life Financial Inc.,Financials,Insurance - Diversified
SLG,SL Green Realty Corp,Real Estate,REIT - Office
SLGN,Silgan Holdings Inc.,Consumer Discretionary,Packaging & Containers
SLM,SLM Corporation,Financials,
SLN,Silence Therapeutics Plc - Amer,Healthcare,Biotechnology
SLS,"SELLAS Life Sciences Group, Inc.",Healthcare,
SLV,iShares Silver Trust,Materials,
SLVO,ETRACS Silver Shares Covered Ca,,
SLVP,iShares MSCI Global Silver Miners Fund,Materials,
SLYV,State Street SPDR S&P 600 Small,,
SM,SM Energy Company,Energy,
SMA,"SmartStop Self Storage REIT, In",Real Estate,REIT - Industrial
SMCI,"Super Micro Computer, Inc.",Technology,
SMCIP,"Super Micro Computer, Inc. - De",Technology,Computer Hardware
SMCL,GraniteShares 2x Long SMCI Dail,,
SMCX,Defiance Daily Target 2X Long S,,
SMCZ,Defiance Daily Target 2X Short ,,
SMFG,Sumitomo Mitsui Financial Group,Financials,Banks - Diversified
SMG,Scotts Miracle-Gro Company (The,Materials,Agricultural Inputs
SMH,VanEck Semiconductor ETF,Semiconductors,
SMMD,iShares Russell 2500 ETF,,
SMMT,Summit Therapeutics Inc.,Healthcare,Biotechnology
SMPL,The Simply Good Foods Company,Consumer Staples,Packaged Foods
SMR,NuScale Power Corporation,Industrials,
SMTC,Semtech Corporation,Technology,
SMX,SMX (Security Matters) Public Limited Company,Industrials,
SN,"SharkNinja, Inc.",Consumer Discretionary,
SNA,Snap-on Incorporated,Industrials,
SNAP,Snap Inc.,Communication Services,
SNDA,"Sonida Senior Living, Inc.",Healthcare,Medical Care Facilities
SNDG,Leverage Shares 2X Long SNDK Da,,
SNDK,Sandisk Corporation,Technology,
SNDQ,Tradr 2X Short SNDK Daily ETF,,
SNDR,"Schneider National, Inc.",Industrials,Trucking
SNDU,T-REX 2X Long SNDK Daily Target,,
SNDX,"Syndax Pharmaceuticals, Inc.",Healthcare,Biotechnology
SNEX,StoneX Group Inc.,Financials,Capital Markets
SNK,GraniteShares 2x Short SpaceX D,,
SNN,"Smith & Nephew SNATS, Inc.",Healthcare,Medical Devices
SNOW,Snowflake Inc.,Technology,
SNPE,Xtrackers S&P 500 Scored & Scre,,
SNPS,"Synopsys, Inc.",Technology,
SNX,TD SYNNEX Corporation,Technology,
SNXX,,,
SNY,Sanofi,Healthcare,Drug Manufacturers - General
SO,The Southern Company,Utilities,
SOBO,South Bow Corporation,Energy,Oil & Gas Midstream
SOC,Sable Offshore Corp.,Energy,
SOFI,"SoFi Technologies, Inc.",Financials,
SOLS,"Solstice Advanced Materials, Inc.",Materials,
SOLT,2x Solana ETF,,
SOLV,Solventum Corporation,Healthcare,
SON,Sonoco Products Company,Consumer Discretionary,Packaging & Containers
SONO,"Sonos, Inc.",Technology,Consumer Electronics
SONY,Sony Group Corporation,Technology,Consumer Electronics
SOUN,"SoundHound AI, Inc.",Technology,
SOXL,Direxion Daily Semiconductor Bull 3X Shares,Semiconductors,
SOXQ,Invesco PHLX Semiconductor ETF,,
SOXS,Direxion Daily Semiconductor Bear 3X Shares,Semiconductors,
SOXX,iShares PHLX SOX Semiconductor Sector Index Fund,Semiconductors,
SPAB,State Street SPDR Portfolio Aggregate Bond ETF,,
SPAL,GraniteShares 2x Long SpaceX Da,,
SPAX,T-REX 2X Long SPCX Daily Target,,
SPB,"Spectrum Brands Holdings, Inc.",Consumer Staples,Household & Personal Products
SPCE,"Virgin Galactic Holdings, Inc.",Industrials,Aerospace & Defense
SPCF,ProShares Ultra SpaceX,,
SPCG,Tradr 2X Short SpaceX Daily ETF,,
SPCH,Leverage Shares 2X Long SPCX Da,,
SPCM,Tradr 2X Long SpaceX Daily ETF,,
SPCQ,Defiance Daily Target 2X Short ,,
SPCU,Defiance Daily Target 2X Long S,,
SPCX,,,
SPDN,Direxion Daily S&P 500 Bear 1X Shares,,
SPDW,SPDR Portfolio Developed World ex-US ETF,,
SPEM,SPDR Portfolio Emerging Markets ETF,,
SPG,"Simon Property Group, Inc.",Real Estate,
SPGI,S&P Global Inc.,Financials,
SPHB,Invesco S&P 500 High Beta ETF,,
SPHD,Invesco S&P 500 High Dividend L,,
SPHL,Springview Holdings Ltd,Consumer Discretionary,
SPHQ,Invesco S&P 500 Quality ETF,,
SPHR,Sphere Entertainment Co.,Communication Services,
SPHY,State Street SPDR Portfolio High Yield Bond ETF,,
SPIB,State Street SPDR Portfolio Intermediate Term Corporate Bond ETF,,
SPLB,State Street SPDR Portfolio Long Term Corporate Bond ETF,,
SPLV,Invesco S&P 500 Low Volatility ETF,,
SPMB,State Street SPDR Portfolio Mor,,
SPMD,State Street SPDR Portfolio S&P 400 Mid Cap ETF,,
SPMO,Invesco S&P 500 Momentum ETF,,
SPNT,SiriusPoint Ltd.,Financials,Insurance - Reinsurance
SPOT,Spotify Technology S.A.,Communication Services,
SPSB,State Street SPDR Portfolio Short Term Corporate Bond ETF,,
SPSC,"SPS Commerce, Inc.",Technology,Software - Application
SPSM,State Street SPDR Portfolio S&P 600 Small Cap ETF,,
SPTI,State Street SPDR Portfolio Int,,
SPTL,State Street SPDR Portfolio Long Term Treasury ETF,,
SPTM,State Street SPDR Portfolio S&P 1500 Composite Stock Market ETF,,
SPTS,State Street SPDR Portfolio Sho,,
SPUS,SP Funds S&P 500 Sharia Industr,,
SPXC,"SPX Technologies, Inc.",Industrials,
SPXL,Direxion Daily S&P 500 Bull 3X Shares,,
SPXS,Direxion Daily S&P 500 Bear 3X,,
SPXU,ProShares UltraPro Short S&P500,,
SPY,SPDR S&P 500,,
SPYD,State Street SPDR Portfolio S&P 500 High Dividend ETF,,
SPYG,State Street SPDR Portfolio S&P 500 Growth ETF,,
SPYI,NEOS S&P 500 High Income ETF,,
SPYM,State Street SPDR Portfolio S&P 500 ETF,,
SPYU,MAX S&P 500 4X Leveraged ETNs d,,
SPYV,State Street SPDR Portfolio S&P 500 Value ETF,,
SQM,Sociedad Qu?mica y Minera de Chile S.A.,Materials,
SQQQ,ProShares UltraPro Short QQQ,,
SR,Spire Inc.,Utilities,Utilities - Regulated Gas
SRAD,Sportradar Group AG,Technology,
SRE,Sempra,Utilities,
SRLN,State Street Blackstone Senior Loan ETF,,
SRPT,"Sarepta Therapeutics, Inc.",Biotech,
SRRK,Scholar Rock Holding Corporatio,Healthcare,Biotechnology
SRTY,ProShares UltraPro Short Russel,,
SSB,SouthState Bank Corporation,Financials,
SSD,"Simpson Manufacturing Company, ",Materials,Lumber & Wood Production
SSNC,"SS&C Technologies Holdings, Inc.",Technology,
SSO,ProShares Ultra S&P500,,
SSPC,Leverage Shares 2X Short SPCX D,,
SSRM,SSR Mining Inc.,Materials,
ST,Sensata Technologies Holding pl,Technology,Scientific & Technical Instruments
STAA,STAAR Surgical Company,Healthcare,Medical Instruments & Supplies
STAG,"STAG Industrial, Inc.",Real Estate,
STAK,STAK Inc.,Energy,Oil & Gas Equipment & Services
STC,Stewart Information Services Co,Financials,Insurance - Property & Casualty
STE,STERIS plc,Healthcare,
STEP,StepStone Group Inc.,Financials,Asset Management
STIP,iShares 0-5 Year TIPS Bond ETF,,
STKH,Steakholder Foods Ltd.,Consumer Staples,Packaged Foods
STLA,Stellantis N.V.,Consumer Discretionary,
STLD,"Steel Dynamics, Inc.",Materials,
STM,STMicroelectronics N.V.,Technology,
STN,Stantec Inc,Industrials,Engineering & Construction
STNE,StoneCo Ltd.,Technology,
STNG,Scorpio Tankers Inc.,Energy,
STOK,"Stoke Therapeutics, Inc.",Healthcare,Biotechnology
STRA,"Strategic Education, Inc.",Consumer Staples,Education & Training Services
STRC,Strategy Inc - Variable Rate Se,Technology,Software - Application
STRL,"Sterling Infrastructure, Inc.",Industrials,
STT,State Street Corporation,Financials,
STUB,"StubHub Holdings, Inc.",Communication Services,Internet Content & Information
STWD,,Real Estate,
STX,Seagate Technology Holdings plc,Technology,
STZ,"Constellation Brands, Inc.",Consumer Staples,
SU,Suncor Energy Inc.,Energy,
SUB,iShares Short-Term National Muni Bond ETF,,
SUI,"Sun Communities, Inc.",Real Estate,REIT - Residential
SUN,Sunoco LP,Energy,Oil & Gas Refining & Marketing
SUNB,"Sunbelt Rentals Holdings, Inc.",Industrials,Rental & Leasing Services
SUNC,SunocoCorp LLC,Energy,Oil & Gas Midstream
SUPN,"Supernus Pharmaceuticals, Inc.",Healthcare,Drug Manufacturers - Specialty & Generic
SUZ,Suzano S.A.,Materials,Paper & Paper Products
SVIX,-1x Short VIX Futures ETF,,
SVM,Silvercorp Metals Inc.,Materials,
SVV,"Savers Value Village, Inc.",Consumer Discretionary,Specialty Retail
SVXY,ProShares Short VIX Short Term Futures ETF,,
SW,Smurfit Westrock Plc,Consumer Discretionary,
SWK,"Stanley Black & Decker, Inc.",Industrials,
SWKS,"Skyworks Solutions, Inc.",Technology,
SWX,"Southwest Gas Holdings, Inc.",Utilities,Utilities - Regulated Gas
SXC,"SunCoke Energy, Inc.",Materials,Coking Coal
SXI,Standex International Corporati,Industrials,Specialty Industrial Machinery
SXT,Sensient Technologies Corporati,Materials,Specialty Chemicals
SXTC,"China SXT Pharmaceuticals, Inc.",Healthcare,Drug Manufacturers - Specialty & Generic
SYF,Synchrony Financial,Financials,
SYK,Stryker Corporation,Healthcare,
SYM,Symbotic Inc.,Industrials,
SYNA,Synaptics Incorporated,Technology,
SYRE,"Spyre Therapeutics, Inc.",Healthcare,Biotechnology
SYY,Sysco Corporation,Consumer Staples,
T,AT&T Inc.,Communication Services,
TAC,TransAlta Corporation,Utilities,Utilities - Independent Power Producers
TAK,Takeda Pharmaceutical Company L,Healthcare,Drug Manufacturers - Specialty & Generic
TAL,TAL Education Group,Consumer Staples,Education & Training Services
TALO,"Talos Energy, Inc.",Energy,Oil & Gas E&P
TAN,Invesco Solar ETF,Energy Transition,
TAP,Molson Coors Beverage Company,Consumer Staples,
TARS,"Tarsus Pharmaceuticals, Inc.",Healthcare,Biotechnology
TBBB,BBB Foods Inc.,Consumer Staples,Discount Stores
TBBK,"The Bancorp, Inc.",Financials,Banks - Regional
TBCVU,Thunder Bridge Capital Partners,Financials,Shell Companies
TBIL,US Treasury 3 Month Bill ETF,,
TBLL,Invesco Short Term Treasury ETF,,
TCAF,T. Rowe Price Capital Appreciat,,
TCBI,"Texas Capital Bancshares, Inc.",Financials,Banks - Regional
TCBK,TriCo Bancshares,Financials,Banks - Regional
TCOM,Trip.com Group Limited,Consumer Discretionary,Travel Services
TD,The Toronto-Dominion Bank,Financials,
TDAY,"USA TODAY Co., Inc.",Communication Services,Publishing
TDC,Teradata Corporation,Technology,Software - Infrastructure
TDG,TransDigm Group Incorporated,Industrials,
TDOC,"Teladoc Health, Inc.",Healthcare,Health Information Services
TDS,"Telephone and Data Systems, Inc",Communication Services,Telecom Services
TDW,Tidewater Inc.,Energy,Oil & Gas Equipment & Services
TDY,Teledyne Technologies Incorporated,Technology,
TE,T1 Energy Inc.,Industrials,
TEAM,Atlassian Corporation,Technology,
TECH,Bio-Techne Corporation,Healthcare,
TECK,Teck Resources Limited,Materials,
TECL,Direxion Technology Bull 3X Shares,,
TECS,Direxion Technology Bear 3X ETF,,
TEL,TE Connectivity plc,Technology,
TEM,"Tempus AI, Inc.",Healthcare,
TENB,"Tenable Holdings, Inc.",Technology,Software - Infrastructure
TENX,"Tenax Therapeutics, Inc.",Healthcare,Biotechnology
TER,"Teradyne, Inc.",Technology,
TEVA,Teva Pharmaceutical Industries ,Healthcare,Drug Manufacturers - Specialty & Generic
TEX,Terex Corporation,Industrials,
TFC,Truist Financial Corporation,Financials,
TFI,State Street SPDR Nuveen ICE Mu,,
TFII,TFI International Inc.,Industrials,Trucking
TFIN,"Triumph Financial, Inc.",Financials,Banks - Regional
TFLO,iShares Treasury Floating Rate Bond ETF,,
TFPM,Triple Flag Precious Metals Cor,Materials,Other Precious Metals & Mining
TFSL,TFS Financial Corporation,Financials,Banks - Regional
TFX,Teleflex Incorporated,Healthcare,
TGB,Taseko Mines Limited,Materials,
TGT,Target Corporation,Consumer Staples,
TGTX,"TG Therapeutics, Inc.",Biotech,
TH,Target Hospitality Corp.,Industrials,Specialty Business Services
THC,Tenet Healthcare Corporation,Healthcare,
THG,"The Hanover Insurance Group, Inc.",Financials,
THO,"THOR Industries, Inc.",Consumer Discretionary,
THRM,Gentherm Inc,Consumer Discretionary,Auto Parts
THRO,iShares U.S. Thematic Rotation ,,
TIC,"TIC Solutions, Inc.",Industrials,Specialty Business Services
TIGO,Millicom International Cellular S.A.,Communication Services,
TILE,"Interface, Inc.",Consumer Discretionary,"Furnishings, Fixtures & Appliances"
TIP,iShares TIPS Bond ETF,,
TJX,"The TJX Companies, Inc.",Consumer Discretionary,
TKC,Turkcell Iletisim Hizmetleri AS,Communication Services,Telecom Services
TKO,"TKO Group Holdings, Inc.",Communication Services,
TKR,The Timken Company,Industrials,
TLH,iShares 10-20 Year Treasury Bond ETF,,
TLN,Talen Energy Corporation,Utilities,
TLRY,"Tilray Brands, Inc.",Healthcare,
TLT,iShares 20+ Year Treasury Bond ETF,,
TLTW,iShares 20+ Year Treasury Bond ,,
TM,Toyota Motor Corporation,Consumer Discretionary,
TMC,TMC the metals company Inc.,Materials,
TMDX,"TransMedics Group, Inc.",Healthcare,
TME,Tencent Music Entertainment Gro,Communication Services,Internet Content & Information
TMF,Direxion Daily 20-Yr Treasury Bull 3x Shrs,,
TMHC,Taylor Morrison Home Corporation,Consumer Discretionary,
TMO,Thermo Fisher Scientific Inc.,Healthcare,
TMSL,T. Rowe Price Small-Mid Cap ETF,,
TMUS,"T-Mobile US, Inc.",Communication Services,
TMV,Direxion Daily 20-Year Treasury,,
TNA,Direxion Small Cap Bull 3X Shares,,
TNC,Tennant Company,Industrials,Specialty Industrial Machinery
TNDM,"Tandem Diabetes Care, Inc.",Healthcare,Medical Devices
TNET,"TriNet Group, Inc.",Industrials,Staffing & Employment Services
TNGX,"Tango Therapeutics, Inc.",Healthcare,Biotechnology
TNK,Teekay Tankers Ltd.,Energy,Oil & Gas Midstream
TNL,Travel   Leisure Co.,Consumer Discretionary,Travel Services
TOL,"Toll Brothers, Inc.",Consumer Discretionary,
TOST,"Toast, Inc.",Technology,
TOTL,State Street DoubleLine Total R,,
TOWN,Towne Bank,Financials,Banks - Regional
TPB,"Turning Point Brands, Inc.",Consumer Staples,Tobacco
TPC,Tutor Perini Corporation,Industrials,Engineering & Construction
TPG,TPG Inc.,Financials,
TPL,Texas Pacific Land Corporation,Energy,
TPR,"Tapestry, Inc.",Consumer Discretionary,
TQQQ,ProShares UltraPro QQQ,,
TRAX,"First Tracks Biotherapeutics, I",Healthcare,Biotechnology
TREE,"LendingTree, Inc.",Financials,Financial Conglomerates
TREX,"Trex Company, Inc.",Industrials,
TRGP,Targa Resources Corp.,Energy,
TRI,Thomson Reuters Corporation,Industrials,
TRIN,Trinity Capital Inc.,Financials,Asset Management
TRIP,"TripAdvisor, Inc.",Consumer Discretionary,Travel Services
TRMB,Trimble Inc.,Technology,
TRMK,Trustmark Corporation,Financials,Banks - Regional
TRN,"Trinity Industries, Inc.",Industrials,Railroads
TRNO,Terreno Realty Corporation,Real Estate,REIT - Industrial
TROW,"T. Rowe Price Group, Inc.",Financials,
TROX,Tronox Holdings plc,Materials,Chemicals
TRP,TC Energy Corporation,Energy,
TRS,TriMas Corporation,Consumer Discretionary,Packaging & Containers
TRU,TransUnion,Financials,
TRUP,"Trupanion, Inc.",Financials,Insurance - Property & Casualty
TRV,"The Travelers Companies, Inc.",Financials,
TRVI,"Trevi Therapeutics, Inc.",Healthcare,Biotechnology
TS,Tenaris S.A.,Energy,Oil & Gas Equipment & Services
TSCO,Tractor Supply Company,Consumer Discretionary,
TSDD,GraniteShares 2x Short TSLA Daily ETF,,
TSEM,Tower Semiconductor Ltd.,Semiconductors,
TSHA,"Taysha Gene Therapies, Inc.",Healthcare,Biotechnology
TSLA,"Tesla, Inc.",Consumer Discretionary,
TSLG,Leverage Shares 2X Long TSLA Daily ETF,,
TSLL,Direxion Daily TSLA Bull 2X Shares,,
TSLQ,Tradr 2X Short TSLA Daily ETF,,
TSLR,GraniteShares 2x Long TSLA Dail,,
TSLS,Direxion Daily TSLA Bear 1X Shares,,
TSLT,T-REX 2X Long Tesla Daily Target ETF,,
TSLZ,T-Rex 2X Inverse Tesla Daily Target ETF,,
TSM,Taiwan Semiconductor Manufacturing Company Limited,Semiconductors,
TSMX,Direxion Daily TSM Bull 2X ETF,,
TSN,"Tyson Foods, Inc.",Consumer Staples,
TSPA,T. Rowe Price U.S. Equity Resea,,
TT,Trane Technologies plc,Industrials,
TTAN,"ServiceTitan, Inc.",Technology,
TTC,The Toro Company,Industrials,
TTD,"The Trade Desk, Inc.",Communication Services,
TTE,TotalEnergies SE,Energy,
TTEK,"Tetra Tech, Inc.",Industrials,
TTMI,"TTM Technologies, Inc.",Technology,
TTWO,"Take-Two Interactive Software, Inc.",Communication Services,
TU,TELUS Corporation,Communication Services,
TVTX,"Travere Therapeutics, Inc.",Biotech,
TW,Tradeweb Markets Inc.,Financials,
TWLO,Twilio Inc.,Technology,
TWO,Two Harbors Investment Corp,Real Estate,REIT - Mortgage
TWST,Twist Bioscience Corporation,Healthcare,Diagnostics & Research
TX,Ternium S.A. Ternium S.A.,Materials,Steel
TXG,"10x Genomics, Inc.",Healthcare,Health Information Services
TXN,Texas Instruments Incorporated,Technology,
TXNM,"TXNM Energy, Inc.",Utilities,Utilities - Regulated Electric
TXRH,"Texas Roadhouse, Inc.",Consumer Discretionary,
TXT,Textron Inc.,Industrials,
TYL,"Tyler Technologies, Inc.",Technology,
TYRA,"Tyra Biosciences, Inc.",Healthcare,Biotechnology
TZA,Direxion Small Cap Bear 3X Shares,,
U,Unity Software Inc.,Technology,Software - Application
UA,"Under Armour, Inc.",Consumer Discretionary,Apparel Manufacturing
UAA,"Under Armour, Inc.",Consumer Discretionary,
UAL,"United Airlines Holdings, Inc.",Industrials,Airlines
UAMY,United States Antimony Corporat,Materials,Other Industrial Metals & Mining
UBER,"Uber Technologies, Inc.",Technology,
UBS,UBS Group AG,Financials,
UBSI,"United Bankshares, Inc.",Financials,Banks - Regional
UCB,"United Community Banks, Inc.",Financials,Banks - Regional
UCO,ProShares Ultra Bloomberg Crude Oil,Energy,
UCTT,"Ultra Clean Holdings, Inc.",Technology,Semiconductor Equipment & Materials
UDOW,ProShares UltraPro Dow30,,
UDR,"UDR, Inc.",Real Estate,
UE,Urban Edge Properties,Real Estate,REIT - Retail
UEC,Uranium Energy Corp.,Energy,
UFO,Procure Space ETF,,
UFPI,"UFP Industries, Inc.",Materials,Lumber & Wood Production
UFPT,"UFP Technologies, Inc.",Healthcare,Medical Devices
UGI,UGI Corporation,Utilities,
UGL,ProShares Ultra Gold,Materials,
UGP,Ultrapar Participacoes S.A. (Ne,Energy,Oil & Gas Refining & Marketing
UHAL-B,U-Haul Holding Company Series N,Industrials,Rental & Leasing Services
UHS,"Universal Health Services, Inc.",Healthcare,
UI,Ubiquiti Inc.,Technology,
UL,Unilever PLC,Consumer Staples,Household & Personal Products
ULCC,"Frontier Group Holdings, Inc.",Industrials,Airlines
ULS,UL Solutions Inc.,Industrials,
ULTA,"Ulta Beauty, Inc.",Consumer Discretionary,
UMAC,"Unusual Machines, Inc.",Technology,
UMBF,UMB Financial Corporation,Financials,
UMC,United Microelectronics Corpora,Technology,Semiconductors
UNF,Unifirst Corporation,Industrials,Specialty Business Services
UNFI,"United Natural Foods, Inc.",Consumer Staples,Food Distribution
UNG,United States Natural Gas Fund LP,Energy,
UNH,UnitedHealth Group Incorporated,Healthcare,Healthcare Plans
UNIT,Uniti Group Inc.,Real Estate,REIT - Specialty
UNM,Unum Group,Financials,
UNP,Union Pacific Corporation,Industrials,
UPBD,"Upbound Group, Inc.",Technology,Software - Application
UPRO,ProShares UltraPro S&P 500,,
UPS,"United Parcel Service, Inc.",Industrials,Integrated Freight & Logistics
UPST,"Upstart Holdings, Inc.",Financials,
UPWK,Upwork Inc.,Communication Services,Internet Content & Information
URA,Global X Uranium ETF,,
URBN,"Urban Outfitters, Inc.",Consumer Discretionary,
URGN,UroGen Pharma Ltd.,Healthcare,Biotechnology
URI,"United Rentals, Inc.",Industrials,Rental & Leasing Services
URNM,Sprott Uranium Miners ETF,,
URTH,iShares MSCI World ETF,,
URTY,ProShares UltraPro Russell2000,,
USAR,"USA Rare Earth, Inc.",Materials,
USAS,Americas Gold and Silver Corpor,Materials,Other Industrial Metals & Mining
USB,U.S. Bancorp,Financials,
USD,ProShares Ultra Semiconductors,,
USFD,US Foods Holding Corp.,Consumer Staples,
USFR,WisdomTree Floating Rate Treasury Fund,,
USHY,iShares Broad USD High Yield Corporate Bond ETF,,
USIG,iShares Broad USD Investment Grade Corporate Bond ETF,,
USLM,"United States Lime & Minerals, ",Materials,Building Materials
USMV,iShares MSCI USA Min Vol Factor ETF,,
USO,United States Oil Fund,Energy,
USOI,ETRACS Crude Oil Shares Covered,,
USPH,"U.S. Physical Therapy, Inc.",Healthcare,Medical Care Facilities
USRT,iShares Core U.S. REIT ETF,,
USTB,VictoryShares Short-Term Bond E,,
UTHR,United Therapeutics Corporation,Healthcare,Drug Manufacturers - Specialty & Generic
UTI,Universal Technical Institute I,Consumer Staples,Education & Training Services
UTZ,Utz Brands Inc,Consumer Staples,Packaged Foods
UUP,Invesco DB USD Index Bullish Fu,,
UUUU,Energy Fuels Inc.,Energy,
UVIX,2x Long VIX Futures ETF,,
UVV,Universal Corporation,Consumer Staples,Tobacco
UVXY,ProShares Ultra VIX Short Term Futures ETF,,
UWM,ProShares Ultra Russell2000,,
UWMC,UWM Holdings Corporation,Financials,
V,Visa Inc.,Financials,
VAC,Marriott Vacations Worldwide Co,Consumer Discretionary,Resorts & Casinos
VAL,Valaris Limited,Energy,
VALE,VALE S.A.,Materials,Other Industrial Metals & Mining
VB,Vanguard Small-Cap ETF,,
VBIL,Vanguard 0-3 Month Treasury Bill ETF,,
VBK,Vanguard Small-Cap Growth ETF,,
VBR,Vanguard Small-Cap Value ETF,,
VC,Visteon Corporation,Consumer Discretionary,Auto Parts
VCEL,Vericel Corporation,Healthcare,Biotechnology
VCIT,Vanguard Intermediate-Term Corporate Bond ETF,,
VCLT,Vanguard Long-Term Corporate Bond ETF,,
VCR,Vanguard Consumer Discretion ET,,
VCRB,Vanguard Core Bond ETF,,
VCRM,Vanguard Core Tax-Exempt Bond E,,
VCSH,Vanguard Short-Term Corporate Bond ETF,,
VCTR,"Victory Capital Holdings, Inc. ",Financials,Asset Management
VCX,"Fundrise Growth Tech Fund, LLC",Financials,Asset Management
VCYT,"Veracyte, Inc.",Healthcare,Diagnostics & Research
VDC,Vanguard Consumer Staples ETF,,
VDE,Vanguard Energy ETF,,
VEA,Vanguard FTSE Developed Markets ETF,,
VECO,Veeco Instruments Inc.,Technology,Semiconductor Equipment & Materials
VEEV,Veeva Systems Inc.,Healthcare,
VELO,"Velo3D, Inc.",Technology,Computer Hardware
VERA,"Vera Therapeutics, Inc.",Biotech,
VERX,"Vertex, Inc.",Technology,Software - Application
VET,Vermilion Energy Inc.,Energy,Oil & Gas E&P
VEU,Vanguard FTSE All World Ex US ETF,,
VFC,V.F. Corporation,Consumer Discretionary,
VFH,Vanguard Financials ETF,,
VFLO,VictoryShares Free Cash Flow ETF,,
VFMO,Vanguard U.S. Momentum Factor E,,
VG,"Venture Global, Inc.",Energy,
VGIT,Vanguard Intermediate-Term Treasury ETF,,
VGK,Vanguard FTSEEuropean ETF,,
VGLT,Vanguard Long-Term Treasury ETF,,
VGNT,Versigent PLC,Consumer Discretionary,Auto Parts
VGSH,Vanguard Short-Term Treasury ETF,,
VGT,Vanguard Information Tech ETF,,
VHT,Vanguard Health Care ETF,,
VIA,"Via Transportation, Inc.",Technology,Software - Application
VIAV,Viavi Solutions Inc.,Technology,
VICI,VICI Properties Inc.,Real Estate,
VICR,Vicor Corporation,Technology,
VIG,Vanguard Div Appreciation ETF,,
VIGI,Vanguard International Dividend,,
VIK,Viking Holdings Ltd,Consumer Discretionary,
VIPS,Vipshop Holdings Limited,Consumer Discretionary,Internet Retail
VIRT,"Virtu Financial, Inc.",Financials,Capital Markets
VIS,Vanguard Industrials ETF,,
VISN,"Vistance Networks, Inc.",Technology,
VIST,Vista Energy S.A.B. de C.V.,Energy,Oil & Gas E&P
VITL,"Vital Farms, Inc.",Consumer Staples,Farm Products
VIV,Telefonica Brasil S.A.,Communication Services,Telecom Services
VIVK,"Vivakor, Inc.",Energy,Oil & Gas Integrated
VIXY,VIX Short-Term Futures ETF,,
VKTX,"Viking Therapeutics, Inc.",Biotech,
VLO,Valero Energy Corporation,Energy,
VLTO,Veralto Corporation,Industrials,
VLUE,iShares MSCI USA Value Factor ETF,,
VLY,Valley National Bancorp,Financials,
VMBS,Vanguard Mortgage-Backed Securities ETF,,
VMC,Vulcan Materials Company,Materials,
VMI,"Valmont Industries, Inc.",Industrials,
VMRK,,,
VNET,"VNET Group, Inc.",Technology,Information Technology Services
VNLA,Janus Henderson Short Duration ,,
VNO,Vornado Realty Trust,Real Estate,REIT - Office
VNOM,"Viper Energy, Inc.",Energy,
VNQ,Vanguard Real Estate ETF,,
VNT,Vontier Corporation,Technology,Scientific & Technical Instruments
VO,Vanguard Mid-Cap ETF,,
VOD,Vodafone Group Plc,Communication Services,Telecom Services
VOE,Vanguard Mid-Cap Value ETF,,
VONE,Vanguard Russell 1000 ETF,,
VONG,Vanguard Russell 1000 Growth ETF,,
VONV,Vanguard Russell 1000 Value ETF,,
VOO,Vanguard S&P 500 ETF,,
VOOG,Vanguard S&P 500 Growth ETF,,
VOOV,Vanguard S&P 500 Value ETF,,
VOR,Vor Biopharma Inc.,Healthcare,Biotechnology
VOT,Vanguard Mid-Cap Growth ETF,,
VOX,Vanguard Communication Services,,
VOYA,"Voya Financial, Inc.",Financials,
VOYG,"Voyager Technologies, Inc.",Industrials,
VPG,"Vishay Precision Group, Inc.",Technology,Scientific & Technical Instruments
VPL,Vanguard FTSE Pacific ETF,,
VPLS,Vanguard Core Plus Bond ETF,,
VPU,Vanguard Utilities ETF,,
VRDN,"Viridian Therapeutics, Inc.",Healthcare,Biotechnology
VREX,Varex Imaging Corporation,Healthcare,Medical Devices
VRNS,"Varonis Systems, Inc.",Technology,
VRRM,Verra Mobility Corporation,Technology,Information Technology Services
VRSK,"Verisk Analytics, Inc.",Industrials,
VRSN,"VeriSign, Inc.",Technology,
VRT,Vertiv Holdings Co,Industrials,
VRTS,"Virtus Investment Partners, Inc",Financials,Asset Management
VRTX,Vertex Pharmaceuticals Incorporated,Biotech,
VSAT,"Viasat, Inc.",Technology,
VSEC,VSE Corporation,Industrials,
VSH,"Vishay Intertechnology, Inc.",Technology,Semiconductors
VSNT,"Versant Media Group, Inc.",Communication Services,
VSS,Vanguard FTSE All-Wld ex-US SmC,,
VST,Vistra Corp.,Utilities,
VSTS,Vestis Corporation,Industrials,Rental & Leasing Services
VSXY,Victorias Secret & Co.,Consumer Discretionary,Apparel Retail
VT,Vanguard Total World Stock Index ETF,,
VTEB,Vanguard Tax-Exempt Bond ETF,,
VTEC,Vanguard California Tax-Exempt ,,
VTES,Vanguard Wellington Fund Vangua,,
VTI,Vanguard Total Stock Market ETF,,
VTIP,Vanguard Short-Term Inflation-Protected Securities Index Fund ETF Shares,,
VTR,"Ventas, Inc.",Real Estate,
VTRS,Viatris Inc.,Healthcare,
VTV,Vanguard Value ETF,,
VTWO,Vanguard Russell 2000 ETF,,
VUG,Vanguard Growth ETF,,
VUSB,Vanguard Ultra-Short Bond ETF,,
VV,Vanguard Large-Cap ETF,,
VVV,Valvoline Inc.,Consumer Discretionary,
VVX,"V2X, Inc.",Industrials,Aerospace & Defense
VWO,Vanguard FTSE Emerging Markets ETF,,
VWOB,Vanguard Emerging Markets Gover,,
VXF,Vanguard Extended Market ETF,,
VXUS,Vanguard Total International Stock ETF,,
VXX,iPath Series B S&P 500 VIX Short-Term Futures ETN,Other,VIX ETN
VYM,Vanguard High Dividend Yield ETF,,
VYMI,Vanguard International High Dividend Yield ETF,,
VYX,NCR Voyix Corporation,Technology,Information Technology Services
VZ,Verizon Communications Inc.,Communication Services,
VZLA,Vizsla Silver Corp.,Materials,Other Industrial Metals & Mining
W,Wayfair Inc.,Consumer Discretionary,
WAB,Westinghouse Air Brake Technologies Corporation,Industrials,
WAFD,"WaFd, Inc.",Financials,Banks - Regional
WAL,Western Alliance Bancorporation,Financials,
WAT,Waters Corporation,Healthcare,
WAY,Waystar Holding Corp.,Healthcare,
WBD,"Warner Bros. Discovery, Inc.",Communication Services,
WBI,WaterBridge Infrastructure LLC,Energy,Oil & Gas Equipment & Services
WBS,Webster Financial Corporation,Financials,
WCC,"WESCO International, Inc.",Industrials,
WCLD,WisdomTree Cloud Computing Fund,,
WCMI,First Trust WCM International E,,
WCN,"Waste Connections, Inc.",Industrials,
WD,"Walker & Dunlop, Inc",Financials,Mortgage Finance
WDAY,"Workday, Inc.",Technology,
WDC,Western Digital Corporation,Technology,
WDCX,Tradr 2X Long WDC Daily ETF,,
WDFC,WD-40 Company,Materials,Specialty Chemicals
WEAV,"Weave Communications, Inc.",Healthcare,Health Information Services
WEC,"WEC Energy Group, Inc.",Utilities,
WELL,Welltower Inc.,Real Estate,
WEN,Wendy's Company (The),Consumer Discretionary,Restaurants
WERN,"Werner Enterprises, Inc.",Industrials,Trucking
WES,"Western Midstream Partners, LP",Energy,Oil & Gas Midstream
WETO,Wetour Robotics Limited,Technology,Software - Infrastructure
WEX,WEX Inc.,Technology,Software - Infrastructure
WFC,Wells Fargo & Company,Financials,
WFG,West Fraser Timber Co. Ltd,Materials,Lumber & Wood Production
WFRD,Weatherford International plc,Energy,
WGMI,CoinShares Bitcoin Mining ETF,,
WGS,GeneDx Holdings Corp.,Healthcare,
WH,"Wyndham Hotels & Resorts, Inc.",Consumer Discretionary,Lodging
WHD,"Cactus, Inc. Class A Common Sto",Energy,Oil & Gas Equipment & Services
WHR,Whirlpool Corporation,Consumer Discretionary,
WINA,Winmark Corporation,Consumer Discretionary,
WING,Wingstop Inc.,Consumer Discretionary,
WIX,Wix.com Ltd.,Technology,
WK,Workiva Inc.,Technology,
WKC,World Kinect Corporation,Energy,Oil & Gas Refining & Marketing
WLDN,"Willdan Group, Inc.",Industrials,Engineering & Construction
WLFC,Willis Lease Finance Corporatio,Industrials,Rental & Leasing Services
WLK,Westlake Corporation,Materials,
WLY,"John Wiley & Sons, Inc.",Communication Services,Publishing
WM,"Waste Management, Inc.",Industrials,
WMB,"The Williams Companies, Inc.",Energy,
WMG,Warner Music Group Corp.,Communication Services,
WMS,"Advanced Drainage Systems, Inc.",Industrials,
WMT,Walmart Inc.,Consumer Staples,
WOLF,"Wolfspeed, Inc.",Technology,Semiconductors
WPC,W. P. Carey Inc.,Real Estate,
WPM,Wheaton Precious Metals Corp.,Materials,
WRB,W. R. Berkley Corporation,Financials,
WRBY,Warby Parker Inc.,Healthcare,
WRLD,World Acceptance Corporation,Financials,Credit Services
WSBC,"WesBanco, Inc.",Financials,Banks - Regional
WSC,WillScot Holdings Corporation,Industrials,Rental & Leasing Services
WSFS,WSFS Financial Corporation,Financials,Banks - Regional
WSM,"Williams-Sonoma, Inc.",Consumer Discretionary,
WSO,"Watsco, Inc.",Industrials,
WST,"West Pharmaceutical Services, Inc.",Biotech,
WT,"WisdomTree, Inc.",Financials,
WTFC,,Financials,
WTI,"W&T Offshore, Inc.",Energy,Oil & Gas E&P
WTM,White Mountains Insurance Group,Financials,Insurance - Property & Casualty
WTRG,"Essential Utilities, Inc.",Utilities,
WTS,"Watts Water Technologies, Inc.",Industrials,Specialty Industrial Machinery
WTTR,"Select Water Solutions, Inc.",Energy,Oil & Gas Equipment & Services
WTV,WisdomTree U.S. Value Fund,,
WTW,Willis Towers Watson Public Limited Company,Financials,
WU,The Western Union Company,Financials,
WULF,TeraWulf Inc.,Financials,
WVE,Wave Life Sciences Ltd.,Healthcare,
WWD,"Woodward, Inc.",Industrials,
WWW,"Wolverine World Wide, Inc.",Consumer Discretionary,Footwear & Accessories
WXM,WF International Limited,Industrials,Industrial Distribution
WY,Weyerhaeuser Company,Real Estate,
WYFI,"WhiteFiber, Inc.",Technology,Information Technology Services
WYHG,Wing Yip Food Holdings Group Li,Consumer Staples,Packaged Foods
WYNN,,Consumer Discretionary,
XAR,State Street SPDR S&P Aerospace & Defense ETF,Defense,
XBI,State Street SPDR S&P Biotech ETF,Biotech,
XE,"X-Energy, Inc.",Industrials,Specialty Industrial Machinery
XEL,Xcel Energy Inc.,Utilities,
XENE,Xenon Pharmaceuticals Inc.,Healthcare,Biotechnology
XHB,State Street SPDR S&P Homebuilders ETF,,
XHG,XChange TEC.INC,Financials,Insurance Brokers
XHLD,"TEN Holdings, Inc.",Communication Services,Broadcasting
XHLF,BondBloxx Bloomberg Six Month T,,
XLB,State Street Materials Select Sector SPDR ETF,,
XLC,State Street Communication Services Select Sector SPDR ETF,,
XLE,State Street Energy Select Sector SPDR ETF,,
XLF,State Street Financial Select Sector SPDR ETF,,
XLG,Invesco S&P 500 Top 50 ETF,,
XLI,State Street Industrial Select Sector SPDR ETF,,
XLK,State Street Technology Select Sector SPDR ETF,,
XLP,State Street Consumer Staples Select Sector SPDR ETF,,
XLRE,State Street Real Estate Select Sector SPDR ETF,,
XLU,State Street Utilities Select Sector SPDR ETF,,
XLV,State Street Health Care Select Sector SPDR ETF,,
XLY,State Street Consumer Discretionary Select Sector SPDR ETF,,
XME,State Street SPDR S&P Metals & Mining ETF,Materials,
XMHQ,Invesco S&P MidCap Quality ETF,,
XMMO,Invesco S&P MidCap Momentum ETF,,
XMTR,"Xometry, Inc.",Industrials,Industrial Distribution
XNCR,"Xencor, Inc.",Healthcare,Biotechnology
XOM,Exxon Mobil Corporation,Energy,
XOP,State Street SPDR S&P Oil & Gas Exploration & Production ETF,Energy,
XOS,"Xos, Inc.",Industrials,Farm & Heavy Construction Machinery
XOVR,ERShares Private-Public Crossov,,
XP,XP Inc.,Financials,
XPEV,XPeng Inc.,Consumer Discretionary,Auto Manufacturers
XPO,"XPO, Inc.",Industrials,
XPRO,Expro Ltd,Energy,Oil & Gas Equipment & Services
XRAY,DENTSPLY SIRONA Inc.,Healthcare,Medical Instruments & Supplies
XRT,State Street SPDR S&P Retail ETF,,
XSD,State Street SPDR S&P Semicondu,,
XSMO,Invesco S&P SmallCap Momentum E,,
XTERU,Karman Line Acquisition Corp. Units,Financials,Shell Companies
XYL,Xylem Inc.,Industrials,
XYLD,Global X S&P 500 Covered Call E,,
XYZ,"Block, Inc.",Technology,
YANG,Direxion Daily FTSE China Bear ,,
YELP,Yelp Inc.,Communication Services,Internet Content & Information
YETI,"YETI Holdings, Inc.",Consumer Discretionary,
YINN,Direxion Daily FTSE China Bull 3X Shares,,
YMM,Full Truck Alliance Co. Ltd.,Technology,Software - Application
YOU,"Clear Secure, Inc.",Technology,Software - Application
YPF,YPF Sociedad Anonima,Energy,Oil & Gas Integrated
YSS,York Space Systems Inc.,Industrials,Aerospace & Defense
YUM,"Yum! Brands, Inc.",Consumer Discretionary,
YUMC,"Yum China Holdings, Inc.",Consumer Discretionary,Restaurants
YXT,YXT.COM GROUP HOLDING LIMITED -,Technology,Software - Application
Z,"Zillow Group, Inc.",Communication Services,
ZBH,"Zimmer Biomet Holdings, Inc.",Healthcare,
ZBIO,"Zenas BioPharma, Inc.",Healthcare,Biotechnology
ZBRA,Zebra Technologies Corporation,Technology,
ZCMD,Zhongchao Inc.,Healthcare,Health Information Services
ZD,"Ziff Davis, Inc.",Communication Services,Advertising Agencies
ZETA,Zeta Global Holdings Corp.,Technology,
ZG,"Zillow Group, Inc.",Communication Services,
ZIM,ZIM Integrated Shipping Services Ltd.,Industrials,Marine Shipping
ZION,,Financials,
ZLAB,Zai Lab Limited,Healthcare,Biotechnology
ZM,,Technology,
ZROZ,PIMCO 25  Year Zero Coupon U.S.,,
ZS,"Zscaler, Inc.",Technology,Software—Infrastructure
ZSL,ProShares UltraShort Silver,Materials,
ZTO,ZTO Express (Cayman) Inc.,Industrials,Integrated Freight & Logistics
ZTS,,Healthcare,
ZVRA,"Zevra Therapeutics, Inc.",Healthcare,Biotechnology
ZWS,Zurn Elkay Water Solutions Corp,Industrials,Pollution & Treatment Controls
ZYBT,Zhengye Biotechnology Holding L,Healthcare,Drug Manufacturers - Specialty & Generic
