ticker,rs_1m,rs_3m,rs_6m,above_50d,above_200d,range_pos_20d,move_1m_sigma,vol_20d,drawdown_1y,volume_surge,composite
MRNA,0.5847622491064877,2.2507311627960487,3.1779968636712397,0.5970685523051682,2.039128729407482,1.0,0.5841547469299755,0.05318777769138814,0.0,0.9482841371825483,0.9872025723472669
KOD,1.974115727374074,1.36056056082392,1.1386215979023735,1.0182616707758445,1.6462136775145328,1.0,1.9286456033350863,0.39814857415989446,0.0,2.371676458588933,0.9835369774919615
P,0.6098285263159549,1.0058095658194424,1.3805571187458638,0.4070320198480013,0.9136200018460257,1.0,3.2536610940241046,0.03697691914421235,0.0,1.7714810573176476,0.9832797427652732
ZYBT,0.4915647276980557,2.390265014560746,1.1307568582600127,0.5581740291130595,1.1171335418641157,1.0,0.08519118768191362,0.253152658003487,-0.697877652041994,0.04716441180906491,0.982636655948553
OKTA,0.316098216848383,0.6089522807070717,2.5090678460225684,0.33125313230487263,0.9963935744644841,1.0,1.544001081707327,0.0360428767477086,0.0,1.085338085041824,0.9815434083601285
HPE,0.2964237856647671,0.5086536288934698,1.8000971075366934,0.2584680343560646,0.9284397950677064,1.0,1.7916704485037003,0.0384335052141152,0.0,1.0139030176845505,0.977749196141479
NTSK,0.337101742112456,0.5709219077654069,1.229513970068969,0.2905443168306505,0.6140630321352023,1.0,1.7372800155844632,0.043253044096409766,-0.14880464040778574,1.276720072195339,0.977491961414791
AMPL,0.23399836629230997,0.6408672813009644,1.6561156452941708,0.20522941874947898,0.7076369547170656,1.0,1.5488530107079201,0.029266256640302253,0.0,0.9059769866080748,0.9760771704180063
IOVA,0.784662574740052,2.614818869538321,2.840980883799556,0.613502051228263,1.9489692834057686,0.9919064603207982,2.1156349354864714,0.07974353396215361,-0.0030364424575299864,1.0850693658718924,0.9755627009646302
ZS,0.3858721681442854,0.5902734949129018,0.8091099874147587,0.24658590905797073,0.3945940865852682,1.0,2.2670099534934973,0.048438595242893456,-0.31144615680610443,1.1743951236264905,0.9732475884244373
VIA,0.20115302079141428,0.7307155941586685,1.0836192778383076,0.20138845895215485,0.5793538435477172,1.0,1.6508075282300856,0.027037494701112746,-0.39801594717454225,1.210559798182735,0.9720257234726688
TEAM,0.12275140567165699,1.1111348250093613,2.471184799530554,0.1911075447617374,0.8280008351140411,1.0,0.5649680309877559,0.031663611150271984,0.0,0.717575077957418,0.9710610932475884
XP,0.5579347271410937,0.8953314683075346,0.4550855007914294,0.6170307904849601,0.7218794977907592,1.0,2.8275613988931823,0.07026841323803007,0.0,1.5522646140586218,0.9709324758842444
NTAP,0.25751505984465695,0.4001467311642102,1.3202512952028433,0.1927640230374128,0.6733279542746149,1.0,2.3502486591211373,0.02353274970400303,0.0,1.026578635341015,0.9695819935691319
GTLB,0.1281145034717155,0.5949277518948881,1.6695709064358968,0.20637350764059037,0.6767293151592046,1.0,1.0453925179137697,0.023836079688115658,0.0,0.8213078425283722,0.9687459807073955
TJGC,2.0787366691177267,6.346282343720278,10.61192220022713,1.4054845172680621,4.3003165278167925,0.9319471102324193,3.924700561928465,0.16400473558358167,-0.04655838531788237,0.6869832996180071,0.9684887459807074
PD,0.1451885632696135,0.44887693743615964,1.6688548739531197,0.20070719906839418,0.6486949830865274,1.0,1.1691504743450454,0.023591323458999353,-0.011314951781411065,1.0914575074975639,0.967395498392283
S,0.295397670541939,0.3735437018984191,1.0474865650269742,0.1807943708427564,0.5488013665959515,1.0,1.8542888630475298,0.040865781999991094,0.0,1.135812287459972,0.9668167202572346
BWET,0.4847367409220391,3.6261558982466493,4.892109836118385,0.7145172933678023,3.1817667854989136,0.9214890990597997,1.5727036924509454,0.07293715812956554,-0.027529010005245658,0.8051604071350483,0.9657877813504824
HAE,0.1569655795065834,0.5183118125641584,0.9412479248973598,0.18062593134895133,0.5839273643770617,1.0,1.2340452022930584,0.040676611552084,0.0,0.9454939430989413,0.9641157556270097
DT,0.2058415527020636,0.38329667656121247,0.8122000477709024,0.19360556379043836,0.47886733733042797,1.0,1.9920099441775925,0.017800846459205048,0.0,1.107322877776836,0.9628938906752411
NVAX,0.3582617778857531,0.40713568164435054,0.4382550542168169,0.354668173259419,0.4324971095473422,1.0,1.815363916668089,0.06684764448528065,0.0,1.4379006907788467,0.962700964630225
ESTC,0.14528281799229248,0.529801548482288,1.1144815192592405,0.14182078472496507,0.49751078157055195,1.0,0.9740767978415457,0.02025342064485156,-0.017615875004696302,0.7702164490723611,0.9626366559485531
PTC,0.4815937974144098,0.5094666382881703,0.30629595850251157,0.30787605193929246,0.33734799330796106,1.0,2.244274684222409,0.07628306594699132,-0.05459751542703861,1.752328146589972,0.9610932475884244
PLTR,0.21858741897602063,0.5507274847688721,0.46545603059967977,0.17080801588209904,0.36004867207294144,1.0,1.1477479838737124,0.016266946455600152,-7.239786745194543e-05,0.7072440409613276,0.9596784565916398
QLYS,0.21492557624126762,0.2854419868653255,1.4883546507151029,0.11529282226465831,0.5582283229057092,1.0,1.2705829298311087,0.04363897067335099,0.0,0.9969627495748945,0.9589067524115755
DLXY,4.13701629700556,3.2433550986902198,3.185087400361027,1.2651007608081621,1.8670791427469213,0.8617284136671709,0.6612052961515384,1.579958709816537,-0.11475408394405295,3.0812414845026774,0.9574276527331189
IBRX,0.3531532456612736,0.32880892102702775,0.31496306864057155,0.2869268716323141,0.442685401472501,1.0,2.027011457117074,0.05077930520431174,-0.07520345258170369,1.3915944512273721,0.954983922829582
NET,0.13399594415606786,0.301980851773451,1.0175682305862521,0.146470684705436,0.5153583876359382,1.0,0.9812457593900488,0.03353412824126754,0.0,0.8928996972667009,0.9540192926045016
VEEV,0.10441870430531885,0.4625311841872597,0.8036085245624296,0.14126805092520955,0.45981043234142893,1.0,0.9967210153867813,0.018515532096586445,-0.009771032462397078,0.9163732413501054,0.9536334405144695
FRO,0.20562209044662105,0.5780576390491039,0.6657934151198521,0.26561635955342466,0.6562124684630031,0.9764798369610497,2.2376548774162317,0.024136724427118703,-0.0037326535858120957,1.5050793825660644,0.9533762057877814
RBRK,0.3614652154482736,0.4337261440860738,1.6725493307075645,0.22216656076570462,0.694874014398714,0.920116980047946,1.9068315458337746,0.04048985017327191,-0.016256007541577522,0.9730027969979453,0.9531832797427653
FTNT,0.19432383717514656,0.16891576197612768,1.3843088566156254,0.16243355378001212,0.6039360170173993,1.0,1.794985999537157,0.02516168650759444,0.0,0.8842893581742189,0.9531189710610931
BUG,0.19575137904382323,0.21508273956371915,0.9870083038245725,0.14894443511691868,0.47303574098239043,1.0,1.7067846165609948,0.02966240780279886,0.0,1.1814578674298737,0.9529903536977493
SHOP,0.312364155553144,0.3204754311146998,0.38217229818964515,0.17404611987911744,0.31253911126501244,1.0,1.868557614616024,0.03044466214168471,-0.050332354523880296,0.991732810445161,0.9529260450160771
APPN,0.14184444254354944,0.49084607807397407,0.8230098021923482,0.09099448283326916,0.42405213894541394,1.0,0.8321593119371097,0.0373328259213315,-0.12489046536298298,0.9494767972574497,0.9528617363344052
ECO,0.24396248190696945,0.8284114607623025,0.9964454680059549,0.2959906928440694,0.849892873373252,0.91065076923702,1.9432956509930432,0.030786327233626787,-0.01598900992370611,1.3670820767901977,0.9525401929260451
SNOW,0.08607528386071972,0.32797394448405215,1.8874538614484262,0.11478059255120554,0.5933682865869592,1.0,0.8109419441170338,0.022979117302304175,0.0,0.8518021026365108,0.9515755627009647
GRAL,0.795299943582336,0.92985505295594,1.951068770635755,0.5370112104030875,0.8894742708192864,0.8420285436155581,2.784261585944424,0.08993937498620354,-0.08096447271070384,1.7151508990243485,0.9511254019292604
XMTR,0.2843429352274667,0.11166987961912223,1.6084405414651641,0.182235497070671,0.5158499145235491,1.0,1.8338330188516823,0.032632816699698405,0.0,1.2332065484385746,0.9509324758842445
PDSB,3.302885529456475,0.7898554777820725,0.11162664261589827,1.4646997444883234,0.7035669030489229,1.0,4.11256716928793,0.24728037081108087,-0.04545450377297411,1.897155027698955,0.9506109324758842
ODD,0.29747217833020856,0.24223292967081078,0.3109174661165728,0.33479831759049317,0.13380923035948977,1.0,1.2208468011527929,0.03905221463542737,-0.5882239049185064,0.9537411628800722,0.949903536977492
PCRX,0.412715948371396,0.3793321787842192,0.374009336773081,0.42031235415225066,0.5140964542939925,0.9935013793803363,1.60769020873709,0.10120841491387939,-0.0021983516817584148,1.952567933462656,0.9490032154340836
U,0.07770519390198016,0.47719737614963287,1.0040743872659803,0.0899653698408387,0.45984255155523934,1.0,0.6985565129922373,0.029554690951612506,-0.057610717980448256,1.007148432257844,0.9476527331189709
NTNX,0.10131616526969944,0.29845924255254785,0.9994379184510236,0.09661109445706528,0.44955841044817757,1.0,1.4902417495173899,0.011015648657260442,0.0,0.9931613110611269,0.945209003215434
ELF,0.1109472940088696,0.41303359140124885,0.525920010089534,0.10084020958537843,0.384641535084735,1.0,0.990540633471663,0.01880694436383197,-0.24605089238180466,0.6741134908115813,0.9444372990353698
CRWD,0.27968815222966636,0.4138431725348102,1.7355539282756722,0.19661670713256263,0.7394707291190066,0.8798303143283884,1.4876531754639142,0.03901689180736901,-0.018736914080197953,1.1023030443210784,0.9441157556270097
DDOG,0.2850401892550807,0.07841393775560723,1.6157932741458176,0.18159556735740257,0.5489289095952645,1.0,1.6524629774623627,0.024394188161840573,0.0,0.7535477275446292,0.9440514469453376
LIND,0.3778162844595838,0.30211039776043624,0.7094734585220257,0.16735667543961208,0.5561627344303666,0.9538690408611527,2.7435206692141976,0.02623961408256809,-0.012888030182627519,1.146444844366992,0.9433440514469453
FSLY,0.2857124410472056,0.4499022375682393,0.14335980574074747,0.2022169714865345,0.46762950854366103,1.0,1.0905105258572894,0.07182988996528013,-0.10776121224930035,1.238852435952097,0.9432154340836012
IDT,0.1324959960305847,0.27248690387362684,0.4751643166808608,0.1526603148712533,0.4146041815854542,1.0,2.0223076329517227,0.025485478072606975,0.0,1.6171959584455529,0.9431511254019294
VSTM,0.07322667028272867,0.5237487240169798,0.4315419265763929,0.14105066712328762,0.39211902297784373,1.0,0.60172304533517,0.034112137303255505,-0.2095865060107921,1.0687083164585873,0.9431511254019291
PRGO,0.10476181648571337,0.5058465930822023,0.335285932436328,0.1273563820916015,0.29811484419267575,1.0,0.7041463739062221,0.03140848184847143,-0.2471696448399664,1.0260734189955396,0.9425080385852092
DOCS,0.18282613762337485,0.3026383926686935,0.2719658534961342,0.16055804211101266,0.13526632384612713,1.0,0.9225648620279844,0.026444167122286727,-0.5868816360988005,0.6865359126196656,0.942315112540193
DINO,0.08777530856036164,0.44113724422561273,0.9698759312713494,0.1807940530861747,0.666775183383993,0.982485174875953,1.1080137508170267,0.024978888856888704,-0.0021951572810536835,1.0151604670777445,0.942315112540193
RPD,0.2552664187637288,0.09019103992907507,1.5104595984551197,0.12390418977072226,0.4291234166114011,1.0,1.024523685726929,0.06237154439983686,-0.30232559514944,0.8995053023073193,0.9407717041800643
FRSH,0.1350955341895297,0.23511071489559932,0.6801880850045283,0.0909076626853551,0.35265937212963605,1.0,1.2120911318681156,0.02435219392797931,-0.0061063245460558635,0.9234428841379821,0.9401286173633441
CVI,0.16605630041010722,0.7011367851185031,0.7567682730824354,0.3036722726447323,0.7648733032027291,0.8726030956041471,1.2670116180602047,0.027166578404330764,-0.02334397356646767,1.025400679640686,0.9393569131832796
RNG,0.11627862666308508,0.8442350989138769,1.2201667846528093,0.12569887788195477,0.7479084372025266,0.9183415074573507,0.7123530666414509,0.029497909138498847,-0.00814334162320296,0.8508878408307754,0.9392282958199356
PANW,0.20362112555190426,0.22230924523919504,1.5300726867962182,0.12644243870447047,0.6322383937469898,0.9611219283332846,1.3820610363362977,0.03815066372205092,-0.005215409069340704,0.9960326951361447,0.9390996784565916
DELL,0.12299058021057685,0.32806197842746543,2.14994072455188,0.1557194402380293,0.9235219107904775,0.9252578656639998,0.6709312992451796,0.03129122366530978,-0.0068746495198408475,0.9879098244902903,0.9378135048231512
ZBRA,0.09411239109289737,0.40812999864539923,0.589330451886295,0.06986621997514253,0.43061611861862015,1.0,0.7145565733768694,0.014502070998165584,0.0,0.8082978194584761,0.937491961414791
KSS,0.18366762544526805,0.1976920930016819,0.40526345139896747,0.11070943425267354,0.22696952222226385,1.0,1.4356304808422453,0.02866400348913473,-0.15006671757863266,0.9968667104225833,0.9372990353697748
HNGE,0.13338624515555253,0.09897405850419361,1.7486133010028158,0.1295086462271111,0.6453035277016972,1.0,1.2149949726080427,0.02460543153436509,0.0,1.0455153329396052,0.9370418006430867
HACK,0.14928064536031682,0.15053970562768892,0.6794084985649671,0.11505339725846042,0.3884621981831615,1.0,1.6298796800023034,0.024182174840877223,0.0,1.2927203558467681,0.9369131832797427
MPC,0.1297174639402503,0.495361912234193,0.9062275622833784,0.2020648476963618,0.702024593254901,0.8923705638872299,1.5659881825642996,0.025748353613962542,-0.017412486888881973,1.1734859290882036,0.9354983922829583
DHT,0.12610833904380447,0.4849274702457067,0.4167150139104647,0.20522278597379828,0.4883771951855149,0.9602738430361649,1.5390188857280398,0.023841632295271545,-0.0058163038904403,1.2555627380132302,0.9354340836012861
RVTY,0.2501871732037517,0.3524488241060606,0.5750836680926397,0.1724167542939059,0.43915766938499434,0.9140978127127352,2.545948571485119,0.029221523411538747,-0.015760013459074185,1.3003271661987093,0.9352411575562701
CIBR,0.13542048298491216,0.15296051118056941,0.6566375352389713,0.10631218212907245,0.35998322002012495,1.0,1.7509030570022988,0.019222506272552568,0.0,1.180354306729919,0.9351125401929261
INSW,0.14352907037711127,0.41976914407806176,0.6530475052363656,0.19414031650404162,0.5957263941646922,0.903826990230841,1.8511384373574873,0.021231686638040558,-0.01567883793711744,1.2981578164651086,0.9334405144694534
XOS,0.14517937901230704,0.35935015250469604,0.7008451435569685,0.126760555766797,0.3391991262455145,0.9397590880574687,0.23646256181167719,0.040496243410191604,-0.5603217219011561,0.06801347321274435,0.932733118971061
WCLD,0.09149712426935808,0.21840973207506909,0.6580325370918287,0.07677205715204427,0.3279197666651186,1.0,1.1090902573371635,0.019856301216316947,0.0,0.7173239256291948,0.9315755627009645
ILMN,0.34024820810567125,0.40925870925456387,1.1290576015080158,0.21602360186951808,0.6593238029999,0.7916471870756551,2.512694793588935,0.03889526277002008,-0.060642164903611295,1.6648217006194328,0.9313183279742766
SG,0.38301366879797993,0.11302157935651191,0.3988742467198396,0.341485716347502,0.37339245465959525,0.9949154608073775,1.8511496278149497,0.03242107960437517,-0.06415276498765499,0.8884922547389813,0.9308038585209003
PAYC,0.04561307412914295,0.5470835953878448,0.9032778461659463,0.0565007153628565,0.4907821445548015,1.0,0.43870873574610797,0.016739653564309318,-0.033460026788525554,0.8971149451472543,0.9307395498392284
FFIV,0.17538426202036383,0.09910641077863502,0.5057206254141762,0.14796875124311448,0.3716592925953708,1.0,1.9492537364789095,0.020450301998985693,0.0,0.955264649084373,0.9305466237942122
TWLO,0.22715611040889416,0.2895230709893015,1.3183711113779162,0.1796213034254026,0.6173749325735942,0.8472405532483263,1.2311990435414604,0.04171966897262699,-0.035184306344753336,1.5930181499354061,0.9302893890675241
RXO,0.4588652617180462,0.030232048541295242,0.656984398322304,0.33512502263861976,0.45783025182853376,1.0,2.337188593768833,0.055637024519819736,-0.00831057208873165,1.4946940601876995,0.9296463022508039
ZETA,0.06281130946552604,0.4853041119433845,1.134527708364784,0.12657723422064282,0.5433866656459931,0.9309619974957085,0.5623517063672165,0.026148843911598527,-0.00978072953876874,0.7930318459582826,0.9294533762057879
NAT,0.14708330173167794,0.405501344769325,0.45575061166626063,0.18909892646542703,0.5601523219581193,0.906249844779577,1.7045959013412448,0.02240444639287024,-0.01048952836692052,1.316206590280586,0.927524115755627
NCPL,1.4534920638212656,1.4684630828040517,2.106164610913482,0.6658528406557973,0.9162942260408413,0.63341853968625,1.5004017227868514,0.1975409956961371,-0.532258081572609,1.0559554321881306,0.927524115755627
VLO,0.10135302886939845,0.43813647686564416,0.6901147918303474,0.18685508391723693,0.6425293281015383,0.8886112748903976,1.3630908416542422,0.02606980750805482,-0.017057181196165283,1.2546423891705054,0.927202572347267
PBR,0.14448205939527248,0.40376937552694114,0.0661760558557869,0.25806855028241826,0.4224915646217222,1.0,1.55520181477745,0.03079328347852243,0.0,1.1917508938259067,0.9271382636655948
RDVT,0.06879921993680682,0.13075987350425455,1.1084360500991974,0.08860399407131347,0.45623304613341564,1.0,0.7629594226750036,0.017901833249890982,0.0,0.8329204015781212,0.9270739549839228
SKYY,0.0844873219253075,0.2049440458364351,0.524101029290839,0.07644810498702848,0.3052059906597153,1.0,1.4217661250042701,0.01425251283583928,0.0,0.7831495833367705,0.9262379421221864
HAFN,0.11164614720437482,0.5017606548997835,0.30032151667001905,0.24754514774519976,0.5039548189057519,0.917098043633805,1.3239758730747242,0.028068956251868046,-0.014746617093183256,1.6123740531778423,0.9251446945337621
CDNA,0.24764089194814698,1.1805197031373658,2.830915573567674,0.20497824229339434,1.1392360725882238,0.6613273270035835,1.0519453051907979,0.040908340609209164,-0.08475301787069656,1.1278528194806579,0.9248231511254019
CLOU,0.07665555002554769,0.205255774329278,0.556828662831601,0.07273790220407483,0.3043304792875057,1.0,1.1438465089740064,0.018436711742672408,0.0,0.638734958843659,0.9247588424437299
FROG,0.11743707816728888,0.06348733026087339,1.2022033032664394,0.10826254517090983,0.47004493739394193,1.0,0.8258773031595061,0.030842076206067846,-0.021820596651955015,0.7618509822474926,0.9237942122186495
SNAP,0.10270433160996495,0.29991545822890653,0.1454556149682693,0.1417775837558557,0.1197687274798791,1.0,0.7652819434511698,0.029381728867110744,-0.31188118708005286,0.9107130208918937,0.9234726688102894
SNPS,0.24724072375392603,0.12738757933853417,0.14148551937166554,0.2088363855445774,0.13828797975071905,1.0,1.7781401448016148,0.035894308811666456,-0.0506966532396782,1.2035456969795326,0.9230868167202573
AI,0.08082242265217987,0.22783726430382956,0.25293110479411385,0.1096487694608026,0.14252049230941832,1.0,0.8571692007425024,0.026079134261529205,-0.39932887326904676,0.8889201211269971,0.9221864951768488
GCT,0.07293050411329949,0.5721886301298726,0.1308223417280534,0.1058333903317572,0.34200528982162326,1.0,0.6971301652945974,0.019102782432288752,0.0,1.0727040921027293,0.9221221864951769
QMCO,0.27220081327272294,2.060019177306283,3.8146252437071553,0.2579987776809285,1.4789393470644092,0.6143958894103907,0.6883316833099326,0.04967030419992266,-0.13043478260869568,1.1205259229488431,0.9217363344051446
ASAN,0.13798660654715822,0.25826483501617226,0.6795692078583593,0.08040709914732092,0.20827383134959998,0.952580354725711,0.7884338446660379,0.04434115733476067,-0.341553662953908,1.2954905766560492,0.9217363344051446
ANET,0.11445394643039708,0.15209286336215633,0.3161802181753741,0.09359561129782334,0.3433573197675712,1.0,1.0678398189905765,0.021632892074656022,0.0,0.8152271082238634,0.9216720257234726
PRCH,0.045672433935136425,0.2648741855906025,1.4409330751650113,0.04892807521648157,0.5405775355563569,1.0,0.4630446461896084,0.01848186482518483,-0.029346555646158734,1.0232655106101554,0.9216077170418006
SPSC,0.06504610792233012,0.2935794596061767,0.49214988651556,0.05632531754865955,0.23619278523083276,1.0,0.7138522710271807,0.015270375838223566,-0.25154810092263435,0.8815568953330133,0.9214147909967846
TEVA,0.10875437749777261,0.24446480901906975,0.19134585019533068,0.10056875427024381,0.2210710648300085,1.0,1.3688671265090395,0.021548241436311105,0.0,1.0544593307885775,0.9214147909967846
PBR-A,0.13084248123981856,0.4072271088598689,0.044508160813875985,0.241272155001228,0.39583264174283217,1.0,1.4496735101551386,0.03259223851840525,0.0,1.2001710628679747,0.9214147909967846
CLF,0.06590887141554336,0.29336677548717094,0.28246126701690333,0.08474836363463023,0.14160606794745045,1.0,0.520811323912453,0.03881940415211684,-0.19839926535250585,0.8713740881684225,0.9212218649517686
SMTC,0.1412985101778872,0.3686132074513051,1.0357218838657563,0.21412361570034188,0.5551974212856254,0.7858426412465048,0.6461032526142017,0.04953624349490522,-0.0544624259664358,1.1233113240874113,0.9208360128617363
TBBB,0.04455209775569169,0.28051934864509276,0.31401035747280237,0.11807639389899571,0.3746281320890037,1.0,0.6154973894739557,0.016771974958037516,0.0,0.9807800282613156,0.920128617363344
MSFT,0.058324423356362676,0.3314977061211286,0.2992647682935894,0.0718594458471764,0.23906321783493922,1.0,0.7764101169997525,0.014467822704294104,-0.002773930929744206,0.8033504379232966,0.9187138263665595
TRMD,0.12692207336596595,0.4475412340456506,0.34840267295800453,0.22716317767264216,0.4788225770288368,0.8511109528718172,1.3153097776560005,0.031000023004301522,-0.02448236508632884,2.026437576000444,0.9171061093247589
TENB,0.2502265639294603,0.004069274347340279,1.4050942861686155,0.1434528908198316,0.50448743410209,1.0,1.3216394305834838,0.04881538390980175,-0.03821807760372975,0.9822387742965183,0.9168488745980706
PSX,0.05057405102325818,0.3744454599834093,0.6246785969155491,0.13114060853892595,0.5016715929442319,0.926915874440208,0.968530127492723,0.019803605927918775,-0.007617256693032481,1.120803432955417,0.9165916398713826
TNK,0.049857470348663835,0.4633619618945777,0.3111899962279263,0.15522158765573257,0.41236687226098967,0.9617527298635706,0.731992543091242,0.018919467050434954,-0.0045020009807585915,1.040418699584755,0.9162057877813504
IGV,0.08012626309865856,0.17004742435559383,0.3531774280546516,0.07128787487927002,0.19954637259794294,1.0,1.1806743369623878,0.016244724473968013,-0.039877252431119725,0.6972846060591519,0.9158199356913184
VRNS,0.06603563611863938,0.05702366038185902,1.318762959555904,0.1038538515084797,0.4505257582245301,1.0,0.6567196339117994,0.020923200220751146,-0.21060128500973074,0.9162375617284205,0.9155627009646302
LPG,0.036084001125839205,0.4359502383277616,0.6052547357613669,0.11948789963652962,0.4927367974962671,0.9456305803819437,0.6064763690271802,0.02091885727425525,-0.004801965141479125,1.0464918978424753,0.9142765273311897
NTRA,0.1997292761012157,0.42786669980260617,0.9262229735488559,0.1614721308783491,0.5833357307851192,0.7086461369698686,1.4331314963932091,0.02841931349803523,-0.05739597395122176,1.3658891610893826,0.9139549839228296
MRVL,0.17538126460210468,0.21574299326399093,0.9781953842510536,0.15737946059989527,0.593630474489601,0.8044431515585491,0.9288435645031645,0.032668318308988344,-0.13490345228024758,0.867700156209582,0.9139549839228296
CON,0.05439438295867127,0.1431274357628456,0.548719856645643,0.07398444772452906,0.3772128606222287,1.0,0.891954811965496,0.014335300057534637,0.0,1.1908220142689654,0.9137620578778135
BOX,0.03403046926895481,0.1925948048840398,0.5473165629469627,0.07773840306595159,0.30403794881683055,1.0,0.6145518060742987,0.02022506485945054,0.0,0.9071243286663062,0.9120900321543408
COHU,0.21119295891154333,0.24442351910469773,0.6676360691780467,0.18939480127046515,0.5101975650388861,0.7569444020767621,0.9733606081800038,0.04508903677265909,-0.08057098546874475,1.0276818440496285,0.9109967845659165
LITE,0.1585015671484673,0.40592550577723063,0.08756841490587242,0.20855484757295595,0.45569449709710486,0.9299526602671497,0.6930029099458369,0.04608382257753719,-0.018440112902650796,1.0155095900444984,0.909646302250804
PBF,0.0723024960593519,0.44293870622349507,0.9596781480904837,0.1534087335932648,0.7201808460020838,0.7708554632159559,0.5295221449582505,0.042377728057369585,-0.04857842529427059,1.2029353735224186,0.9093890675241157
SDGR,0.42753090750484923,0.627963691636936,1.2584677971682217,0.21062487849089262,0.6889362644939507,0.5620253759489262,1.890335106030842,0.07851916402840287,-0.15920241931388335,1.9369419083273183,0.9087459807073955
HUM,0.055407940790457744,0.029401819404598184,1.117639607585502,0.12124242366951976,0.4690885094390709,1.0,0.7041576825375746,0.035277873834485926,0.0,1.105497502278318,0.9054662379421222
CBRL,0.1204421635184123,0.049904768087144946,0.8618280608586981,0.0546646467912042,0.4376173674252182,1.0,1.036206948468264,0.04196761187982971,-0.03624660156611925,1.237774611292418,0.905209003215434
FTRE,0.18018662118409856,0.11133605528479196,1.0922910475432,0.09003282014710012,0.34858519484561845,0.8635132529772676,1.3356909495828293,0.03674451862556152,-0.023922361606545928,1.1569308770487527,0.90508038585209
A,0.16648495567414967,0.23565492786201503,0.33943361722807586,0.10085981573998781,0.28438873795553743,0.8625489885998969,2.3301280124907158,0.019263780939659664,-0.0222874441507801,1.1219151317730829,0.9041157556270096
PI,0.06903413004920211,0.25116214261894765,0.7078914604706186,0.08449198746258979,0.3078018725160152,0.8796663637576921,0.7084638560769814,0.020918994187807995,-0.21921374881779232,0.9609009582808173,0.9039871382636656
PCTY,0.049000586465543616,0.19627530368674684,0.4692941483069857,0.042401107272359795,0.23347159520450478,1.0,0.7413062695609857,0.01652136065912892,-0.03751088791066204,0.9611685404877877,0.9039228295819935
GME,0.2682279709545512,0.15963792980496572,-0.011865980708428703,0.2683693012059929,0.18560437449680878,1.0,2.4409128295719986,0.028539180223943486,-0.0018847019643820628,1.3233329962406875,0.902572347266881
CORT,0.025243062633954372,0.3699806131181391,1.7425123151986202,0.053298716540187474,0.7121071673051576,0.9395230652755259,0.285756383027445,0.02593534890424841,-0.01820830303112997,1.3457699135111554,0.9019292604501608
CVLT,0.15389268369510845,0.0057403379031550905,0.600860313816804,0.10898205979673126,0.3404243568151435,1.0,1.0738031161395425,0.025029018635553693,-0.11738047087695247,1.0223582278290775,0.9013504823151125
ASX,0.1283579012238052,0.09644734530562027,0.7259442865516998,0.15052179674800792,0.4768940445713159,0.8717702828790496,0.913617898519464,0.03157687462332461,-0.028192724321540852,0.911183439284714,0.9009003215434083
UGP,0.009896025992183644,0.30735380316411187,0.19296677137459617,0.1368454004573334,0.4194391908027608,1.0,0.4226983105652704,0.01862135308916329,0.0,1.123029118121687,0.900064308681672
AVPT,0.10961473080012962,0.10669428764541777,0.46842745760751403,0.08116529493592362,0.24248759124769537,0.9457830356260585,1.1706705978496388,0.02563412190464027,-0.04018449262768309,1.1760198282597143,0.8995498392282958
ACVA,0.41761310639034854,0.4928830040529142,1.2622874736229504,0.2047012718838559,0.5033701743096797,0.5,1.5770132387840745,0.002542283720296703,-0.004285721551804289,1.2416341725669402,0.8981028938906752
AMD,0.1814265976965319,0.09969047126565256,1.3383515908856052,0.15376251319646617,0.5838369920880071,0.7492468410947677,1.1589060812081573,0.03373048737929656,-0.06023836060893051,0.9529715546214063,0.8974919614147909
FIGS,0.17881854834375766,0.5236406963487032,-0.05099641350658701,0.13573727050939222,0.21983041021850314,1.0,1.0020179786920937,0.038707358632550266,-0.08528042758476084,0.9930145285609417,0.8972347266881029
SN,0.10656156622457291,0.19173513722392288,0.4541947015047205,0.03770960509430954,0.3524455415630554,0.9827671465126137,1.2166430062808233,0.01950230758671058,-0.04150681767851683,1.048515683089409,0.8972347266881029
DAC,0.04533771170904077,0.2717288412726966,0.3357791922104154,0.10694572227100396,0.3518282204875378,0.9149939649426219,0.960697433536305,0.01681965665420816,-0.0084596547472654,1.2249305495384766,0.8971704180064309
DSGX,0.13612528650222,0.10112606764781562,0.16669775918307828,0.05928423531700511,0.11640609559986581,1.0,1.390303144631035,0.019391085207351978,-0.15067376760082096,1.008772401806128,0.8970418006430869
CYPH,0.34000669648390147,3.2709455768302202,1.6920776702687523,0.44273564720580727,1.6262952715317134,0.41842112428924594,0.7797572995515876,0.11303128284166336,-0.2682038377059225,1.7423432427428038,0.8965273311897105
MAT,0.1799069226731076,0.16537192319005967,-0.01052724855544751,0.15434286406248043,0.058566306191588646,1.0,1.4722595036596866,0.04706596277558104,-0.24571298431033595,1.6170821588662807,0.895305466237942
MGNI,0.04980696779367433,0.20408856678879883,0.9712771528934785,0.061512685455449745,0.4887945751016016,0.8986786361871857,0.5004171287808156,0.03162784482143794,-0.008959857481602884,0.9302937140492464,0.895176848874598
ENTG,0.1728637346382229,0.17195819760132425,0.0714259301135991,0.13144192947792321,0.23373942572312956,0.9587241742967246,1.022016236203481,0.03173023578051868,-0.10067902690627106,0.9004709057334298,0.8947266881028939
AMC,0.2195522088180626,0.5351808400360583,1.0329229770338193,0.09926964916189229,0.5763178523048542,0.5696203410291233,1.0025321465348018,0.044633434979286825,-0.10334344015548658,0.9207590998626448,0.8947266881028938
MTD,0.1811516442648642,0.15157237447765182,0.01871011788864707,0.08816347343664077,0.1734852562325977,1.0,2.7536387104802533,0.01953271815058056,0.0,1.1845416466423953,0.8946623794212218
OPCH,0.28461780662483394,0.389668346187634,-0.08071045443468994,0.28246401329112336,0.17620009957270488,1.0,1.5220249827917491,0.07477390554874758,-0.15072422428668342,1.8640133158155785,0.8936334405144695
ENSC,0.01587002704627305,0.9138001985237865,0.008813065466240833,0.2889810063283853,0.1487490805845495,1.0,0.10813459441420528,0.05538848025401778,-0.7899221716389311,0.03323715888508781,0.8935048231511254
CMBT,0.030181709689873548,0.28892315097304433,0.5897722646978869,0.11330167766782018,0.4215029458640436,0.8643620879795386,0.7389931754871237,0.018823071172750568,-0.012253684157173206,1.0414507147706353,0.8931189710610932
EFOR,0.21009183427039724,1.0200039143879642,-0.0848782555977754,0.15930087347647381,0.1488473636586931,1.0,1.236026276568319,0.03903557634466642,-0.292417386886491,0.9036184730450743,0.8930546623794212
HURN,0.08432165721373752,0.4552582320934415,0.22922725689945,0.06595647159758489,0.20880123134639228,0.8721336750567036,0.4401805430913907,0.026177914620734773,-0.10238172115817157,0.9328480252421888,0.8930546623794212
GO,0.04401060010231905,0.15895250941544625,0.5882347932759096,0.05894699289418437,0.2759127665561312,0.9646466106021636,0.615869399448108,0.023060543943694806,-0.24508564442620018,0.8528020742747044,0.8927974276527332
PRLB,0.1528750515018822,0.22062252644764468,0.38470848569486926,0.09154045064820626,0.3344816170908256,0.7893451734382207,1.3811376734334233,0.026850249803793032,-0.04367650532290979,1.2723606906951297,0.892604501607717
CAI,0.20208116933698728,0.6944519711809909,0.4892890645468688,0.1517844065768683,0.39576180381450987,0.5755625757419646,1.006175213405205,0.051766845305563775,-0.08180976943128382,1.0475963804780233,0.8922186495176849
AZTA,0.23562233510705366,0.42443534514101056,0.5681340427347215,0.13898541026287758,0.351575984281421,0.5771748327010594,1.4959416400330516,0.04848238390961107,-0.1057804939430409,1.3506911224150555,0.8912540192926045
INTA,0.008668824074415271,0.34167434665943186,0.7882384455558786,0.028005392479879987,0.3105670546038273,1.0,0.2607062247498799,0.020006005646394404,-0.17079921551832034,0.8272359328467974,0.8910610932475883
TEN,0.11884757867110718,0.3153900295209182,0.19922229644986134,0.14594549483333097,0.3887225387612454,0.783434246927952,1.4276254742077341,0.02487655697103449,-0.026983582933185035,1.5398517725078391,0.8908038585209004
NOW,0.045331675476543154,0.2259311834840949,0.5478582844004662,0.06716217715575623,0.22345874865550686,0.9000801670228279,0.4679889550301779,0.024996183107977778,-0.2544040205069461,0.6101059678575621,0.8908038585209003
VIR,0.08013815240019806,0.16648841502342204,0.08457990038228003,0.12832134087679758,0.2827475873355061,0.977612142123078,0.7901616321237065,0.032398563685630766,-0.002546666693652333,1.2041029685926237,0.8892604501607717
SAIC,0.019956029989804502,0.15126883722863038,0.3271342593696107,0.05993968697245067,0.25375524349317113,1.0,0.6184155947405852,0.022132688114796895,0.0,0.9891468630624943,0.8890032154340837
TXG,0.1988380904229865,0.91119583681349,2.3543985973923998,0.19347797216197615,1.240988627806547,0.41585229844162075,0.993526719369281,0.0598862202038126,-0.16513198017606312,1.2210993583534153,0.8882958199356914
AVTR,0.0229795571206568,0.44201567068574454,0.8319150105000055,0.07060166507615429,0.4454365151807378,0.8318185798394878,0.3979542730217763,0.01902110380159836,-0.011664531522514676,0.9430083409280423,0.887395498392283
MXL,0.3519433707102666,0.031044967835530013,3.480652289207586,0.2531785839829994,0.719746282942672,0.6979330701069504,1.1146168546923363,0.06806039259140714,-0.2513082537618999,1.0180387843254612,0.8870739549839228
AMDY,0.15457583973562805,0.06758458075877893,0.9970296442326205,0.13898304650020643,0.4905739228521604,0.7669382203890828,1.129573028090198,0.028220743483117896,-0.04983971856352576,1.0178874849093842,0.8869453376205788
SVIX,0.0716005402073494,0.187482806761043,0.5035855154853885,0.07297226908090049,0.3008094390183631,0.8414636037427466,0.9762045421655736,0.016799053163356694,-0.013008652288303058,0.8974039886136994,0.8868810289389067
BRZE,0.15685896142846456,0.04072338276460252,0.36645158050448745,0.03665906893406912,0.1959145248396046,1.0,0.8217745128580307,0.037586349284908054,-0.2039237203872123,0.8284531460271812,0.8866237942122186
ABBV,0.053238393198033584,0.07984617634151014,0.19724158087504629,0.06740148553079739,0.19759258168477833,1.0,1.3499903637417547,0.007930554163692257,0.0,0.9207112101492538,0.8864951768488746
NSIT,0.020171236384350477,0.30712564416609567,1.2283162560487813,0.06251829564397582,0.5360695875008028,0.8643257328990228,0.48054485823297716,0.019947609797037667,-0.009735748067299932,1.0577822734037265,0.8861736334405144
AMRX,0.1482717086072971,0.11509122823473161,0.43346349602601775,0.07673315645515522,0.3087446132605609,0.8402598155371118,1.5254325536454671,0.031273531164193465,-0.02999998883503241,1.4860594598169197,0.8861736334405144
ACN,0.13896362632832004,0.4595898643272347,0.020531421342534273,0.13022005897275735,0.08467242922409768,0.8876553054641628,1.0472844869168358,0.04704869388105853,-0.26409788233567,1.130421052265033,0.8860450160771706
OMER,0.037330520275891343,0.9406576873910248,0.5753270707399691,0.12029168480719687,0.49912585178204316,0.6907218775393428,0.28345279496742504,0.041888783409988875,-0.05700707359067769,0.8050928137187925,0.8858520900321543
RAL,0.10406043402646081,0.05291069764852829,0.4663005248683727,0.08649638925431802,0.28271561594845385,0.9341654946897321,1.4356862133002932,0.01591438083815767,-0.007842101652708822,0.9708185477973721,0.8857234726688104
COTY,0.049438036619557035,0.2255425142328853,0.15653961545040307,0.03622955365811387,0.1246805191975,1.0,0.5257984596560384,0.02623565160817164,-0.36177524231365255,0.7193719002173288,0.8853376205787782
CRL,0.0756968529942117,0.27201506871270187,0.5669380173684093,0.06640888146945234,0.4202379493944426,0.7679471060641329,0.872478206261619,0.026084447741933556,-0.0282925661408161,1.1290981445033477,0.8847588424437299
SMCI,0.08472067724854693,0.46469066111033364,0.4979753642236988,0.09693620428833816,0.28983553466531453,0.650000266618648,0.45971407871809716,0.04084870976922681,-0.28104515863396995,0.8058996455304971,0.8842443729903536
TAL,0.08249130421855821,0.19543570963189238,0.01126511043228784,0.06836726567624996,0.15281722466386816,1.0,0.9471683532415215,0.016107962753082013,-0.00861342992111469,0.6539553610424089,0.8830868167202572
NVEC,0.13498947623830948,0.25726673075999007,0.3625553564475483,0.03723352931365209,0.30214705665456654,0.8567720489342403,0.476062297085362,0.02071494329675895,-0.14494464926876205,0.5888505428948294,0.8827009646302251
AMG,0.07084117427515935,0.042888832051107606,0.21605672684551602,0.06647937839845675,0.19735571029861587,1.0,1.1802847851171339,0.015115071768896232,0.0,1.0905889126821262,0.882443729903537
EXLS,0.0426313552346298,0.2616070796079528,0.11695545637218552,0.03847533826849392,0.1300604137951129,1.0,0.5086233003531556,0.01996465539784107,-0.14361455483723917,0.9087633976894208,0.882379421221865
ALNT,0.14703138855728182,0.22881983126051275,0.3714974837088525,0.07599863773834103,0.39156933028712193,0.7245369584195195,0.9269758982571622,0.03786741016423186,-0.0652027378355916,0.8523848988993543,0.8817363344051448
KNSA,0.008647291686075809,0.2617103376588581,0.5357156653383943,0.025504057295621108,0.3916859818892131,1.0,0.23424091158136143,0.015209699017722142,-0.01791889497099186,0.9436581250087929,0.8815434083601286
GWRE,0.1646410226596331,0.15085574319517625,0.26715282267873386,0.0076812901521572385,0.11357395907268741,1.0,0.92837917256395,0.03565137386748399,-0.3414624513923563,0.9381955527990699,0.8813504823151126
FWDI,0.11041898166220854,0.7508279734427119,0.4818840282749297,0.18359347467144604,0.38232423400489224,0.5250963616038223,0.5062402300363081,0.07396547224503706,-0.7014985935138869,1.3662802491425734,0.8811575562700964
SIG,0.05393451790090564,0.21497149425838535,-0.011758358275670622,0.12520219066673266,0.18312820778164007,1.0,0.49322206349645614,0.016571844341245624,0.0,1.03184128068253,0.8805787781350481
GDDY,0.0548483181385333,0.10875226383408143,0.16681958513343886,0.08066272951525422,0.12726359917252794,0.9837251044385703,0.45023985411782097,0.03668473529855141,-0.22629085660078685,1.2118784080920988,0.8801286173633441
CERT,0.20877040801970814,0.311838023313346,0.504494439952089,0.09356227103141257,0.27859718419256585,0.5772946236717664,1.6082397483421795,0.040176483137774235,-0.28941267442051566,1.0086775677265456,0.8796784565916399
BNO,-0.021102070299115594,0.3428581294488646,0.1963092495255374,0.13827588242072109,0.3599344575201677,1.0,0.06773307508520877,0.02456810493686434,0.0,1.1135711484481028,0.8787781350482315
FIVN,0.144758719398552,0.3350138217453129,1.459787768215135,0.07099924065651275,0.5500630760133824,0.5507244053219991,0.8016547894680308,0.04472407479432008,-0.08020704182230598,0.9914818371301151,0.8787781350482315
TWST,0.24397078190019506,0.7469047557946493,2.221981255293993,0.12499984324194813,1.009418177688604,0.3830605503503114,0.9387463268284294,0.07127987991130687,-0.21141461628239333,1.533962932181275,0.8787781350482314
AMN,0.07772159887292873,0.03548063195463658,0.8972620413402077,0.0627431987533067,0.38615679018372906,0.9266211159745965,0.713894611837241,0.01680438573076425,-0.005836051891894178,1.0127697397510529,0.8786495176848874
PAGS,0.09713970315211728,0.18850950409266387,-0.056040479914911234,0.20745076864732326,0.17667762758083394,1.0,0.8072343614677484,0.05253659326163368,-0.02527623035876836,1.3365877279798644,0.8783922829581993
REPX,0.01607987115211329,0.2853187546140026,0.018256964463972736,0.1407160503550129,0.33271513567183275,1.0,0.4758419689937867,0.025967293909892625,0.0,1.3238456589650338,0.8782636655948552
DXC,0.1049687898179954,0.24857786898820966,-0.05654539481154397,0.12525469889570617,0.08320171835799761,1.0,0.9214142638523037,0.0354155420895922,-0.18762154248257423,1.0760011715492788,0.8777491961414791
SEI,0.17066362840000004,0.10509121422571543,0.08489324403770437,0.2326178276890003,0.24148699352631398,0.8503476146310701,0.7849230042963783,0.04346477513886345,-0.07032687491093592,0.8363933379276046,0.8777491961414791
JOYY,0.06859761358377425,0.13673136489659998,0.2816883589870338,0.07138053830363367,0.2520662599892467,0.8810843748730518,1.9119113221607726,0.009451799546587314,-0.00823801984336714,1.0490345050810594,0.8775562700964631
URBN,0.058044230621327575,0.1357366702783458,0.04730051736277807,0.06066505564411129,0.13880433071198883,1.0,0.7734919382125479,0.014617229064071697,-0.00795655282695984,0.9337257431238394,0.8768488745980708
ERO,0.05282540507498501,0.4948779994768555,0.06420325334111432,0.06722948757271507,0.24844139490147366,0.911185051835916,0.4461929592681759,0.03355834031882948,-0.062057001772701126,0.9412573105255404,0.8768488745980708
RXRX,0.308539507503391,0.23982261443775932,0.13773787289591533,0.19023646697701868,0.18450308921912928,0.6548428056975737,1.427547106758751,0.0673978955164907,-0.3768482706963129,1.4168389880194021,0.8768488745980706
DOCU,0.04006883782829607,0.370113219128841,0.4900787474113024,0.08858931695721028,0.31230006336799754,0.7229868276684913,0.460163266101639,0.02571535110406384,-0.03691546309507243,0.9609398991797481,0.8765273311897106
SLE,0.07896131931173378,0.7303681093794789,0.22172156017099076,0.2064420004551515,0.16303613142901896,0.5957448535399583,0.17314993246515487,0.0784864898143655,-0.8996437029746257,0.11244201404982386,0.8762700964630226
ITUB,0.187454336601107,0.15198694719168038,-0.036344218564429154,0.2385526578952477,0.237399795662959,0.9791939542267875,1.6879041552000256,0.04026439884137875,-0.004433505220216127,1.3485525647608465,0.8762700964630226
ABCL,0.17079491838018157,0.884787892150547,2.3971727430805623,0.11391841005040182,1.0216483921035775,0.3821916848997022,0.670266238599672,0.04284216180229106,-0.15215925511985406,0.831052916742038,0.8749839228295819
MSTR,0.17190900831145117,0.6359794684933109,0.049346918888137914,0.1906531487552643,0.13777699081365036,0.670959282793642,0.8392006167041902,0.052337481111147534,-0.5173905122720603,1.0326435449295754,0.8746623794212219
PCVX,0.17736193859574056,0.20505436954840395,0.01626601689188223,0.18690499597174925,0.2764659352193184,0.8491840047193192,0.9489904442383406,0.07860960241058736,-0.0363045288032382,1.9169675277726628,0.8742122186495177
CELU,0.04969151571310526,1.0106207938666396,0.06821021684742767,0.29009701244588615,0.4109250703304439,0.7142855926435956,0.0938656398759757,0.0691129404108773,-0.3171806320087973,0.04033925847122202,0.8720257234726688
KEYS,0.14021085636788122,0.14588689201135008,0.02370489585499702,0.11679040643326033,0.24164250760962624,0.9088657901157723,1.5294556107107424,0.02280481319761776,-0.017537284996492764,0.954022938299004,0.8716398713826367
PENG,0.49104534776049147,-0.08425801457708215,2.0612476562439275,0.3416020563430189,0.8064073003983463,1.0,1.94423415103196,0.052900972417907186,-0.09110457023139407,1.3350223444929408,0.8704823151125402
JANX,0.0213054697227939,0.10974728016663327,0.09321662521051644,0.07363906671272269,0.23283466291711563,1.0,0.38412399977457173,0.029826556012810795,-0.4647380997427989,1.1312132428477124,0.870418006430868
GMAB,0.11336231617266823,0.2376755260191541,0.15269360674626542,0.10009314753743181,0.2389442053009454,0.7229848347738237,1.427346159857429,0.029521547890972704,-0.04196979945378854,1.4201233587955433,0.8698392282958199
MQ,0.08561526646360407,0.05502356929165764,0.01851708948680808,0.09745635394602514,0.08302440321159965,1.0,0.9940595859023803,0.020560312498695846,-0.11269680327613418,1.0245932572284162,0.8697749196141478
CRSR,0.045128965667077914,0.38530703436732705,1.223836269952554,0.06865646675626613,0.6007009553094285,0.5975613869204834,0.29399520302323695,0.019217556598919796,-0.057839714400136244,0.674929770480301,0.8683601286173633
MSM,0.05908258040875647,0.009298155909803985,0.22338408060546322,0.06434909253582966,0.2349948774958781,1.0,1.3540834574782472,0.013846245846606276,0.0,1.202065514315273,0.8679742765273313
FET,0.027543730726284688,0.6510965375957614,0.2727086470499769,0.06390904998565938,0.4404689077096544,0.7514487553585427,0.31270099747259317,0.021178485096861814,-0.01962920811917046,0.9213411630624401,0.8672025723472669
SSL,0.0019753681237235643,0.3465295567096831,0.034012304923043635,0.16982357700087158,0.3564444559496287,0.9905061113626075,0.23520484993963234,0.025875178330928804,-0.0009907756263274337,1.2181231174693414,0.8670096463022509
PGEN,0.12449230533185474,0.4499037751930346,0.7023052075163385,0.06612314746836567,0.515278019753129,0.5058479458781623,0.9067305042046774,0.03987106203541251,-0.09871497962691056,1.1308951264910594,0.8666881028938906
FORM,0.2236548548283901,0.23243669274967704,-0.016478706139235078,0.17353377098646217,0.2704714634040559,0.817303699279421,0.9449781226932024,0.04406510691173905,-0.12080280716698477,1.3404243247923413,0.8655305466237943
MTSI,0.1743024261494881,0.07309110726566548,0.11932793944595699,0.1571190666247253,0.18370424133776986,0.7977496965418273,0.9627787768353985,0.04613756289909031,-0.19886223542008674,0.9868793157278427,0.865016077170418
CAKE,0.03963908521655002,0.28214176268218916,0.6918887120544734,0.013253193553706355,0.4430594688925469,0.8984033635777766,0.5255694868999861,0.02477156648010776,-0.07707392654927148,0.8067966765219474,0.8645016077170418
W,0.05549364420667935,0.18289246086056332,0.32409098286598237,0.03836018302845323,0.19771590563892016,0.8424585250205513,0.37585086929656303,0.027583958123800437,-0.11108782666528749,0.8224415781679617,0.8637299035369775
NICE,0.15967860403661605,0.08520155930781015,0.05062439620340853,0.10045988162975839,0.11082761714660161,0.8874912030027085,1.2461312044342456,0.035383131422396706,-0.1525275529325293,1.023128881148834,0.8631511254019293
EWZ,0.09413454193373005,0.18295577176092537,-0.09306264527348174,0.17091883142675846,0.18934783877175132,1.0,1.2903833182323772,0.030956303545919873,0.0,1.4261230595479881,0.8625723472668809
EXEL,0.01952599543206457,0.03365781103535581,0.2098339914945997,0.07384795951678025,0.21894887862302426,1.0,0.5222072774701406,0.013389629335584512,0.0,0.9301879034553797,0.8625080385852089
TX,-0.021161287506987758,0.254651599023638,0.2799663035114881,0.04958095029032661,0.27068436336584556,1.0,0.11403999896978899,0.01795183589969513,0.0,0.726899946543122,0.8623151125401929
SYNA,0.24862561912847125,-0.03896022188717563,0.46772418212955125,0.17077752014529035,0.19625429512126868,0.951506649738,1.650757136370865,0.04469146914084021,-0.1898421469715902,1.3391736199949407,0.8615434083601287
SAIL,0.1424546982388155,0.4344430096834664,0.8200925125160512,0.07017982002459133,0.28993848232911335,0.4370079567948144,0.9393941234395561,0.04219407052246244,-0.11201711538477277,1.3459905827681489,0.8614147909967846
ANF,-0.03751422501808299,0.5071548926691336,0.2901607959254078,0.0986577889929523,0.39204330656386444,1.0,-0.028824236463068097,0.02038480199961978,-0.06680696698962496,0.7729062941056135,0.8613504823151125
WOR,0.056458298134711926,0.1204386049274897,-0.014279398511911845,0.06567399051477696,0.1290490687029282,1.0,0.8793226897963652,0.026768540384081874,0.0,1.4985129535551478,0.8610289389067523
HTFL,0.05660420907403374,0.8479312716753402,0.6826171777921306,0.11026293524905584,0.5275759361585934,0.4273862040910652,0.3453217971054835,0.02727090262356477,-0.05286340490195551,1.0630960046848343,0.8593569131832798
WAY,0.11569267586301057,0.10527421213542953,0.07704013489473982,0.05897061281679061,0.09140463659894205,0.8817735517544313,0.921031922430886,0.0316842657548066,-0.3329126446819296,0.9165464100181442,0.8578135048231512
RSPT,0.05549674291062723,0.06999451445521077,0.28979121419662146,0.05431877195337398,0.2246433897658675,0.8767742537779525,1.3159950702794432,0.011197790017331953,-0.010319006463238911,1.1069989449019102,0.8573633440514469
SCCO,0.04887630089172168,0.17935977129288339,-0.028000654754869014,0.050363976427347135,0.1506594185805512,1.0,0.5720331494393813,0.02128465970804487,-0.046244896692023696,0.8396529208539582,0.8562057877813505
WSM,0.05210331195011331,0.0793518829807931,0.13778700455790682,0.03323538817933902,0.15705661456098108,0.998337077710687,1.0273238353405065,0.016760706771371755,-0.038009341932750074,1.0795763074862275,0.8537620578778136
PDFS,0.12551056320282927,-0.009682674560252291,0.2516779655790038,0.13908708449321705,0.24805330413184246,0.8932467905549576,0.7536063743772655,0.0375473443688357,-0.2299053724451794,1.0120241100574254,0.8532475884244374
VICR,0.46741791655461085,0.015282698643573012,0.28459468023970236,0.1699186571195146,0.2067889017462814,0.6623330676870609,1.798839442390814,0.06824307114673749,-0.29776447369150605,1.1270108867516597,0.8530546623794212
STNE,0.1632414387402954,0.060331339135477835,-0.09373579180912683,0.22079573043893141,0.07946593477548425,1.0,1.1691367393680485,0.051330461011685875,-0.23244546666701593,1.1605723313480518,0.8524758842443729
AFRM,0.15200542278409745,-0.06109483894043566,0.5043419299900935,0.08976031917108451,0.20328689366642894,1.0,1.239899994365032,0.029589583927912073,-0.06277689686246701,0.9223544641772674,0.8522186495176849
IOT,0.054749886506264334,0.09027709712659981,0.46147085264320653,0.05245497012158462,0.2373170589934308,0.760040199865643,0.499503341291924,0.03570564707989172,-0.07750997287701389,0.9042130048411534,0.8522186495176849
BWMN,-0.024096409212980285,0.537987932205223,0.2362480035203336,0.051239938882127856,0.26804395048550433,0.9722163353537067,0.019485683405549216,0.0010849260043324684,-0.03713710363595679,1.0155854777091904,0.8520900321543408
SCSC,0.0619346502633249,0.08389394517603455,0.44028175952996973,0.06632446998463704,0.30943283728367454,0.7163633866743608,0.8567031848453671,0.01842378412388572,-0.025072345591210632,0.980710838838952,0.8519614147909967
AAMI,0.006963711524212934,0.1693364885965727,0.39168740758683795,0.03507282922063504,0.35377515162032824,0.9112898334805596,0.44815275067040244,0.018456649243328002,-0.018664663646438706,1.1845116834664817,0.8518971061093248
MTRN,0.0951133484292499,0.10632394205605489,0.5841329225751413,0.09179200999292125,0.3918724038821222,0.5494353194840194,0.4833641169134131,0.03856810515409926,-0.11250706336905736,0.8954841573349901,0.8516398713826367
MSTY,0.14065943642018963,0.5162949284630989,-0.023517212368411755,0.1593894779946352,0.10761062136228072,0.6713044263804273,0.8726704610546023,0.04311825805271747,-0.4526131530638269,1.4066574735526978,0.8511254019292605
IT,0.09351186672981804,0.3147280202598337,0.18206845643027791,0.03148735593036145,0.11774437011621663,0.7142855967748436,0.6011973859122189,0.03230226708718023,-0.2571948936814066,0.780202654362049,0.8508681672025723
FRNM,0.04696933796606939,0.4089158558659385,0.30166118600907854,0.10392941935866928,0.2696720814205573,0.5242914721834081,0.4054090688225811,0.03526734558589773,-0.06867329917124532,1.0958891664538493,0.8508038585209003
ARKG,0.10243002281074709,0.22420882331355663,0.7746493115870898,0.0719707055837735,0.4315877952487839,0.46238716608967945,0.9497581074822623,0.03634314479323722,-0.09441607481295256,1.3736302126141227,0.8504823151125402
BE,0.04682787624322815,0.15026133684467524,0.518193712549941,0.1299491005212403,0.3109196522107014,0.5529306085784864,0.25139726377009614,0.050845517947157304,-0.19483882774735628,1.05542700362608,0.8499035369774919
FLYW,0.02081973008674498,0.007134475768455717,0.4619245745371481,0.036257916930518386,0.22837910394052496,1.0,0.45326196241142813,0.014195345263558791,-0.04503587650376961,0.8247777365398544,0.8497749196141479
TEM,0.18490789317396028,0.23405764348871716,0.5102902327720509,0.08803661335417923,0.2601113080658286,0.4013991780804552,0.7714653432766874,0.06326652453316389,-0.280922640336136,1.1536119456040224,0.8493890675241158
PM,0.03167333239184966,0.07623077848780957,0.11436158671921959,0.060525621825750386,0.13541362638778565,0.9551801834724447,0.8180396572826423,0.013675139082359416,-0.0032668268294108183,0.951746488592474,0.8491318327974277
FDN,0.024560842584524067,0.0536888512245528,0.08767270719986575,0.039502106939447224,0.12916594092908418,1.0,0.9370832584169897,0.012149220907042988,0.0,0.6865237632625932,0.8459163987138263
EMR,0.06256287313107545,0.1595905034993319,-0.015880556742653873,0.04119335011590808,0.12184787328676028,0.9903028083570076,1.16544000574826,0.013747327825519476,-0.01009882457785194,0.9756537885327963,0.8456591639871383
SU,0.013147044410444897,0.13923841043634178,-0.021160995606741118,0.07246403625757836,0.19067207440475276,1.0,0.5151503157588068,0.02045149245880344,0.0,0.8649096716499893,0.8455305466237941
HCI,0.01071193842648377,0.021854136749240638,0.1555024790562094,0.056812922748693095,0.15070839056051488,1.0,0.568000116822746,0.01655089777091606,-0.049604973710076106,1.112500380150394,0.845016077170418
NIQ,-0.009484646144311437,0.5854637427308742,0.5754463215341625,0.0551957862764596,0.38443399089893115,0.6934679531846496,0.07955007491528686,0.025635024807060786,-0.06340952847545644,0.8619502263890609,0.8449517684887459
BBD,0.1705890182655616,0.15144749468552288,-0.058351017333338806,0.2399994070426852,0.21085149979717954,0.8152398217338498,1.390358246600393,0.048313374713804466,-0.04767187176866183,1.2269632785832734,0.8441157556270096
UTZ,-0.020357071942579408,0.8340886628945274,0.7848546310954696,0.010388155518149533,0.43647174574829317,0.9346264636564289,0.019653220781999287,0.0015030188290623527,-0.0006982734232273691,0.49270275244139694,0.8437299035369776
TMO,0.061256663267980294,0.20358557178393188,0.17638353877874247,0.05089984615570731,0.20927984534214583,0.6746914260524576,1.062813783113606,0.01856403971122734,-0.031812356473843506,1.1261257486455356,0.8436012861736334
GSOL,0.06871655497671769,0.4277400923334931,0.15603370937177408,0.11231426145506829,0.20324447185867922,0.474432254599029,0.5946827595971803,0.041638103561932906,-0.5090996072811771,0.9224418440103919,0.8421864951768487
V,0.01848871331376678,0.036314576966511636,0.1182581601618331,0.04207046664904368,0.14214725458040145,1.0,0.8936460972101178,0.01228205349010471,0.0,0.9593759988034193,0.8419935691318328
CBZ,-0.026237734464021667,0.3132127144639436,0.8773345104997397,0.0031818157980525452,0.3725156752353862,1.0,0.03483813875622854,0.0006646559259424699,-0.01153152053420603,0.6600451538510981,0.8413504823151126
TGB,0.08488868969079721,0.23185719581375586,0.07476107929353115,0.04192143160859074,0.19422309744542487,0.7269736202304504,0.5335224297155717,0.04153171253962394,-0.07592981272516763,0.9055742718362698,0.8413504823151126
IYW,0.044689036851410124,0.05711167818043861,0.233421130482508,0.05276398693803119,0.1935708730077228,0.8434031649623953,1.2073691210486053,0.010188908743507459,-0.01293148664235988,1.1242178983253137,0.8412218649517683
MAGS,0.03655129633050613,0.05952166093243494,0.05504893640617614,0.05745941232730489,0.1196353507773098,0.9805938379643823,1.073692669684091,0.011601969007270693,-0.001150190564514264,1.0898094768668496,0.8410289389067523
MORN,0.029870728161527804,0.13770711127914348,0.07069992321965657,0.011111174171072769,0.10515883778673918,1.0,0.5445109519348442,0.02409833433041753,-0.08989362396450817,0.9174983992316312,0.8410289389067523
CCC,-0.003440575657833289,0.08685416680397262,0.2575574684846982,0.02248446715927388,0.15150892957626394,1.0,0.21359850944711076,0.026278748504351055,-0.2475936299046142,1.156798791013298,0.8407717041800643
XLK,0.04460935842475755,0.056063601961680476,0.24557505153298065,0.05288923245702071,0.19785982775060384,0.8316567868951031,1.0417491898915894,0.011386168628132291,-0.01539604262550276,0.9971356799763502,0.8404501607717043
FDS,0.059119770696572926,0.0505661460474065,0.2133457713925091,0.012098375504489889,0.15898753932002396,0.9984942355659261,0.6627331106326156,0.028635919662624815,-0.08633384742631345,0.9283026173714506,0.8400000000000001
VGT,0.040930979651092825,0.0665613638679643,0.228876720599126,0.05091351489118057,0.19435818949041606,0.8403322180468366,1.0842955868619681,0.010696671414502756,-0.013713395511917637,1.082414523126727,0.8399999999999999
FTEC,0.04115157225577004,0.06572612728900462,0.2292380949318391,0.050926821559833746,0.1942274874894605,0.8365335881540268,1.081353977730465,0.010773985025446697,-0.014131326698857749,0.9790843195721783,0.8396784565916399
ULTA,0.032478064723524325,0.16046968531278072,-0.05818668962185436,0.053754120940140204,0.026541763647465633,1.0,0.6695178677214384,0.015435074615432861,-0.194512017100413,0.7624128191802699,0.8393569131832797
ARTY,0.031061693717833627,0.0924576417429428,0.36048485475219816,0.046302604153028115,0.24715890478920688,0.7624191951066386,0.5605911766218982,0.018078607773389155,-0.0270802191788746,0.9561348125732194,0.8387781350482315
HALO,0.011701685724494038,0.4227570069956732,0.49194308320526337,0.055286387014060745,0.40397663414025087,0.5863992664895263,0.30707474219644204,0.018742256482203824,-0.032199262672859885,1.2299556779723178,0.8387138263665594
ATKR,-0.023066816952744817,0.28562915785854814,0.2573452483034453,0.01370321862259094,0.252397755785855,1.0,0.042288525813023926,0.0014412650518882731,0.0,0.8538221331304577,0.8381993569131833
ABM,-0.003674443734534849,0.06839400450197108,0.14047210900602614,0.0388317599221244,0.14836529927099273,1.0,0.37816570721795095,0.010899369006483046,-0.0042732712235938886,1.073593340041887,0.8381993569131833
WAT,0.05074420595608942,0.12116356295437614,0.20476904511912197,0.04409406667736704,0.1898753298742264,0.7290222626879699,1.0106041466736662,0.016540280738095815,-0.020326692160632875,1.0248272579177349,0.837877813504823
JTEK,0.05848818599833572,0.021027937065120517,0.13589167018928672,0.05712329671363903,0.12818746331060882,0.9020021320487445,1.0757647272946145,0.012567045019332573,-0.033007020421652045,0.8473387011115148,0.8378135048231512
SOLZ,0.0682060799668649,0.4107045159307363,0.1209091060320946,0.10902778206772368,0.17553215792734234,0.4743160040678137,0.5885633698067708,0.04135100608337854,-0.5161576430795771,1.0549938558405805,0.8371061093247588
MCK,0.03724748525610022,0.1167110957866564,-0.06338653033966146,0.06468582269380607,0.10810023125108237,1.0,0.7342553956035572,0.017872674948926904,-0.053389330980064265,0.8918828643879585,0.8369774919614148
IEO,-0.009701212941574333,0.17920405567101616,0.09909831988718043,0.07062108410468282,0.237594442089198,0.9209517363168582,0.2744896467216721,0.018932884958991137,-0.007105890313779395,1.306358311125878,0.8361414790996784
NU,0.029805109440226518,0.12260048496926901,-0.08775684725205402,0.10818842912990956,0.08453407875032593,1.0,0.4002531905867442,0.043529054211471185,-0.15111940317475936,1.0109895167333982,0.8357556270096463
PWR,0.10412645308793733,0.04314430104572464,0.04717484973782016,0.07699646011326866,0.1463981659720861,0.8336547321405505,0.9058825948543648,0.022866562887346387,-0.10587538259439921,0.8630844847633296,0.8356270096463023
RGA,0.006185868397968308,0.03968312445531419,0.10916487097387173,0.04103717011001318,0.17213097326482196,1.0,0.6585755232039788,0.010425260663915605,0.0,1.0589154371491056,0.835048231511254
ECPG,-0.0015526848889348965,0.06609954544061214,0.183678352395666,0.02534825540842367,0.26348727708154307,1.0,0.26963755893570834,0.015853330097471086,-0.028629277827856736,0.8509499469792494,0.8348553054662379
CSCO,0.07228407034568085,-0.04883707615531474,0.294110264489011,0.05440679220583866,0.20496270101573577,1.0,1.0494070997210783,0.020907765768837183,-0.08522505043967887,0.9918796633953408,0.8347266881028939
IGM,0.043204974744121216,0.0458931695246243,0.19571791103646263,0.05010712514257443,0.17835602004208617,0.8499650297509657,1.1320454102546749,0.011137333135939743,-0.012515115127250898,1.089551670287068,0.8346623794212219
BEKE,0.03815599846445927,0.0674726607777778,-0.026315303828681413,0.046083946051911795,0.07007604118999633,1.0,0.6564548728706144,0.019603748647935473,-0.08958657756229749,1.2396791839421653,0.8336334405144694
NDSN,0.046133632399982805,0.1160517660039948,0.057159875245295755,0.04002531445482749,0.14939141821861313,0.8684916462203528,1.1022950141021557,0.01006705672685676,-0.01027120065132392,0.98577324091586,0.8335691318327975
XOVR,0.045819120953767056,0.04933619278451595,0.14456681414500783,0.06362480707085716,0.1413156075976838,0.8193710742068525,1.0577085329294638,0.013812730536390922,-0.015381240125240447,0.5730279549406693,0.832926045016077
XNTK,0.050867062052031065,0.03360911161260827,0.24180524017386973,0.051765602597344085,0.1902426840665441,0.8047046218282764,1.010298061783122,0.01375931591123648,-0.019015958914769593,0.9999916906396488,0.832540192926045
DGII,0.07541234482866521,0.10591187568853977,0.259994159217358,0.012822465605246247,0.25268702503937823,0.8068669780856312,0.8099871672692732,0.021396107901757465,-0.10781317506247667,1.0723044581222838,0.832347266881029
HMC,0.006079668027000773,0.13490369099839872,0.2110905520946702,0.02854188928345125,0.14677399533317703,0.9018995020371209,0.4831716810900115,0.01181444249771897,-0.017830309411168255,0.9997080528053559,0.8322186495176849
OSCR,-0.008808886694717133,0.010963478873358135,1.1511980225767195,0.07200484020684361,0.48805830787512217,0.8937243989632364,0.13644436689448147,0.026745883600262803,-0.015527994810838552,1.0289586954421106,0.832154340836013
APH,0.05103999482825028,0.07039659891371852,0.08284023166948717,0.05410063987150493,0.16369091958908122,0.8288271104435554,0.726846398648145,0.021885358602913334,-0.022173368386190218,0.9669498054422194,0.8316398713826366
SONO,0.13838331881209598,0.09460882496132328,0.16616493693960765,0.0605177522112772,0.12100276482995587,0.5924529469789583,0.9154573876761497,0.023371721636070604,-0.10751563060271219,1.1208020914567087,0.8316398713826366
NMM,-0.015043041418883352,0.19103586742221768,0.19347761700664146,0.05941349520879946,0.28207533927474704,0.8665516306683327,0.17939936761313138,0.014438447514749004,-0.008216803442419374,1.1042840495746251,0.8313183279742766
JCI,0.07827737845912441,0.05773839121709701,-0.038285083822635846,0.07291369647655999,0.14493210086330044,0.9595507830756618,1.346571934719047,0.019904516789142894,-0.005448414363215082,0.9739073461981586,0.8312540192926046
VCTR,-0.00793751169252599,0.19780023683779757,0.5399263252361852,0.02168496432778544,0.3319254896911781,0.8512109356437996,0.23159673811171166,0.016225039831549944,-0.05828549852383158,1.1381307420305635,0.8309324758842443
BJ,0.07819683687533119,0.060503520756907125,-0.08020956362166154,0.05929221868339307,0.06159697012891274,1.0,1.2419197659360655,0.020716589950685937,-0.032983065089618346,1.0763464768594175,0.8308681672025724
SANM,0.043822981924761084,0.03994993043387374,0.32587810225079905,0.06399771909599372,0.14779829639452724,0.7160034276228571,0.3683306733537338,0.03483955871140426,-0.22746886417983092,0.8873626023800141,0.8304823151125401
SBS,0.23458968980045758,0.09254799894193311,-0.1657479872422507,0.2881368944191136,0.2015833355776735,1.0,1.926355224941597,0.03958609221264426,-0.049703441213086674,1.0510036936663625,0.829774919614148
SAP,0.016796589819133123,0.3058934529337718,0.19310443474165662,0.026687759747705986,0.12846811031479533,0.7533199468982221,0.4127970859196645,0.01630903972219167,-0.21760917976629024,0.6865795738651003,0.8293247588424437
ARKK,0.05015651411869726,0.10481606569809698,0.1430906031359651,0.05852269939212018,0.150494537775955,0.6848956243031222,0.7578842452782826,0.020148050103280385,-0.032604026359977833,0.9785658561931501,0.8291961414790995
INTR,0.28356588988345566,0.30188843939407595,-0.22717088272470043,0.35608045552567913,0.09330267505658041,1.0,1.761413724744254,0.05274217250531938,-0.24670532551744273,1.3020367244632782,0.8288102893890675
CRAK,-0.019016682786207717,0.2347770045175146,0.2459679234475982,0.07532109650000418,0.3153415496234393,0.7807614549792923,0.1851322416403487,0.012784617520847034,-0.01455295189833028,1.3544674338699074,0.8286816720257235
ROG,0.090067707181539,0.06028846173681801,0.10808027835770573,0.10007768202156075,0.19235948447772522,0.6403174021887401,0.8539758515790873,0.03327372347434731,-0.11023998188195694,1.2110347921155682,0.8282958199356912
DUOL,0.001895698404802637,0.08998920695525636,0.5122384922134269,0.04044942818414299,0.1846799585854897,0.7928132796605424,0.1818618945679105,0.03229762930721002,-0.5606455915706774,0.8592829234414759,0.827781350482315
SHEL,0.013164029657630083,0.1605777713786738,-0.04675597540929677,0.07103443604906512,0.18103702333356653,0.992063448376084,0.7251649814382636,0.014652810937429797,-0.0005489052579931153,1.0025715114663383,0.8277170418006431
IXN,0.03344536009049559,0.05415057198739337,0.2389230022339628,0.047102122719186346,0.19597761161231553,0.7826392216616683,0.845483912803067,0.013070949541415147,-0.020138628101792344,0.7792645011702815,0.8272668810289389
BNC,0.020654362736274745,0.824188751594616,0.8496462358287866,0.27414062389612304,0.4135179956267423,0.2679556198949114,0.12744869424130992,0.06455322933798027,-0.4832512233809757,0.874273230600372,0.8265594855305466
PEB,0.025149516262407356,-0.0005905972646931268,0.24972569818580426,0.038338472056985484,0.23727958051565046,0.9803080519589785,0.8351535179052166,0.010381186543090944,-0.033660722412672595,1.0315045695472176,0.8261093247588424
VIAV,0.1858622887319239,0.06932213179361812,-0.06372426083013516,0.1570353378528484,0.2131022950316901,0.8157164454558019,0.9284471050350132,0.04495050347665164,-0.1778420355494198,1.140351627550835,0.8260450160771704
CHEF,0.007267420884467857,0.12666781349623712,0.612963361784638,0.025473477264287503,0.36496405239520624,0.7479924962293476,0.3487019454148999,0.022099335968901263,-0.02155982259331002,0.8702336049660013,0.8258520900321542
AEO,0.22454187465095554,0.09519528610872907,-0.14938629288865224,0.08670393199794746,-0.032049563212392274,1.0,1.6981658251403973,0.022332844137517134,-0.3408621349027525,0.9891962672264467,0.8257234726688102
CEG,0.020947418229310122,0.12675855760433574,-0.09956569041503616,0.09761681928394705,0.05327327556712658,1.0,0.39024775995793076,0.040686859804446265,-0.2515205631278037,1.3156457971753366,0.8255305466237942
CLOV,-0.000702643775582823,0.01893170903705843,1.3607430657140251,0.09629028425000197,0.43411325720401983,0.7127587390012288,0.1730227804729487,0.0361462279059603,-0.10349349773903382,1.0770053236643542,0.8253376205787781
RELX,0.04110748507426676,0.05055079020416442,-0.03393776703905682,0.04179878867961473,0.06052411635147603,1.0,0.699774822441188,0.020200530734707137,-0.20426917701769054,0.8573842591243879,0.825016077170418
ADMA,0.06593122781856486,0.10535529018286449,-0.09092196996041091,0.07603867841861889,-0.10662179834056273,0.9796512546637162,0.8086682840631277,0.02986830890708423,-0.49484786554295934,1.27956663273326,0.82475884244373
SLDE,-0.0010000431923735675,0.13873862196836972,0.2506196695845233,0.08417110575028852,0.29279151177155915,0.6858514527638487,0.24215392799799595,0.02775037846868302,-0.049471279780533894,1.2220411365375137,0.8247588424437298
VRSN,0.02646749428891826,0.09036308683470207,0.029509711768747948,0.05110083849741387,0.14739914602624715,0.8980245411325103,0.6643572562571297,0.014594143781543738,-0.0123025986073938,1.0896085175415646,0.8246945337620579
MRVI,0.07579286864550672,0.12823819830084937,1.272819336993075,0.038354276395935694,0.5030687606410738,0.41416894582637676,0.45551567637632984,0.04010858939714681,-0.17277775870429146,0.7911333268051215,0.8240514469453377
ZCSH,0.044074602121224604,1.6999875970094152,2.0513801994584036,0.24861040366383125,1.4238892485463168,0.17750961100020937,0.23339819086362434,0.06616484859596049,-0.22407567547127838,1.9216282237406053,0.8232154340836013
ABSI,0.20741622195596499,-0.043338742735746894,2.2705565011526962,0.1011551125083503,0.6927704258325897,0.6295264501861193,0.8760134754204335,0.07293411337847962,-0.12220310587598804,1.34825475814882,0.8232154340836013
USPH,0.06349117741646881,0.1521417383433621,-0.025891698917269057,0.05516481455440969,0.12426676312398777,0.7975136055159255,1.26039073135787,0.013741199077174976,-0.06393098996936097,0.9503665195829829,0.8224437299035369
ARX,-0.032716015939864174,0.441523758824236,0.39785520833028154,0.0759614130624422,0.34645895952822325,0.75,-0.007808078911636966,0.00259094144100589,-0.004275608051352631,0.5754823808846469,0.8224437299035369
AIQ,0.02384819080061984,0.042550957629332364,0.19481088995905038,0.03729451715138121,0.1518744272386876,0.8667468778272103,0.7408993865242421,0.012454256969358795,-0.0518249524930412,0.8230351244791089,0.8221221864951769
THC,-0.02253386846774852,0.3207381745488662,0.20783309299101194,0.010366448175720633,0.23461460008948776,0.9855304635419359,0.05600851770540116,0.015485095934446962,-0.05422579400106797,0.7314229030226127,0.8209003215434084
SAFT,-0.024543873414423434,0.33864860928670826,0.2689926732020016,0.0078030006697393794,0.27825047994401686,0.9843716472355339,0.024526393249072166,0.0008861096583111722,-9.622990182345248e-05,0.5840007984803429,0.8209003215434084
APA,-0.0011417735090608616,0.28898202520810723,0.05059962714091082,0.0793975791195487,0.2884104573583204,0.7316863629421914,0.24577003017167645,0.026568278329810926,-0.033220855684635175,1.08682132228224,0.8207717041800644
HHH,0.16095566370241965,-0.017855273565912322,0.004784784183215596,0.1040683216929521,0.05841047114982412,0.900832416088347,1.7750826803618847,0.03374951606456513,-0.18279129534044802,1.5807468623628178,0.8205144694533761
MA,0.010109631455470725,0.05174518331513833,0.02947715402288975,0.02833109151265445,0.1072658367972168,1.0,0.7091555218424626,0.011449345040939106,-0.01927115967206705,0.9903570544823838,0.820192926045016
QGRW,0.03230663561787539,0.03124622821060985,0.08958509842803752,0.03768508593236941,0.1266354537921952,0.9194905117512042,1.2974005133761204,0.009260801931798152,-0.005365027149355384,1.2129978822316922,0.820192926045016
BAI,0.06325953779965099,0.017636361071906137,0.11537868606287205,0.060394839372903464,0.15723507453736096,0.780166534571955,0.721484185246987,0.0193439197581553,-0.11220724941613602,1.3939139948828658,0.82
ITGR,-0.025727568839463144,0.2716581452257023,0.3357532543466375,0.007658163263268181,0.30094417793864103,0.9907317142090168,0.037788850258654874,0.0007181867761165686,-3.951743191632495e-05,0.7488559799378515,0.82
SFL,0.023574171650087017,0.18200584526425434,0.1258959407880309,0.06199740271334009,0.24215069793382327,0.6262132731129512,0.697569643477652,0.018481368288733088,-0.028000016645951753,1.0580403969077095,0.8195498392282958
FLTW,0.01996670371695508,0.07651188032677414,0.3410936602759167,0.05080112905153111,0.26672389822249754,0.6669543322636386,0.5408278057571247,0.01798928053250783,-0.03383590943545023,1.5152883934664583,0.8195498392282957
QTEC,0.05096003676233707,0.017538152216983738,0.3096557889929954,0.03859660462477188,0.19258055609078006,0.7429430695222229,1.068185780548489,0.013517267720008079,-0.027565548714182042,1.3213906309676042,0.8188424437299036
PTF,0.08873270213043516,-0.009269526295734298,-0.013859535502428466,0.07598942455150937,0.09339652842472113,0.9889117039826489,0.6430505719774383,0.025982425500905144,-0.18560928346663452,0.6231565160025876,0.8188424437299036
EWT,0.018533028882709246,0.07910714597751123,0.3327260148742357,0.04910898294253463,0.26794708636941267,0.6694614173567688,0.5332255807721196,0.017919329203454352,-0.0317373114117121,0.9396956004095126,0.8181350482315113
QGEN,0.050966807111050505,0.05706163060160163,-0.028002468679869663,0.04897683285312038,0.07961911187218429,0.9411765853677573,0.8555398931115197,0.025195146633478903,-0.17407505913353427,0.9009713822745777,0.817684887459807
AMGN,0.059519982952142225,0.12095391936161692,0.05132376185106802,0.013788168735032968,0.1478557529132618,0.8591371776943881,0.908644769336579,0.01760581673631144,-0.06133475307092928,1.0985321426374688,0.8175562700964629
WK,-0.004862602666326321,0.298949797623109,0.24489207179103922,0.024868325209431275,0.15377015838507746,0.745344399035883,0.17642019234277112,0.02747804082342912,-0.2160004212479011,1.5210668285691193,0.8167845659163987
MU,0.01865133664682106,0.05198438760969348,1.2861165377603294,0.050491862481275795,0.4616174691856447,0.584736984786979,0.22642120614110395,0.030410669571725144,-0.15491800516199516,0.7878574303580499,0.8165916398713826
NVT,0.051172347616517566,0.021159742477022236,0.13683744171717427,0.050165318783756296,0.18205653708926972,0.7803757167303947,0.5552294948575818,0.03135501614662598,-0.08832982675072742,0.8810450536718962,0.8165273311897107
MSGE,0.04275342900911716,0.04171859512243459,0.18923944884708233,0.020702807183548888,0.18333890459918423,0.8537340506864082,0.707353288928479,0.017062107614453707,-0.08058131811296987,1.4219458842677308,0.8161414790996784
ATRC,0.013264415553711162,0.5460028592426376,0.8057612603047728,0.09075950661180099,0.5073229288811978,0.3070619520281393,0.34466139758361214,0.026744706888150904,-0.09042288778167606,1.3930686424266001,0.8160771704180064
EDU,0.0415564635484289,0.16006567060890387,-0.11174553539550347,0.037679929843354554,0.08646665436906842,1.0,0.5688982782693771,0.013563841765104258,-0.06794212823591095,0.7917016351660952,0.814855305466238
MGK,0.029996653843975762,0.035015507408741486,0.06763889694857572,0.04017684597429505,0.11573122061243879,0.8952141267235388,1.273312758157146,0.009093248735564004,-0.006676502283203156,1.0923669904517936,0.8147266881028938
HOWL,-0.040154685028687576,1.821383276712494,0.0013302633384020268,0.2520005584245686,0.5011180633921666,0.9102799635910297,-0.0150453279331673,0.03275341834313246,-0.4497752837884338,0.09226826477954461,0.8142765273311898
GARP,0.02537363550180194,0.03534118153284749,0.12563430381606988,0.03486205069331105,0.14838726155862592,0.8737866115243357,1.1560619335087134,0.009740144375687071,-0.008906128830660776,1.2982710075054027,0.8127974276527331
JQUA,0.01293127640537528,0.012588696125490184,0.06139865751698914,0.02292901794496549,0.11374088948993366,1.0,1.5485702099936742,0.005044198593036461,0.0,1.1412742560024423,0.8119614147909967
DV,-0.0199766369938561,0.09198163536639448,0.2623974766957624,0.02232313646470696,0.21220824000904792,0.9333320617724288,0.10305352220834224,0.002955738863961269,-0.0007396618745003636,0.976657050751174,0.8091961414790996
HODL,0.03927692713015252,0.28339395166038184,-0.02840679790139755,0.08464610072872736,0.11613124108129513,0.6195284162719249,0.6517471727251414,0.02471484460618505,-0.31892527594442444,0.5695770903641831,0.8086173633440514
ARW,0.03800228505111525,0.08783203102163584,0.28935862786566546,0.04744434753447635,0.24469960064636664,0.5394261768549675,0.5808592695222959,0.023439310571365658,-0.05768353279593086,0.9535600539393589,0.8083601286173634
FBTC,0.039564060662800715,0.28324565964959714,-0.028456426208841812,0.08467751522672762,0.11552491943454135,0.6140064431527212,0.6477045360721496,0.024993236541433886,-0.3202444210593266,0.9982044651456298,0.8079099678456592
BTC,0.039555131511247676,0.28231372122477083,-0.02849514648649154,0.08427647930825466,0.11542282745960009,0.6131468954608386,0.6509125655991559,0.024928855969233315,-0.32012304070791453,1.062192473985403,0.8071382636655949
DRH,0.012827290358534249,0.027261209279960008,0.10520970322022238,0.01771851093553045,0.16595298094330557,0.9893153510059017,0.6621296611968075,0.008888094210106738,-0.05029207864758889,1.1372715715759474,0.8070739549839228
AVT,0.036347862886324744,0.12709062384738878,0.3389374634691982,0.042969979226673116,0.2823280811638451,0.46849322656365944,0.5555189300923553,0.02759594942854531,-0.07256407292941913,1.128708105963442,0.8067524115755628
IBIT,0.03857684386866844,0.28344985630950403,-0.028705945211616513,0.08416278744799754,0.11516039555785751,0.6122278672382538,0.6364999775733304,0.025076433217244266,-0.3207011762298071,0.9651422737310213,0.8066881028938907
EL,-0.014950872047786445,0.16895007987607924,0.2056273056463478,0.03396518844043794,0.07326590945660238,0.769801492188934,0.11859059528914564,0.02137710392500708,-0.17241504657025908,0.9524465346459058,0.8064951768488745
BITB,0.0383529220155816,0.28209314781915684,-0.02870615210968519,0.08420658045978935,0.11521572825984738,0.6118883893767302,0.6402643608682782,0.024909513453924937,-0.3203706450853975,0.8201534630930668,0.8062379421221865
DHR,0.07031261323476645,0.0604359352437116,0.014308247491107373,0.045531357002613904,0.09790259512804433,0.726141755775829,0.9137158082625784,0.01899745677816513,-0.08421837672883903,0.9527163707862535,0.8061736334405145
IGPT,0.03138267472350309,0.01677542058317294,0.40408786346701486,0.04576422404546543,0.23390911643206813,0.6448189387371157,0.5973460268486754,0.018509284272133508,-0.07390618646434899,0.8441653240708898,0.8061093247588424
LAUR,0.07482113877143526,-0.05654528279495552,0.04922672096365566,0.05604255345846143,0.12069310896891716,1.0,1.4046448289433913,0.012924933648692983,-0.022713760233731728,1.0727633820090174,0.8059807073954983
VTRS,0.04800157264639848,0.04351553655996088,0.1787096948932827,0.045511667636946695,0.15561454870462121,0.6265436859140022,0.983652062966526,0.012794437115604117,-0.033114369298181345,0.9860826400854847,0.8057877813504823
SCHG,0.024987589452209136,0.02812314349537326,0.05489624966711659,0.03163250605164025,0.107877432363924,0.9131776871860675,1.348707797745577,0.008336317663393057,-0.004738674129824538,1.1486550960451742,0.8057234726688103
TRI,0.04833179021851919,0.05982229781035042,0.12463395967070956,0.018140273004256358,0.07546849415585011,0.7751531385646192,0.4745220418667876,0.02833486748345475,-0.34168494646136993,0.7772354526055366,0.8053376205787781
ARKB,0.0369876446450117,0.28119870559439764,-0.029061838569504284,0.08312343419252444,0.11394647543648206,0.6111112016784667,0.625747626810141,0.024909903190468513,-0.32110891406137965,1.098720275739132,0.8049517684887461
BLKB,-0.010095137725387504,0.4117173449767988,0.16434118960968402,0.002141082267907768,0.07492808690068853,0.870283133451493,0.1312677024149849,0.017849503335574248,-0.33598232585274623,0.8370077606542805,0.8047588424437299
LVWR,0.3412335125688861,1.131553689662032,-0.2185272750718117,0.1650631033980159,-0.10600479059814971,0.8490565146530717,0.48012221700644847,0.07457057991958907,-0.7504025857013046,0.09837614216454761,0.8043086816720258
VUG,0.02616498258879063,0.02725422527003052,0.04804218283653361,0.03543901108929859,0.10471632959707411,0.8967730210016155,1.2304224647483124,0.009005515157175214,-0.00631475699834716,0.9606700387513647,0.8040514469453377
GBTC,0.03795109217750481,0.27929143597275896,-0.034976115832309196,0.08371083152552772,0.11021490999791572,0.6125462760940865,0.6360612510805663,0.024970857087871452,-0.3284510166750906,0.9371403078990654,0.8036012861736335
FTDR,-0.017815829322949783,0.03485693643949306,0.26788591941840756,0.005475139862410439,0.19058046438619414,1.0,0.0917683723884269,0.020796860737917987,-0.11301331259181857,1.2023590629570975,0.8034726688102893
SHLS,0.1959937790805517,-0.1146996478709249,0.09702149758339318,0.11873760315920268,0.017497014334513006,1.0,0.9887805637866607,0.039712410752463595,-0.31714957287042367,0.8371159502310739,0.8030225080385852
BTSG,0.08470411953587154,-0.11552128243842474,0.2716291598162841,0.08176458204416504,0.21882360940863732,1.0,0.7144903423836862,0.021010411294380364,-0.11473055922381303,0.8265656381401691,0.802508038585209
VOOG,0.02194390368781307,0.023504916312964363,0.05424381738652051,0.03189977748912409,0.11309637230226355,0.9064295208923309,1.108690191183589,0.008567901276908405,-0.005626863254416081,1.0549459924453848,0.802122186495177
SPYG,0.021987885338946356,0.02380001585309044,0.05449098292465626,0.0319307864826075,0.11316292683978868,0.9032048492880552,1.1158024325771396,0.008613353216708674,-0.005849785484344117,0.953488696845448,0.8019935691318327
XOM,-0.008478460809566046,0.13370741654681106,-0.03032299052967069,0.04657053515946985,0.13376128395275177,0.9582571201885332,0.3262153899513469,0.015235193546020086,-0.0027167888847674515,0.9486322884989984,0.8018649517684887
IVW,0.021944515201012926,0.023297823874661727,0.05376494283214561,0.03187956015941884,0.11269493086334648,0.9048984543087837,1.1169974549752233,0.008587190915115167,-0.005714422960447441,1.1885928514928257,0.8018006430868168
QQQM,0.030694837398505426,0.014220981093142404,0.07985126451660207,0.0375903059653917,0.11988569938365057,0.8500595054670648,1.1626298914354303,0.009887770188333568,-0.011014858730821642,0.9388956419307904,0.8018006430868168
PYPL,0.009694682937288368,0.12420859855480582,0.08050083534240526,-0.013216907322265992,0.11137469811981915,1.0,0.27457889210847036,0.015939687286432688,-0.25982343166210775,0.8386568304169049,0.8016720257234725
QQQ,0.03063347123361626,0.014175134406890999,0.07968193413057612,0.03756106619928756,0.11972250456703049,0.8484431243730207,1.1592293616717093,0.009855417434034942,-0.011143098385548278,0.9629640641980833,0.8010289389067523
AMT,0.031027220210474438,0.04090892996250006,-0.10803894665657476,0.0623417618302462,0.04861807528349105,1.0,0.7156266770553836,0.023136669054687448,-0.04509235351257779,1.138484698649448,0.8008360128617363
QLTY,0.01125664899196921,0.01282842881194357,0.0055835960090975245,0.02412391792443258,0.09161253134067726,1.0,1.4280504255688768,0.006190162192800048,0.0,1.0202971676628525,0.8007717041800643
MTN,0.08910959984707456,-0.056879654790107814,0.033347608405978724,0.044860493943459145,0.10396623657614024,1.0,1.243022885605637,0.01790233907441871,-0.06711705333728213,1.3648810154023232,0.8004501607717041
BSY,0.10494211401425035,0.06621044065412995,-0.02551638469740425,0.024573135721910555,0.023636740125453137,0.8278691817214086,1.049671079266828,0.026518950686420267,-0.32274159646479306,1.0894207331288455,0.8003858520900323
STRC,-0.0029201188602809847,0.13980925297019575,-0.08673599507402474,0.03775132332524156,0.08293635865855853,1.0,0.605223288002171,0.004691768871618827,0.0,1.0874641169868122,0.8003858520900321
AUGO,0.047915087314856386,0.7069985666981582,-0.22470035421426093,0.14207489764397252,0.27690260603099026,0.9986713189934469,0.37499678871398784,0.04410363288866325,-0.13337475080901307,1.1086251890269219,0.7998713826366559
SPHB,0.03118800445918435,0.015195953594547396,0.10962144988936462,0.03561519599051732,0.13373490594401516,0.8095719940699391,0.7917818890800778,0.015610886807158948,-0.018115784392936818,0.9597306388185485,0.7994212218649518
ASST,0.005946189013605219,1.3142763743192456,1.4704094235238312,0.2282157797545108,0.7627621328994947,0.160616387129055,0.15947875693902216,0.029963049459844474,-0.22986190269297602,1.237613945245631,0.7989710610932476
ADPT,0.061999504631663926,0.216917530679962,0.9173233613664182,0.017270903075970567,0.3989450711114111,0.3339918587114388,0.6021685115252148,0.04048748700194795,-0.11293568438340418,1.1172852026229931,0.7989067524115756
SPUS,0.016900616405199465,0.025802936590997083,0.057714218887599644,0.03041261520081573,0.11219858885951406,0.90447776830114,1.2035864536063203,0.007337497189602975,-0.005233028402931383,0.8849881215850738,0.7986495176848875
CBOE,0.026910723999026054,0.05757368303808286,-0.12011715024281311,0.060861966108651355,0.05964690470742484,1.0,0.529056920210528,0.026220784973763893,-0.1669939041666625,1.1289652851839078,0.7984565916398714
BIIB,0.01580851301263997,0.035930935923299545,0.15082505118536615,0.038485180346111036,0.14740704075485156,0.7501897225885565,0.4755600797691057,0.014000784521591987,-0.014408142611260555,1.0971605771898352,0.7983279742765272
ICFI,-0.0035091199115628857,0.07222681015346644,0.15605803263033247,0.01570253843056313,0.12306190881910295,0.89208628355014,0.2478052513481654,0.018063642507719833,-0.08770574775730233,0.9525695453920658,0.7981993569131833
CLMT,-0.036649115757027784,0.3747705134706991,0.5146025086155317,0.09285252971376212,0.557880298788747,0.5562219044895624,-0.04358162117407187,0.019427341214459163,-0.05012699615099947,1.137550038273229,0.7979421221864952
IEX,0.034344493972968904,0.022336961072030315,0.02842054033726593,0.022436544654280466,0.11501296890411372,0.9212062381433394,1.2133574490742656,0.009540904428147845,-0.019587075565895673,0.9952977414339407,0.7978135048231512
CPHI,0.1140257942271492,0.33827559758191383,0.1858916466338596,-0.020491112724163818,-0.004861316878056354,0.7181249719439068,0.031215328435885058,0.09102765897875614,-0.8926172925163884,0.8734301197375893,0.7976205787781351
EBAY,0.045768499571865684,-0.05722868101918366,0.03948827640110775,0.05887529802398905,0.11667376568407084,1.0,0.8286993722153814,0.016214326073769107,-0.0442753990834136,1.01110840755675,0.7967202572347267
IUSG,0.020444589363615817,0.021280140630353994,0.04765707205658187,0.03014442800580941,0.1094013203434796,0.9000841105918621,1.1019109793273363,0.008421358295540887,-0.005926709685567744,0.9074203342808923,0.7963987138263666
DOCN,-0.006792843886557209,0.0454609697039956,0.6224434492486444,0.06346541688401763,0.24763418505042623,0.5757680125498262,0.09619242707120282,0.04543654261705814,-0.26002537997365716,0.8770140454760107,0.7963344051446946
BZH,-0.025034323937751513,0.019247588335288723,0.38900102619576615,0.005280517285725539,0.2560727849548212,1.0,0.13174251514344065,0.0009891306958333696,-0.018784836964517604,1.074806012822166,0.7958842443729903
MLAB,0.033318498292671084,0.3139294102502206,0.19351996422862494,0.051255241840412635,0.2786550086381918,0.34409611496380355,0.4532864296116237,0.03084903246058747,-0.09569008661452383,0.8357365737706964,0.7956270096463023
TCAF,0.005300378243332071,0.005837854435815304,0.016772659305158255,0.02310784391747145,0.09522779210209076,1.0,1.1483813679051011,0.007142603158167581,0.0,0.9828488470306348,0.7954340836012863
SSNC,-0.0046622142728540705,0.15142234305170033,0.06056829805886266,0.00742006376834925,0.09248233084806756,0.9206163536566846,0.28653028403076203,0.010678942389002822,-0.0864921908414138,0.8543424189160798,0.7952411575562702
XNCR,-0.010250020021651762,0.6120524720947382,0.8404914060663817,0.004276799347298521,0.537021250827596,0.5416671219799073,0.10252347203914075,0.02730066293406655,-0.15529008039377046,1.1256171379706135,0.795176848874598
SNX,0.039854285623126096,0.04810673305443913,0.22331539319673577,0.046550574241222886,0.2537397587761532,0.5380538536019349,0.6309694686821692,0.032528390054849754,-0.055473246032544,1.4888247547773792,0.7951125401929261
ADI,0.08700539997202084,0.006602933527493748,0.007328271069985348,0.06352048312564706,0.1173428691119387,0.7166135484105791,1.3066867550027257,0.01959851962968076,-0.09107053050855174,0.8737364311059238,0.7949839228295821
QYLD,0.004094586330325667,0.018404916609946476,-0.02487032307006376,0.029784353179511003,0.09058165974169796,1.0,1.2523063505542689,0.00359606690509337,0.0,0.9152034518303459,0.7942765273311897
HAS,0.013584890703123298,0.15010018663296232,-0.10993140591481065,0.02627829423770467,0.05090648185770008,1.0,0.49468614872342775,0.014145695714631644,-0.09125716498735414,0.9487888644734039,0.7940836012861736
FTXL,0.052936435569860496,-0.014980432068459226,0.27213346773446134,0.051164383996700646,0.20702441026816754,0.6450509509436982,0.6170456970487973,0.02362195158595327,-0.1642554532037379,0.6425209420448178,0.7940836012861736
BITO,0.03422508640365085,0.26928594888979873,-0.0472252582992958,0.07958784475783909,0.09956529074845566,0.5861842652843746,0.5992010990800584,0.024813237021262955,-0.34351097739844816,0.6061829021700395,0.7939549839228296
CTAS,-0.009106400722738162,0.06349916398617506,0.012512250828038862,0.011739787122750034,0.08025928733048393,1.0,0.2824120126488658,0.013948746433307964,-0.06155502470265284,0.941855381794267,0.7937620578778135
SONY,0.0020776166701679255,0.131963704307549,0.0014195398982872476,0.023513188661690387,0.08866560887689778,0.8750003221873687,0.40747705366058207,0.013758298797669545,-0.19745539776192245,0.8000202157963434,0.7936334405144695
EXPO,0.009207533262336254,0.06333584826328353,-0.07103958370463315,0.030206379451590326,0.06268003178092063,1.0,0.46157848512392585,0.022235323923284166,-0.11047028624989874,1.2325669030345472,0.7936334405144694
RELY,0.05505144786511473,-0.03708057224432082,0.2596594702915527,-0.0022549176555139994,0.20628913499570656,1.0,0.5698050883802634,0.024444525856072215,-0.11571321553825953,1.0906380626988192,0.792475884244373
MET,-0.014948796699267852,0.020619125937458627,0.19650133706314366,0.018347421790910978,0.17828184469846398,0.9559158818947816,0.2635572207013156,0.011813552031538513,-0.01670833636753488,0.9572382725596515,0.7918327974276528
BTCI,0.03569630808214552,0.21769414128698283,-0.06924753317120658,0.07182687365627283,0.08411317424857145,0.6675746061740926,0.7658645306951799,0.02142062034441248,-0.2996925814414497,1.237459603744273,0.7917684887459807
XLE,-0.02093889099875823,0.11286476501634857,0.007206180887389335,0.04402977542043551,0.15523073853229397,0.9058700459036948,0.15992998266377703,0.014111080239763495,-0.005802911699706037,1.1692695272020366,0.7914469453376205
BZ,-0.036888312485452324,0.09939925861500298,0.0971103555502224,0.021546975779629607,0.04599618356487256,1.0,-0.04384478950268086,0.02554326123670579,-0.30353215932531974,1.2613069690720122,0.7913183279742764
NVDA,0.021438933742726984,0.0874349651718167,0.06819587703084085,0.03487966546119292,0.13803164257109612,0.6623053937771332,0.48486816401966426,0.015828576306621885,-0.039918085740182296,0.897023332706522,0.7911254019292604
AAPL,0.004306959820582934,0.023511131394309714,0.1473497527670844,0.048196586950602915,0.16360102919447206,0.7300674942403694,0.45013707480223075,0.010113331582641846,-0.009235980588004011,0.8247724012262704,0.7909967845659164
EXPD,-0.014390434199000657,0.053709091153655075,0.19927773417253736,0.028492602401929634,0.17772214884408433,0.8317403494644832,0.22601029823408905,0.01482390525883182,-0.009066528699289589,1.0572495218813174,0.7908681672025724
GGB,-0.02946745233596526,0.1065520052663611,0.07666070328521024,0.055356819293663095,0.18000502841476873,0.877358431152389,0.008838306453024568,0.026772501623056878,-0.012572544731382918,1.031109469096603,0.7908038585209003
SMH,0.04622800706089536,-0.012271526253065046,0.22852882124124108,0.04324147768392628,0.19161776463733715,0.6681815359453379,0.7107076756395873,0.019814581379607475,-0.09817462072129546,0.7624883716605134,0.78983922829582
ZIM,-0.012463452325703672,0.2181449536952409,-0.015467938346427124,0.05783539114881053,0.16899267878483148,0.7594339495326548,0.1620634378086459,0.01687605914237183,-0.016715838251585846,0.9816298795029048,0.7893890675241158
FCX,0.0058532019682364655,0.19115932965764948,-0.058796202748991444,0.031133080587561368,0.15226359881940632,0.8913893857367665,0.28276619055097457,0.01852690093311454,-0.07652365427263264,0.8145980758824023,0.7890032154340836
ONEQ,0.01928558162123628,0.01736678167603367,0.047526175632648604,0.03130533458314777,0.10535178899357,0.8595985912726987,1.0466562651750826,0.009104316347502363,-0.008274284492604589,0.9017092441009342,0.7885530546623795
TER,0.06027579180193454,0.14180451427816854,-0.05418173159138506,0.0546955143665413,0.18576947831350266,0.6222879169587745,0.4219315068635351,0.044818294969426034,-0.1651576902397791,0.8680665420891097,0.7884244372990354
OGN,-0.017608528046263672,-0.01827378234163013,0.41578954098532184,0.00799286221780049,0.25066528027947044,1.0,1.503798506943515,0.0018264579181376877,0.0,0.8181312203804167,0.7883601286173633
QUAL,0.012723758053696077,-0.0002849931736343958,-0.00795117653756594,0.0203739468962576,0.08218463145158128,1.0,1.5769988856365038,0.0053949744828993675,0.0,1.1120875884599124,0.7881028938906752
PLSE,-0.06443644794906156,0.9885407915850017,1.6640206883269073,0.08244539640885828,0.8371848861152962,0.6410959992182482,-0.18038973157334737,0.03641211030018674,-0.047463748110014525,1.0196761186543164,0.7879742765273312
GLBE,0.07105903253039325,-0.0029331892754700384,0.1777081040793198,0.015418847369245148,0.1306664762651284,0.734714499612511,0.9099047046311001,0.023115999289988903,-0.050873435983149085,1.0604473113767316,0.7878456591639871
FELG,0.023433189441410596,0.018076693657680387,0.016457268725329266,0.03363457848378815,0.08940351186457107,0.8688858951591216,1.1070346884579505,0.008698763296191568,-0.008301037674946166,1.053432428383589,0.7877813504823151
IWY,0.027914735604437135,0.015408527098619063,0.0042645132002294694,0.03688321075027656,0.08047210147327566,0.861071921073918,1.1146236242945946,0.009556202441920406,-0.009644479241315729,0.9843588941688675,0.787524115755627
SBET,0.0027668095423110106,0.5646517661354922,0.1836273754300184,0.06500049231699045,0.18050473619095841,0.3244445216803067,0.15036438283613254,0.048184222568248294,-0.4861357140944168,0.965791889138527,0.7873954983922828
QQQI,0.02290223825671589,0.0101258385309968,0.010620905059650187,0.03548238594404096,0.09413812172841585,0.892772693755057,1.1881190196131517,0.0073993529565380715,-0.006441963986053012,0.9211890687923825,0.7873311897106109
MEDP,0.026346250748833233,0.12001651360119925,0.09645627387662326,0.022744101232114122,0.17394112625721903,0.6000586133554215,0.5037529563614817,0.019558059854689103,-0.02207266553046372,0.9553398601203779,0.7872668810289389
DLO,-0.008329909710705241,-0.020241331152655917,0.02963244121409403,0.043398537407322246,0.1363926028112863,1.0,0.22414670581255025,0.017695679881212505,-0.03358680240429879,0.8100339959272063,0.7872668810289388
WEAV,-0.0195026908114877,-0.02863679306967093,0.44166863663678657,0.05705025451169998,0.20195778205662762,0.8990010252008679,0.04460994788424946,0.0024331461793764947,-0.02768118178213208,0.5604061401077034,0.7867524115755626
META,0.08684741154315212,0.0539250115098584,-0.008150707434765758,0.12508429564195955,0.14337687962668078,0.4827795148645687,0.8938212364144578,0.03393769961775106,-0.07484021825685727,1.1600467283616256,0.7867524115755626
WCC,0.036160589767965545,0.06667621466664841,0.058396558487576966,0.03148748297396198,0.1423068645567187,0.6431595866876225,0.4998960991370964,0.024892915410944367,-0.04610896306577672,0.880960943918556,0.7865594855305467
QDTE,0.025388340193879255,0.01248793151155958,0.04599432485800836,0.03510669036830616,0.10745719941393461,0.814646947448766,1.182152892640583,0.008663482594318822,-0.012778749440168546,0.9036870668655179,0.7864308681672025
HIMS,0.09327656760990455,-0.1454716174648384,0.4347166216844929,0.047018166105392334,0.12563915156428385,1.0,0.5064731171090933,0.03767843526747156,-0.5086838765275581,0.8299586058323943,0.7860450160771704
SOXQ,0.050464850811348105,-0.024063796858065256,0.26142634637762985,0.04078318206190401,0.19896186600258559,0.6811139030419257,0.6505124872672426,0.02313936790720019,-0.14102603820635196,0.7225934326174364,0.7860450160771704
SOXX,0.05179684547623453,-0.030842390455298352,0.2969146960446367,0.04181658447071945,0.21194491803750726,0.6766374702450717,0.6466311307293273,0.023735636488485506,-0.1450727817130445,0.8119489639022281,0.7854019292604502
DBMF,0.007302757135467797,0.02653391085403123,-0.054559007795286885,0.04271922005862705,0.08366771090116054,0.9959340957549913,1.2989237146793986,0.006781088746277186,-0.00015095285101118794,1.0756657202639337,0.7850803858520902
MO,0.026950898957440073,-0.03027556459394254,-0.05659209894738071,0.06102419110168089,0.08828134413383992,1.0,0.670288877594678,0.011283943923998598,-0.02911827828831981,0.9291219570765995,0.7845016077170417
EHC,-0.003598607861451386,0.08713758316783382,0.008799836792467097,0.023889765603043234,0.14686976602528734,0.8907628845861971,0.3040660807571297,0.012388815019170604,-0.017198229347152538,1.0453298171515308,0.7844372990353697
CGGR,0.013986937438418279,0.0034290262256020387,0.002359853919374988,0.027938136812357905,0.07361743922127006,0.9794226150295914,0.9633176153709633,0.009803928705558714,-0.001031628852867783,1.0199360907762547,0.7842443729903537
GILD,0.01740690139180523,0.1124341299557734,-0.053355052596968155,0.046303935909622895,0.11033882007968998,0.7890997317057297,0.6763888093945584,0.01270199651602858,-0.014091827284538172,0.9539851353692836,0.7837942122186495
OEF,0.003182413499858372,0.01309655325669512,0.020143581953798284,0.021746316718286085,0.09229860964958791,0.9767285442441738,0.9634491483266385,0.006998006128780737,-0.0008730390708688862,0.9794315482188639,0.7837942122186495
CDNS,0.20101373595102778,-0.11384270733984347,0.16861784458870588,0.09497090602779212,0.07429431791006058,0.8989953337590605,1.9012332868433903,0.023154092792502856,-0.1572684588136205,1.0011399179050886,0.7834083601286174
TLN,0.1723991994721441,-0.09689447299979104,0.013937655110359826,0.16468799814052315,0.06555391233448438,0.9627220393875668,1.2433496228146024,0.040766403665077985,-0.15695166400098426,1.242010388539399,0.7832797427652733
TECK,-0.0003687251648372136,0.11861590834602653,0.05063157814401431,0.018442005364632807,0.14315348174260922,0.7645794849908464,0.24052904836792885,0.02211740749554277,-0.05679842665472945,0.8807339227481252,0.7832797427652733
BDX,0.009116784449420878,0.15689669069971446,0.05239413241041224,0.011296441805979773,0.1358554421203524,0.7236835941159936,0.5277529496610388,0.01417935398580046,-0.03915863780596318,1.0275872284434304,0.7826366559485531
SXC,-0.04821689983725763,0.15469785495963007,0.4826394643802163,0.03050403173071836,0.25522833749299445,0.8732392285178155,-0.14668689311751654,0.021336509778557063,-0.0586565660794367,0.7950242697957268,0.7818006430868166
ILF,0.018834291725677854,0.07183011026090758,-0.13455059302163885,0.07997900101325328,0.09812526645176911,0.9883725629548437,0.6756558873177405,0.022109313098736566,-0.0011826063034841017,0.9698081378611908,0.7814790996784566
HZO,-0.027574347621259765,0.48655414349682236,0.7773360293065299,0.04194030918527303,0.4805868768087247,0.3999956403744918,0.010464710751555103,0.002115941179147183,-0.003995488844805051,0.9948425903092306,0.7814790996784565
DSI,0.008450269011365918,0.01651627759187302,0.03835798816500158,0.02059487447639685,0.09672143435170288,0.9034183790303748,0.9817702258285037,0.00677115739516092,-0.004330694332359553,0.9036236878562517,0.7810289389067524
XLG,0.010608142407194876,0.01755396940950882,-0.010399420943191906,0.029185604683941824,0.07707322965152885,0.9330648632480503,1.0256801806549718,0.007905633156037168,-0.0032272796289771755,0.99990967233337,0.7809646302250803
VONG,0.02631756614372671,0.011872741039375079,-0.002217375410638045,0.033811041194346414,0.07625099541263936,0.8645740783873631,1.1269403065373105,0.009233705302853387,-0.009172138414884845,0.81869300530652,0.7808360128617362
IWF,0.025727416030675743,0.011470717263561747,-0.002725805466420983,0.03386059594983948,0.07569339290985577,0.8661330167514861,1.1109506785052752,0.009189713767147502,-0.009056414171645821,1.0342849082280288,0.7805144694533762
LYFT,0.04378646974294376,-0.012684741466923555,0.06731457419393538,-0.008102371740693948,0.05348898474974528,1.0,0.6145892844405881,0.016729896815290517,-0.34330482583275135,0.8438904869191401,0.7803858520900322
GPIQ,0.019737514241282783,0.0030457984295564344,0.03832005511322767,0.03149116044415812,0.10291066304251029,0.8637275613020251,1.1197556519048262,0.00741447246762425,-0.008012294952705501,1.1346170806884321,0.7803215434083601
NVDY,0.01748430535327672,0.07759771026885631,0.019003951439137357,0.03240631519058712,0.12030005301974778,0.6975281435775065,0.5589990544712148,0.012461700263387493,-0.0299655688996896,0.8711853645590045,0.7798713826366559
VAC,0.0125226398598004,0.03735269980842415,0.4148651272846462,-0.016994846648667683,0.28399360669635354,0.9332192407179997,0.23664363913481667,0.018577400135231053,-0.15483861979499458,0.807521536778297,0.7797427652733118
GNRC,0.2000800424726923,-0.05734053510853987,-0.07246698501000304,0.09950050632457108,0.04196891695860905,0.9827832503789199,1.4076713250802837,0.04826213571402366,-0.24358801993545187,1.2788270476940784,0.7794855305466237
OLLI,0.15739977598867783,0.265309438237874,-0.2020898455711162,0.08775924776012967,-0.038258029314923836,0.8229341962656358,1.639410915323774,0.024496554005836432,-0.35694394896294224,1.066139633794691,0.7794212218649518
WLY,0.031991704829809064,-0.03453499966798135,0.16200461917561326,-0.0021453592001082766,0.2091464297659711,1.0,0.62809189456121,0.016585574949785714,-0.09925253903953246,0.9859938780048475,0.7789067524115756
KDP,-0.012471227287668363,-0.017541901805371962,0.0616505028593104,0.022312035608351044,0.09303205600372322,1.0,0.2215086381735692,0.017803846068658504,-0.044013630160601336,0.9830843281578158,0.7787138263665595
ACLS,0.16138796733819016,-0.053526496387147904,0.07121337998578259,0.07687795991631496,0.1134168740763204,0.7106996961761173,1.0307716626505152,0.036473260147586284,-0.2952244292249443,0.9629521691288917,0.7785852090032155
ZM,-0.009077649738191917,0.018807482554179078,0.07817700042580711,-0.0010972553701990018,0.0683151965548272,1.0,0.18252231916215514,0.01910975060777522,-0.12853054707219935,0.9408180976060091,0.7782636655948553
PWB,0.033208467771479455,-0.007229585800569316,0.05201524065497898,0.03479612403756627,0.11489023389973374,0.7938927963378909,0.9200310357795095,0.012738164232015568,-0.024271535643096254,1.0206383579849798,0.7779421221864952
VEEA,2.6316003971574853,0.477390710653818,-0.6326895471641324,0.9842798387855893,-0.2507636874432061,0.9946565116120774,2.2921776279211095,0.4299011041308661,-0.6706933749905459,3.1174550391557485,0.7776848874598071
JEPQ,0.009531916520391759,0.01725631924389681,-0.023377403230057325,0.030016558915337166,0.08808309049972363,0.9378834804764705,1.0234405124883557,0.005159042855502185,-0.0027746365655696437,0.9450830073346128,0.7776205787781352
WST,0.039980586548898245,-0.01723923530800686,0.2861070742515388,0.03709820436996414,0.20996464815145144,0.6166504831006768,0.9589774137442859,0.01611039687571419,-0.02193708046026166,0.9952634685387243,0.777620578778135
ADSK,0.0763759866590974,0.06128313452084111,-0.08009466260627818,0.0032343757886832414,-0.013046498118305494,0.9737996096011123,0.7906293251395521,0.026368060503112713,-0.2529742058183033,1.018102089034792,0.777556270096463
USOI,-0.02155679209552397,0.10210596862962995,-0.014513849915911647,0.04860346869484933,0.14892489287839594,0.8708977914518062,0.1912674398466811,0.0139192315458928,-0.04945035930839492,0.4938759954560704,0.777556270096463
RNW,-0.025338330492666428,0.07715292658583883,0.25283985529888975,0.020377944457417474,0.17353790958320592,0.7857167185509636,0.06493705597380961,0.0019452498914199218,-0.15000001177375644,0.5668351255220461,0.7773633440514469
AIS,0.026040754234143648,-0.01935402396198671,0.34937019138811287,0.03631139405805217,0.22426785244301883,0.644551920455833,0.3759376528130537,0.026971190806417418,-0.1675715623542683,1.2646100592525573,0.7765273311897106
CRDO,0.313697844540584,-0.1327004261591178,0.6495607094598834,0.026901578019455252,0.20241591094031097,0.9243708554131704,1.2591470886229112,0.046732360912515536,-0.287716502866193,1.2373415006520665,0.7762700964630225
RMD,0.01862305848269208,0.12144952236132656,-0.13988388573302624,0.0237290220161388,0.02730941456221969,1.0,0.5645188723622733,0.01244284023594456,-0.16225668669386906,0.8826736985237456,0.7762057877813504
GPIX,-0.0006636364946379647,-0.0004987286384923184,-0.012595568840359839,0.017231223841872145,0.07996312578208564,1.0,1.1456522030611411,0.005188123384745207,0.0,1.070485691678488,0.7760771704180064
STNG,-0.011988542383519096,0.07773024039685805,0.0165182510851114,0.06142858404696572,0.1637742519238048,0.7107091620614426,0.21642077222208292,0.019382051310432476,-0.023596163301756068,1.3730940904504079,0.7759485530546624
GSLC,-0.0008428298408913459,-0.0001374174871731082,-0.007589792900215997,0.015570372343941763,0.07782649572446787,1.0,1.0069681140346525,0.005929101946531023,0.0,0.7832419363660164,0.7759485530546624
MGC,0.0014495451486742361,0.0071835153860331236,0.014197449178053212,0.01938685795529449,0.08934515491823758,0.9690182958887854,0.9300106026553837,0.006830137668388257,-0.0011170081971119128,1.1991869772154309,0.7754340836012862
BHE,0.0803556984622602,-0.03737880233162327,0.15447301184057327,0.049447289945180994,0.16511978277338168,0.6480681019093149,0.8457118805197475,0.027269152630422802,-0.16715059396571652,1.0711091321638566,0.77491961414791
SKWD,0.021061929944252267,-0.05173006440191674,0.14683810583655466,0.026121036633303785,0.16623993531537185,0.9831028303755278,0.5623008791381906,0.01687997839370811,-0.0979734383600579,0.8444747727431136,0.7745337620578777
CHAT,0.01809136896867014,0.010248274711937677,0.17684436335707376,0.02701134900589386,0.16933640923264504,0.6562496493845998,0.39567842612865384,0.02060977609849967,-0.11367350692557976,0.6597126840575558,0.7735691318327975
IYE,-0.02434231718488511,0.10296844248701142,-0.004340048941999797,0.0401209757269716,0.1467827875808525,0.8606734445454078,0.10448928294438481,0.013972781137184977,-0.008953108253892172,1.3017193961971432,0.7727974276527332
JWEL,0.1350109244456401,0.2820256984533529,-0.13308530624733028,0.02450943732518085,0.06714440547127642,0.7161701639813283,0.17497767133277234,0.0321733192576114,-0.38085001707077026,0.016406420393636757,0.772668810289389
TDC,0.08888690340076888,-0.14056303322115526,0.09468407630565134,0.06718100327421972,0.02882127103253529,1.0,0.6607718096666988,0.019428150194198263,-0.1915258939689416,0.6996032438897102,0.772668810289389
VV,0.0007336813339076098,0.0022728428541256562,0.005714761786142608,0.017789731106373052,0.08534319008826396,0.9911970049580087,0.9761115228471811,0.006346174838191845,-0.0003101065980822826,0.9893652491931664,0.772347266881029
PNRG,-0.010914966159434547,0.15639095290110028,-0.1601104822706233,0.0628629583451128,0.09201784537016078,1.0,0.19630927545172278,0.025821733252996623,-0.19769617415764862,0.929645300276175,0.772347266881029
MTUM,0.027395615639880022,-0.023113785429309752,0.06638160608430876,0.03392933209577609,0.11876926531641718,0.8260559218168271,0.7621225092975192,0.010761159788544384,-0.07106997363635248,1.1151804207635676,0.7720900321543409
ALAB,0.16381985221307271,-0.10380106678557277,1.1275431337193735,0.07055710109066848,0.3793678483240921,0.6357642640390926,0.7199181588106242,0.05808555031672568,-0.29649910892991416,1.0524712933419313,0.7720257234726688
SPYI,-0.0026700126881566977,0.00249970227817653,-0.0278924423269602,0.01777345896447624,0.07396468061859496,1.0,1.1044160692167346,0.004893175123372709,0.0,1.0426228245457436,0.7719614147909967
BBUS,0.0013129028629703665,0.0024655269942790436,0.004624785390511921,0.017811552097206418,0.08432915129701657,0.9860575505900014,0.9909745452151533,0.006623627679490265,-0.0004971404671040291,1.28171107697362,0.7717041800643087
ISRG,0.15170828135610503,0.004309998864019615,-0.20663174077692392,0.10353642362521231,-0.039023391470434876,1.0,1.3447847033185643,0.016589715250717195,-0.28123469230805664,0.729256293694698,0.7716398713826367
HCA,0.04386855484442065,0.11573255427291462,-0.2371316997083609,0.07481780554099382,0.018007313479432296,1.0,0.7439710295795778,0.01468651729101953,-0.16699844561982558,0.9355445168881388,0.7714469453376205
XLV,0.004525451408930348,0.01986534672232998,0.0167679424610796,0.013855879730059195,0.09549067901258268,0.90945053360687,0.713245839248847,0.007860367470681888,-0.024056911440276774,0.9551086956950668,0.7711254019292605
IOSP,-0.0010108470765912703,0.12574995360113883,0.12910574589968182,0.01956560756712622,0.1623784219344131,0.5797100167293788,0.47724859998194624,0.014071438467743173,-0.029376028059354686,1.2973729277570005,0.7708681672025722
PG,0.028060949037008065,-0.014761168426620452,-0.09403133921867024,0.037134293545639574,0.03384964770524146,1.0,1.212194199142602,0.010529271434860306,-0.08126315754370161,0.9381975417573821,0.7706752411575563
IVV,8.476186011363573e-05,0.0004288505016973865,0.0004865274676455478,0.016755222315744334,0.08287315082091884,0.9992583234480928,0.9690897845106364,0.006309640617818948,-2.5504762253936164e-05,1.2135960446072385,0.7706752411575563
UI,0.19410690125308872,0.1755531420921943,-0.4400066454214995,0.13334158477533475,-0.0006386125025099609,1.0,1.9629173363659855,0.023859073576538766,-0.39203778814578794,0.8511466671461861,0.7706752411575563
TSM,0.027659628380673373,0.031936883620558465,0.07267676532635403,0.04625707397471501,0.15798706192534628,0.5337425872097874,0.5990582854418853,0.018948200030036246,-0.07021405147934878,0.8816646305825565,0.7704823151125402
ESGV,0.001437112777963545,0.0025293196480267177,0.024906101457111918,0.016854392871181068,0.089822516258105,0.9421822139852323,0.897049038617731,0.007088424891499562,-0.002166254225264841,1.1938092121021897,0.770225080385852
CRAI,0.0430868725573923,-0.0006958560940000247,-0.04920945472009963,0.03375843406679646,0.05213353221366002,0.8894791334755434,0.7435682830653875,0.021832293101418106,-0.2060413929008984,0.964427271438223,0.770096463022508
GTE,-0.0672326696958917,0.5452155341765954,0.2561042289503692,0.07907077045701794,0.3699027698148192,0.7189779116479842,-0.13544496192382446,0.025647064612872337,-0.03678480274533469,0.5552549583470298,0.7695176848874599
ACA,-0.018261951133270005,-0.02751876042407564,0.1661525616445254,0.009643218828385924,0.1482190702595083,1.0,1.5941271869796745,0.0017365853719387766,0.0,1.029562348049612,0.7695176848874598
TT,0.06447517439405659,-0.03648617577349045,-0.1133884751637313,0.058962388566334845,0.07474914132660015,1.0,1.338021625818693,0.01571356462318267,-0.04119788313212891,1.089646335608733,0.7693890675241157
CAIE,0.0033741116755376943,-0.006904353851675316,-0.02936299910277529,0.016399469361789265,0.06653390833188522,1.0,1.0987112704938957,0.006536953730957169,0.0,1.125484211453787,0.7693247588424438
NULV,-0.012257477384750137,0.005255101657317907,-0.0008019711280038422,0.012123736885701009,0.08842639807570052,1.0,0.6463108802749175,0.0060847021694669275,-0.003229364116910882,1.254727652240986,0.7691961414790998
ESGU,0.0006778961837643482,-0.0030862673833838006,0.009617871388649224,0.016502067727127923,0.08512918741574516,0.9918453707045689,0.9646348994628641,0.006516235066449498,-0.000292925840941316,0.974280008102681,0.7690032154340836
SPY,0.0,0.0,0.0,0.016545029329547933,0.08241413355707228,0.995538245875089,0.966023178540715,0.006290432837100109,-0.00015409791963105768,1.0241027050645561,0.7688102893890674
SPYM,5.641946554324484e-05,0.00018191824774849152,0.0006267194828204481,0.016630900820091554,0.08273961981526678,0.9890270735673969,0.9749117458613171,0.006370573088820846,-0.00038163608420749284,1.0991502778066824,0.7682315112540193
DIS,-0.009421610283218085,0.08310944253400598,-0.05442125392810193,0.027576055443040204,0.047007678009654,0.9249313248884489,0.27791341904215,0.015335463445476427,-0.06046867783099541,0.9525710238610016,0.7681672025723472
VOO,-6.535156140108356e-05,0.0002201900090819109,0.00032561526701213594,0.016535281259726364,0.0825837759440502,0.9909031919014476,0.9671576471471311,0.00632016408290529,-0.00031420918354951866,1.2227333646987557,0.7679099678456592
AMZN,0.0073265560622823855,0.014633964447437364,-0.05567275348035694,0.008993141327293452,0.07953276105368912,1.0,0.3128136097104186,0.015638600553299763,-0.07962464301513084,0.9321729701036732,0.7673954983922829
VLTO,0.014188900441220342,0.008348929001370742,-0.05991348753187209,0.00987789049958221,0.052465341804391,1.0,0.6681460790203855,0.010562304490620747,-0.06513840488063227,1.0972842441765214,0.7670739549839227
FBCG,0.01497532851533867,0.0070075982589927754,0.03057935880224516,0.025057756613208637,0.09829951893386091,0.8006727666534058,0.8731182835188226,0.010028449286133818,-0.013264898617530996,1.1979224610703403,0.7670096463022509
FELC,-0.005743564299104165,0.004879297044805275,0.01656933732410737,0.014006197631462047,0.09197700588494628,0.9846759532591731,0.8005558003088252,0.006127919362859077,-0.0004522943738478613,1.0943951958112292,0.7668810289389068
PBUS,-0.00011463139335976535,0.00031657156187270274,0.002914969065264339,0.01670052203840733,0.08324616265981466,0.9763168867268937,0.9404226076490384,0.006479257407356316,-0.0008311269935707966,2.224824681894413,0.7668167202572348
THRO,0.00013131970422741723,0.0040934732565818255,0.019825946835709596,0.018358178366725486,0.0920999831716447,0.9176839196494199,0.8582663380909182,0.006277070880549963,-0.0030053055885147506,1.6875161895920943,0.7667524115755627
MRK,-0.012345845358210816,0.1454948062522654,0.06985129992323658,0.02452627130027496,0.19518377867035208,0.6090586395936362,0.17985108551465853,0.014863445411532925,-0.058296232490331557,0.9861648013131948,0.7652733118971062
CGAU,-0.027129333573349124,0.3898021981835571,0.01926830192043072,0.030612142813933207,0.2308107065928302,0.6573275082459954,0.02362726538892175,0.023100137968623636,-0.06494848506966822,0.8056523988470127,0.7650160771704181
RECS,-0.008626456450311792,-0.0036540128682718276,-0.013835069523480792,0.013713505169300255,0.07501603182771244,1.0,0.7699698797315467,0.005317453646504907,0.0,1.1693827899237865,0.764951768488746
ADP,-0.00836831973614327,0.0459996837675245,0.3060011870831363,0.0026450603906036374,0.15403619209293362,0.7290234059205674,0.2862920210211939,0.014258257301234957,-0.04955994188611168,0.9638809458847137,0.7647588424437299
TSPA,0.0015626309687968298,0.00033992068071442283,-0.00398236166707,0.018041125092409294,0.08182903699101685,0.9570436516075047,0.9765096594413125,0.006705165134837793,-0.001617057973593572,1.0360812561849244,0.7646302250803858
LGND,0.02249941893157348,-0.05750883587381328,0.3340007521893691,0.0426926682013522,0.24660263963089357,0.7548841861651009,0.6253545547386142,0.02064402669959367,-0.055934359534754674,1.0313031095441139,0.7644372990353697
NEU,-0.0002204975054791447,0.1557292068792393,0.29588218460880067,0.0008647817581690642,0.21240552118920353,0.5458877634299848,0.36089415450875045,0.009973229206514075,-0.05685656440326459,0.9813839773494801,0.7643729903536978
AUPH,0.01579663358695771,0.0091066392588941,-0.08278255402733348,0.047623163382497946,0.08331147902796632,0.9173231628057861,0.47430697327837495,0.018786736951755482,-0.09479061318182713,0.8507964268481404,0.7643086816720258
VONE,-0.0008656311112993365,-0.0016324217072276603,-0.0026475537203358712,0.015364658750385729,0.0804418149618169,0.993195036685033,0.9318894532599465,0.0064452175219509925,-0.0002272954434198171,1.3913884917614847,0.7641157556270096
BKLC,-0.0015461005267451977,-0.0013511470164231376,0.0015932967467195969,0.015290472643799458,0.0822353298935905,0.9878045943858801,0.9014364103250727,0.006442777071224307,-0.00040113232087524153,1.8633764716097285,0.7639871382636656
MANH,-0.024692366749644368,0.26014845039968937,0.5535617662758696,0.0022289932396653,0.27342077977519463,0.5626405828787939,0.035034954024089154,0.01679952013804335,-0.07847693059385241,0.7531714880644398,0.7639871382636656
IWB,-0.000829471264325754,-0.0019176527307369629,-0.0032462070284928757,0.015334327920102808,0.08002224530990687,0.9929869540652981,0.9229603946718421,0.006445082127875346,-0.00023494362320919393,1.0199404649741277,0.7637942122186495
LXP,-0.02748830913932765,0.07342637180622225,0.09034596006101303,0.003167376748461015,0.15094706603392294,0.9500076295109483,0.0879911035688615,0.0005397275972438138,-0.0024530093562700195,1.0251855247095916,0.7636655948553054
MAR,0.07705205468510434,-0.03597782960409068,-0.11892003115725802,0.04208935261819824,0.04252769819202662,1.0,1.4751260519058316,0.011060911342738993,-0.09279669514907685,0.9261524280441702,0.7635369774919614
AEMD,2.87660342391798,0.7770436858473249,-0.5905110918946469,0.6025556074314489,-0.27104857332577603,0.8671003432673595,1.3323871469126736,0.8391478537180972,-0.8352702759407662,1.8847726180530886,0.7634726688102894
M,0.09891122740243685,-0.026035232254069784,0.08466311195001963,0.0029982377828889906,0.08013861959841728,0.8067482652500029,1.2202243521111558,0.014207755050368623,-0.11667824609082511,1.1175112156152798,0.7626366559485531
SEZL,0.05519606269071908,-0.2401683262423029,1.0008421874165583,0.04569097191184479,0.23393226885253027,1.0,0.32155260777069344,0.03325676461133586,-0.31821214742021264,0.8451605203816723,0.7618006430868167
CLS,0.09240738925230829,0.015566998012997546,-0.11279566441596423,0.09206868264385815,0.09713037125253776,0.6803630644282036,0.5408758698568756,0.033336902257818005,-0.22697927072160706,0.8136618691090752,0.7616077170418006
RLJ,0.006003864741325193,-0.048601033427327245,0.3107027434917151,0.009685024947856613,0.20193907996586646,0.9392720924652718,0.5389220635154455,0.009584427731119331,-0.09144380229593141,1.002912922701527,0.7614790996784567
SCHX,-0.0007239268449823477,-0.0011280711934964494,-0.00023012369536901112,0.015356047554899499,0.0812510789048968,0.9666612767550067,0.9472273838533455,0.0063773523034951225,-0.0011400601479580885,1.297955885517038,0.7611575562700965
XYLD,-0.008315768570843263,0.0028607365905743976,-0.046103735004238366,0.01637357124457961,0.06973489410804845,1.0,1.4661320407577372,0.0032544065226311,0.0,0.917888386224756,0.7609646302250803
DK,-0.04313309803594412,0.23705558059817067,0.6356465502778386,0.046296602334706005,0.499797062671284,0.48019119346873773,-0.07881409562241057,0.031969280092544274,-0.0933169874380223,1.394032725820181,0.7608360128617363
TSLA,0.025718965387600212,-0.06966701590446389,-0.051875336980401476,0.08233324197429948,-0.01697581257177705,1.0,0.40112891570392273,0.019440144958487202,-0.21617537527749764,0.9451599792812881,0.7606430868167203
PLXS,0.041836922581471425,-0.020122444039461396,0.011240767324431467,0.034019301382823164,0.12856810029605414,0.7578647731966662,0.6767294316996244,0.022473062097915514,-0.1284642151221015,0.8621539054992275,0.7605144694533762
SCHK,-0.0013338507036178004,-0.0024184321049087742,-0.0008917806804074058,0.014773644313626155,0.08076364004788994,0.9765465416213154,0.9160172175758734,0.00638623488601363,-0.0008002825460360352,1.1896351296073622,0.7604501607717042
CNK,0.008670196785163453,0.21366499251440318,0.057311263258672085,0.00311151145757127,0.2178469822094795,0.5831462417523259,0.4262709902362285,0.01965306274169214,-0.04833245155319699,0.88241372067141,0.7603858520900322
JGRO,0.023803289585368814,-0.005560409987556358,-0.04256802641624513,0.031039192285788886,0.056962369366585275,0.8862876382189073,1.0280062461623378,0.008278649472439356,-0.011758775567289548,0.9395220128603804,0.7601929260450161
ATEC,0.174868824118952,0.05158321503200569,-0.17473925938852908,0.08497528883722238,-0.05632598297214164,0.786458421291573,1.1275764725208504,0.026214461789801597,-0.5302028399647056,1.0188902654590397,0.759935691318328
GAP,0.0897001469793226,0.1405849284284275,-0.25343227615050434,0.09213142634892857,0.00971062845378623,0.8984241181213412,0.9437623503179572,0.023429635845910696,-0.1827085512943296,0.8933980763891685,0.759871382636656
PSIX,0.21353321502973754,0.5151297873246092,-0.5067186793026546,0.22696379652669263,-0.07676638288802251,0.8780289171283282,0.898340623220803,0.04557292325322286,-0.4925584627383587,0.9381218214629994,0.7590353697749196
FENY,-0.028153263776224513,0.10275667443159064,-0.010404082975916884,0.0383140592390927,0.14519499709063144,0.8236739216462208,0.03836667599405505,0.014182590208682833,-0.011706202624894746,1.1704714670331935,0.7587138263665596
KN,0.02998702146712362,0.0036016486841166095,0.157012510513181,0.026219832927130593,0.169250098879129,0.5404410604580583,0.4843733885605135,0.023371306202917795,-0.1226635535884314,0.830066044853957,0.7586495176848875
DFUS,-0.0016931954679524353,-0.003680181598436638,-0.0009653362805901455,0.014652679477370922,0.0806506620548677,0.9691882530867906,0.8874565298557251,0.006293013191530281,-0.0010594036624328451,1.1794495141337435,0.7582636655948554
VST,0.06781160119682239,-0.02098906262812794,-0.10705291122304805,0.12180812840655997,0.04491639884234222,0.8094162320014675,0.7128969097658012,0.03538126723696672,-0.23086726551606196,1.3115274703729318,0.7581993569131833
ASML,0.025607769614818476,-0.008591455512373614,0.057401743841987374,0.02494783288487601,0.1431326737896097,0.7080708204940722,0.4902705609571934,0.024332856644130794,-0.10310201701330057,0.9667261012083974,0.7581350482315112
TW,0.04728216372188698,0.06697801624543165,-0.24042609143775884,0.060078368604431276,0.021172679840712583,1.0,0.8154011774798773,0.019347093212206113,-0.12512142582568353,0.9449112623019355,0.7580064308681672
NPK,-0.002367859212370149,0.1944293294936712,-0.07213579224568156,0.036719461667034325,0.1374723417116941,0.6936040967964434,0.29382534630393753,0.01541836632717543,-0.02981506990286631,1.1478080370057469,0.7578135048231511
MMSI,-0.020270958878451317,0.14996934834012032,0.12740371572357212,-0.007814826637968064,0.1389157628355353,0.8213045986052121,0.1451114090076247,0.012296043011770145,-0.06256709392531368,0.7097724406799227,0.7571061093247589
SNPE,-0.002384372329634621,0.00484006599063469,0.00037855942172471124,0.011436394487362778,0.08028482362314193,0.943904248338041,0.8211870947860455,0.006192738079977939,-0.0059763781747912414,0.7906782966476767,0.7568488745980707
VDE,-0.028330889359187372,0.10242557026417054,-0.011470347038511797,0.03801154792041839,0.1443382051143871,0.8172338103562363,0.03513988879721227,0.014192106821309284,-0.01224449859793486,1.219878852258355,0.7565273311897107
NHC,-0.01902179294376105,0.052026398809539076,0.18359421568622536,0.01547014025622584,0.2204111717936339,0.672191771775738,0.12409834163122899,0.014643082624227536,-0.03911321495198905,1.0282666783203687,0.7564630225080385
RPG,0.026592241604803446,-0.027212405961370534,0.01400883607016934,0.026831166499472037,0.09543383576003972,0.8393550433971149,0.7839427616392426,0.011828093554308404,-0.0653017300649148,0.4890495765779601,0.7558842443729904
PINS,0.10826349870390484,-0.09612035618364356,0.06141538934858093,0.007239327473718138,0.014229337001989029,1.0,0.9963851567111065,0.02674413073743078,-0.39316120288527057,1.150084950143054,0.7556913183279741
OUST,0.10239347185119496,-0.045357013487289044,0.7766889221003239,0.004778418231147663,0.25028488057681764,0.5874587095180167,0.4855828519992427,0.0469963688629208,-0.3616442809469601,0.9058766826674314,0.7553697749196141
IOO,-0.006389562261120529,0.014463052905586249,-0.0011618254297316444,0.010805925588930565,0.08386494801779976,0.9221975474175256,0.6721426257353407,0.007310032714510998,-0.0023233316003752336,0.47503519124960236,0.755176848874598
ATEN,0.17209418543482524,-0.2433822061266946,0.07513046727206119,0.0979221906112937,0.13567693033750117,1.0,1.460747005706707,0.024299878976788297,-0.2286968000584244,0.9637205216319591,0.754983922829582
IWV,-0.0031002862610327586,-0.005568326170486859,-0.006292342048108468,0.013096892850803288,0.07742844937021398,0.9799780395855027,0.8702365967154571,0.006265801932810455,-0.0018064222977381972,1.063712834620675,0.7548553054662379
EQH,-0.022272955968623442,0.0740839744448869,0.283911891929981,0.02430278213565984,0.17875604201307538,0.5448911984410523,0.09300183898570408,0.015393417539372583,-0.026972499462442623,1.0975695026137544,0.7547266881028939
SPTM,-0.003105397101633489,-0.005188490314572691,-0.006943739190906406,0.013504556718225702,0.07761182339296457,0.9723776631220357,0.8753214430119928,0.0062004394430144345,-0.0012674024826702102,1.044762203525806,0.7545980707395499
CHPY,0.032618517514367174,-0.048344436173128336,0.22932019677111737,0.033551131360874065,0.18010088751322884,0.6752456800787962,0.5234038033991539,0.02098390077046094,-0.13457694973656575,1.069716621850398,0.7545337620578778
VECO,0.16032661389001812,-0.10485923280711273,0.15330723394515577,0.08237211782832543,0.13595437308041225,0.6904184946868375,0.9693908153378716,0.04074064265306124,-0.37048409261151394,0.9756973249819602,0.7543408360128618
PMI,1.0670578745582813,0.2513469880581993,-0.9562876317774189,0.7456782632585011,-0.724757265572902,0.9215327981271787,1.3287026628584224,0.1275816560350367,-0.9859848484848485,0.178711752344791,0.7540836012861736
IXC,-0.024911916388930644,0.09848573601240607,-0.043242078730094446,0.03944837757085673,0.1361781357098948,0.8241750986423253,0.09759555995120837,0.0133986174284754,-0.010564595328513504,0.9865409283865139,0.7538906752411576
PLUS,0.02534120149094443,-0.00667307711038112,-0.0032494529366515756,0.031146152381094083,0.09572760461191998,0.7389462119654605,0.7106933904461719,0.011785122083367825,-0.03954916762625982,1.0188884293904092,0.7538263665594854
DG,0.010474444196107768,-0.005231671273369098,-0.04039849830760711,0.03070987852712026,0.017290895655593275,0.8879914581431795,0.41915639892757217,0.02005263134833346,-0.1725156606028384,0.9804510740968397,0.7536334405144695
INSP,-0.011804346811677746,0.3086920855372455,0.13226202321315972,0.06768628588481551,0.14858813047614383,0.26759146959280644,0.09813582896074968,0.03065473351155296,-0.5180915567577866,1.207462215991569,0.7536334405144693
RS,-0.002823003274462721,0.007015547659649624,0.1072685398058244,0.009516930012142932,0.12601288868694027,0.7917532560796889,0.35814354663462317,0.015321417541032481,-0.057894489545686545,0.8595473337486814,0.7536334405144693
PSI,0.06450135287348346,-0.060456567201420675,0.19641907440509487,0.04109941614843127,0.1692701580561211,0.6290171614220474,0.5716117916771132,0.028233909930672426,-0.207033373704969,0.92854409529979,0.7535691318327975
NTCT,0.05849449291051223,-0.09729667748420645,0.11546169596498612,0.043148548510593576,0.14908028663145845,0.8877284335246989,1.1151489884762054,0.017695635807127835,-0.09076716505294935,1.0612217783995495,0.7533118971061092
ITOT,-0.0033633375963502132,-0.0057669839042202575,-0.0045096497703474014,0.012756297491272939,0.07779298409037816,0.9701611968632559,0.8484478437972872,0.006312758658773392,-0.0028795681526180283,0.9547835772861281,0.7531832797427653
WKC,0.0067102574512571955,-0.02251132277106982,0.4273799045213329,0.012216865408503308,0.23209562989309762,0.6689557047063264,0.544863448849713,0.011377863496077157,-0.08910465798543066,1.0220746006245003,0.7530546623794212
PVH,0.1497252119464052,0.010452517998878585,-0.24946598747973825,0.05700733587322793,0.07333010356088265,1.0,1.6721660322702732,0.0188538242425792,-0.1709368510619882,0.9564151349786792,0.752861736334405
PCOR,0.008172699494358726,0.21280766418152508,0.018854578292095026,-0.016908160833882135,0.016580465046568627,0.8079424179417921,0.25988163287834987,0.030379471418922027,-0.30571607476078344,0.8748477016534192,0.752668810289389
SCHB,-0.0035191803594414317,-0.005856319502862695,-0.004859083579159096,0.013001518149967195,0.07798410836641878,0.9649592851171953,0.847291808395492,0.006380856749940274,-0.002421847385923326,1.39230083673694,0.7525401929260449
VTI,-0.0038307158120713947,-0.0061361565013184904,-0.005338464312195201,0.012584571977488412,0.07742411888570633,0.9729817513141852,0.8360327751600433,0.006338274573909919,-0.0029284990847097125,1.0082283021852698,0.7522829581993569
SKE,0.021248668995363706,0.21886913788301077,-0.16946234719886732,0.03210827332864685,0.08847344737670593,0.8852694279465034,0.31062367504954574,0.03155538706084007,-0.13811646215038653,0.9294489839425535,0.7516398713826367
XXI,0.131020049606962,0.19396884934041836,-0.20323673991818558,0.0952693873007715,-0.05030532127709886,0.6474357622379803,0.7524379085891462,0.04442287402420058,-0.7217582451118219,1.3236983644413904,0.7513826366559485
PGNY,0.0035255480747720114,-0.16681205884923955,0.5655292865651895,0.04438642000446258,0.15598345004608727,1.0,0.33883614222169994,0.020896946469385533,-0.13473425612225898,1.0715056810334391,0.7505466237942121
IYH,0.002765317474192619,0.021242460985225753,0.021199712219480915,0.01196836191831041,0.09673708182946106,0.7621137823367492,0.6760051331950795,0.008316790149087589,-0.026975425379451634,1.0692690224960413,0.750353697749196
HNI,-0.014897084389705384,0.1500791725602948,0.21885368400877736,-0.01236910995823659,0.14608910567197553,0.6882590780483586,0.18271740879860143,0.014512183558565999,-0.0819371481295994,0.984964968759436,0.7500321543408359
BAX,-0.019901996084210616,0.04069015010059762,0.2738096774639176,-0.03163132263810853,0.16666386535395517,1.0,0.0954213633582681,0.015148806672952169,-0.13776275450127884,1.0949261312209135,0.7492604501607717
NUTX,0.01975706750113937,0.10193324291760875,0.8764363978791736,0.05473509647488628,0.38291686620644594,0.14966001841174978,0.2301571148215657,0.035331717735870474,-0.0888888888888889,1.0751599580502982,0.7491961414790997
WWW,-0.009032429510636764,0.04983043080563987,0.014484545648277392,0.006425311903363706,0.10306309027484284,0.8224504948475478,0.15163949279662362,0.018879223199409167,-0.2749190620304873,0.9850447824073207,0.7490032154340837
PVAL,-0.019841074659075364,0.0003952420842807669,-0.018682882269001277,0.004899617620179875,0.08201663427887729,1.0,0.40575682421439524,0.005795097166048839,-0.00902024662963441,0.9888034114966704,0.7486173633440515
VHT,-0.0017620636308430804,0.012349394828954141,0.021326847231357693,0.009127200051337603,0.09485703535306178,0.8325963317961748,0.6195267610367056,0.008221370609013344,-0.02816858619987428,0.9936669135232915,0.7484244372990354
SHOO,0.047423891883095814,0.015156114415704636,0.033486834316733605,-0.006068786919207758,0.08780815920682583,0.7459163370058722,0.7362862080726611,0.019300730170255815,-0.08709286342488842,1.101683185187631,0.7481028938906753
DFAU,-0.007196367284789451,-0.008247351900447564,-0.01065646974833645,0.010666622181226382,0.07506112934853193,0.9841673994337562,0.7664899052976094,0.006008667381941946,-0.004871225327560014,1.1100374533859512,0.7480385852090032
ONON,0.27160049758503413,-0.12041833974807326,-0.11023538283986367,0.13674048927694127,-0.07116509347441902,1.0,1.9177086612284027,0.022610620788076522,-0.30950032891685886,1.4205157621035187,0.7477813504823152
NWE,0.024687120802200146,-0.023701961138251182,-0.08618712139048812,0.056190643069455204,0.07785394968210646,0.885715006860725,0.8230127534440427,0.01936621565754275,-0.010183499059436607,1.3953981896352199,0.747524115755627
DYNF,-0.009754164996277792,0.0020398207957190717,0.0027506733626105895,0.013830213565588556,0.08885644957680072,0.9001774517116767,0.6257620687922033,0.006528836205232664,-0.00316358650193016,1.1602131378366336,0.7470096463022509
APLE,0.01615066721056957,-0.03787711634974111,0.1866402184036826,0.016588311436106506,0.16524082067696022,0.7361291137005505,0.8452746999992149,0.008355738019740147,-0.03670932117047687,0.9823915665414711,0.7464951768488747
BUFR,-0.009858561920443432,-0.007285624338242425,-0.059792141435919044,0.013473652797467928,0.059183201371346694,1.0,1.3171814828019943,0.003137297476269009,0.0,0.9391507709563758,0.7463665594855305
DUHP,-0.002596728282476146,-0.014755408454282692,-0.022884680695115955,0.011391811486056724,0.06704657368430533,0.9895838024419255,0.9891916387609818,0.00581374777814237,-0.0035501508161184248,1.1795199573984212,0.7459163987138263
CRBG,-0.023699755021286295,0.07414469151723968,0.2671717648889813,0.02074573634403931,0.17454229351112338,0.5097572549056094,0.07880990524752267,0.015087098437490565,-0.02857541386810103,1.1348042242785052,0.7452733118971061
CIEN,0.3066516057966142,-0.03809385671580445,-0.2504033962723391,0.1753516023081556,0.1278481643934959,1.0,1.4628945175399348,0.04779776910491171,-0.28653908080081236,1.190507254462953,0.745016077170418
OPLN,0.021033320623821128,-0.11749203561539256,0.07912885997790409,0.03172501913640846,0.08719898772200363,1.0,0.6102840463466743,0.014156062213473567,-0.14778554608589844,0.9656632897725507,0.744823151125402
AME,0.03458384391761582,0.032492192349416804,-0.08867591761405769,0.01844608111191315,0.07906655593646317,0.7858801267195373,1.023793152968522,0.012720733047827093,-0.03499521684729001,1.0761057690593943,0.744565916398714
FHLC,-0.0022797236556313383,0.012151961930396249,0.022081061827984527,0.008687119273500521,0.09489418381746262,0.8076933109015741,0.6050176813705316,0.00809010864581623,-0.028918872495646508,1.1130854083658541,0.7444372990353697
LB,-0.036699324842401015,0.05220882775649738,0.11361794603167774,0.028646906010009854,0.20963227028252707,0.7577895952857725,-0.047844099293514325,0.02395653798604419,-0.04184111428693327,0.8409856970919115,0.7439871382636657
ENR,0.04490134724849182,0.024737110451843236,0.034029260805262806,0.0016849405568781783,0.08790898327032282,0.6153840510802655,0.7425873671118696,0.022496379940735046,-0.08892756968348914,0.8854487298650855,0.7439228295819935
ECL,0.012078739005499939,-0.000791381218814724,-0.11335880083442729,0.01320885064285826,0.03462062251441145,1.0,0.7500277919245663,0.010144882838764975,-0.07675414988482976,0.9021553213817068,0.7437299035369774
MPWR,0.1293043747438667,0.022825895670702367,-0.13467696031991938,0.04452159781670484,0.0633293704730582,0.6863602314013054,1.078381531241103,0.03545497484636014,-0.18476484123685233,0.9738352433948112,0.7435369774919613
TXN,0.06718751013996549,-0.08598543075042797,0.18427862356082314,0.04488951769372029,0.1359239334529152,0.6638522415081259,1.072851178223533,0.01748683737277503,-0.14065079144260328,0.8891648478755362,0.7432797427652734
NTLA,0.06846238630312707,-0.03544690776659842,-0.18043122792671162,0.07601011521117429,0.013296104296684375,1.0,0.558025660000512,0.03708499646960347,-0.5314510410592588,1.338449896284231,0.7432154340836012
IFF,-0.01633084199484447,0.09261454477669595,0.02930466034836976,0.006741880148335433,0.1143806579482729,0.7040818369267111,0.16588295591609514,0.01019870593708915,-0.03217284231505413,1.080107413135875,0.7430868167202572
REPL,-0.028937258332020654,0.2923160683090291,1.6334519949683775,-0.037749797330193346,0.4740826853675906,0.8108108804728847,0.0021982804187326175,0.021669831725385766,-0.1702127278643114,0.49883500970189903,0.7427009646302251
BLCR,0.0018962080550337657,-0.023378858725213725,-0.010877709646171851,0.015866451861468622,0.0773536297988735,0.9241707103651261,0.7416858690304379,0.007991442819318469,-0.007716410714479149,2.543776065802047,0.742508038585209
FAST,0.0074016213265843955,0.044657187780685836,-0.10657064666109428,0.013366143910191086,0.10260493772262014,0.9368687939026599,0.5917508000967023,0.009666028645152012,-0.028923240907886227,0.9239822203220167,0.742508038585209
VSTS,0.04125461942612496,-0.09425884073492985,0.4614792070945406,0.03751385471129742,0.2891145114462239,0.6966667175292969,0.7240975906581589,0.018176070827977803,-0.15303027991092566,1.1254804230079016,0.742508038585209
MDB,0.005019033145206908,0.1030974192577272,0.5610814999720652,-0.020401186423939843,0.13385314473474197,0.5598848879990461,0.16759913205694038,0.05171981555844265,-0.18031294781034812,1.4447610234457655,0.7422508038585207
IMCG,0.0029007725840219933,-0.03342806645458962,0.022366545581342212,0.007337298213098586,0.08708920341395898,0.958358110154944,0.8453367408122192,0.00816570104910203,-0.03171099099279939,1.0253008783886386,0.7419935691318328
BORR,0.06566199284185625,0.031631725258506105,-0.3403978176897583,0.11608181334537004,-0.017536676159534692,1.0,0.6505359840313147,0.03571304625597208,-0.2753404137518103,1.2288138330948069,0.7419935691318328
OVV,-0.0241100420766287,0.0973615344445895,0.0020202997711629145,0.022512820096599162,0.16818600304075537,0.6874316794087262,0.06328300745254466,0.024100807024974302,-0.042705697449911706,0.9486034511255331,0.7417363344051446
EFXT,0.04657852441671295,-0.03168410335839855,-0.026632006905313643,0.08847119969982842,0.09614378297278647,0.5762192054847892,0.5675954216257518,0.03329707735570783,-0.1507221719310724,0.9426724064585291,0.7415434083601287
IWP,0.01737973466838527,-0.024469667004697326,-0.05236939901888249,0.01665632148616547,0.038072388327844875,0.9527014994479467,0.9566234121732649,0.009298678095256384,-0.03035160936103909,0.9872079669060195,0.7414790996784566
ZLAB,0.008650175740434918,0.2377120009469207,0.062196180056011796,0.009611706374638818,0.21973428485534008,0.3720377347574866,0.24348523415920012,0.026252712528943928,-0.23195721146336334,0.8876552485676252,0.7414790996784566
BWIN,0.053764464892547936,0.12400235608272991,0.33745264693623067,0.03251623016383243,0.2957610604522758,0.13194326707074133,0.6842314663686856,0.018460458295967364,-0.019236745923680965,2.2204426021399355,0.7407073954983923
EPC,0.006010521449073103,-0.013654402491793505,0.1367191031806514,0.0035578541697423027,0.2167935573555062,0.739393995440863,0.3900105578538044,0.01659032256734702,-0.05557536936665264,1.012752515303378,0.7405787781350482
HLT,0.03770128333257561,-0.027445690227747788,-0.13995327231991128,0.03085312946980734,0.03298823827580466,1.0,1.1041962251429,0.011349619647160475,-0.06556185426177419,0.8487702453072185,0.7404501607717041
SHO,0.007904241838803117,-0.034330728866939,0.0497617434668971,0.019678200341192165,0.11158824006092205,0.8153962919638351,0.8297338689899761,0.005884194529958557,-0.03875761651918552,0.8474820626066064,0.739742765273312
HST,-0.000263448629723273,-0.053703751409968636,0.02363658919958822,0.004866134287960788,0.09026869932267423,1.0,0.45383858289575546,0.00935594016301197,-0.1069584051567587,0.9646881909392089,0.7392282958199357
ETSY,0.03646093540388762,-0.0938928980881012,0.29734871263963103,-0.011830125715986739,0.15457954033080634,1.0,0.5420894067385394,0.024032032294589934,-0.12237161525058393,1.031818679851423,0.7389710610932475
WRB,0.0007184938673543417,-0.06411979237159493,-0.0429084873311143,0.036910115486205486,0.05383734697881404,1.0,0.5401753422638238,0.01248521734270359,-0.055026751287788,1.4579226084879184,0.7386495176848873
NULG,0.014151375534913857,-0.032123084213094844,0.05029981613166079,0.011529889001792526,0.09007378503117014,0.8137389577863668,0.985301369669071,0.008153036952173018,-0.024375835870072304,0.6581087947973752,0.7383922829581995
USMV,-0.011810439563458619,-0.01143403963655154,-0.06157671237743023,0.008391209371116037,0.048650630557658614,1.0,0.7271887858114129,0.005102268190502689,-0.011128601374708724,0.9126283154145292,0.737684887459807
GRNY,0.0037068060706049177,-0.011574374376725372,-0.011233488824088589,0.01952530805599406,0.07662079523449972,0.8087277503130895,0.7908975586641335,0.00955695899399192,-0.010605017480823542,0.9644802972783332,0.7375562700964631
QTUM,0.015487039460157392,-0.020358458343032293,0.15505404030346925,0.011701750742023398,0.12272952772584489,0.6319574933545421,0.515842852890636,0.015803074908572242,-0.09604911773143343,0.862249641713597,0.737556270096463
URI,0.04442979337918995,-0.06112336671838947,0.2302131665448408,0.002030945807809159,0.11709211373827588,0.8052440674859581,0.6811800750620821,0.01995533728804679,-0.08729240254217974,1.0254420037320353,0.7372347266881029
ARCT,-0.04618458515929735,1.0083113748943713,0.4936709044454526,0.09658911843831097,0.587567160292616,0.23798072294017802,-0.05021116643796513,0.0606952740390137,-0.40587217963995914,0.8668509680178511,0.7368488745980707
COIN,0.023301811319981214,0.11122779249255443,-0.07070136672294325,0.039697937351282686,-0.012261615303590712,0.4658094313139791,0.24262769301306392,0.05041473918602067,-0.530904410113352,1.093026825550134,0.7367845659163987
LOPE,0.029497923078739552,0.0027278131597758826,-0.1897051573813464,0.06742454768338035,0.012099470314623106,0.9989209079302839,0.6275320711480281,0.01515592639381918,-0.2732486898923583,0.9779849795581064,0.7367845659163987
XSD,0.04217857551597648,-0.06336656509773408,0.2667896624618755,0.025502173491116054,0.14151097709040905,0.6127301655832994,0.5468327670926931,0.02518848068697647,-0.18999617764242327,1.3193540587090846,0.7365273311897106
FMDE,-0.014302467261778862,-0.012916178140947476,-0.02765941215324208,0.00032736089585494454,0.06824228389044618,1.0,0.5379402015543588,0.006422497962019609,-0.029505476544354536,1.0741422664222133,0.7364630225080386
MD,-0.02857726667874738,-0.017875688088732966,0.0962226312089669,0.016619747516022354,0.14468172789581168,0.9084513001535282,0.01896849632413478,0.014945084616359423,-0.022270854932310402,0.9880545790584406,0.7362700964630224
TAK,0.0035112578639742154,0.09317743940454859,-0.11658740065048834,0.03380503272145363,0.0852917852886188,0.7379041003388621,0.5509814835877532,0.012658758926969845,-0.01706030806334924,0.8303164731932906,0.7362700964630224
KMI,0.020279100937087957,-0.02424632794825521,-0.13857076630477239,0.03316026225700641,0.041796593903564494,1.0,0.8242142974335388,0.011958351487560075,-0.04331203986680987,1.1335169191101415,0.7360771704180064
KO,-0.0180095686557995,0.013100185159899969,0.0029794328825849536,0.008347738749859612,0.11084973832038192,0.865929559227722,0.2142132668940136,0.009215736058459573,-0.033346398802849286,1.0019263480426355,0.7360771704180064
RMBS,0.21782398800244862,-0.009093840958969146,-0.18757551020200058,0.115707242951689,-0.01622843737903812,0.775964507238417,1.377913195213625,0.0425916848790257,-0.3757178095081585,1.0666394352918378,0.7354983922829582
UNG,0.05197608313493207,0.02127617148130012,-0.12813043808815272,0.06546451365959238,-0.0258509481211312,0.6258270035217331,0.8424334006559102,0.028426955155557723,-0.34734320437060484,1.844046467380013,0.7353054662379421
NTES,0.046348856164041274,-0.0911891990011029,-0.036666127594980225,0.021288088749426226,0.025099555977753152,1.0,0.6838909532893637,0.019123622420504263,-0.1656927836031833,0.8153862088926475,0.7351125401929259
ITIC,-0.03980671221695986,0.028439858274135643,0.14684935205109984,0.01966716818369174,0.15588910818268875,0.7942970706876084,-0.13796601076058446,0.013270096400575552,-0.022919406030774914,0.8571637603165382,0.7347909967845659
GSAT,-0.012392533224817592,0.0029870104194169578,-0.011611674932064497,0.009701328480161031,0.12083753290262367,0.8804338812134078,0.5361606841080476,0.004045027195573429,-0.011607288326321519,0.773899916346173,0.7340192926045017
COKE,0.022571170893906256,0.07605498408908606,-0.1722819380483792,0.040591476851568276,0.08855565727348114,0.8628317886994918,0.5746887172317803,0.020538492964921884,-0.08096639653344673,1.1125611090949676,0.7338906752411576
RGEN,0.020256568772578865,0.15193939291450742,0.2884538732011799,-0.0008107643760018046,0.20288237966723566,0.2990562693093377,0.34463435723890445,0.03724245768446308,-0.11070569838150346,1.0729338377899877,0.7335691318327975
VSXY,0.10063270024643511,0.008666270078085736,0.4957426372173859,-0.026335027704333158,0.2349793599345793,0.5446474921206089,0.8310487892263935,0.02972697451731625,-0.16965088403900463,0.9436569525509148,0.7330546623794213
ASH,-0.029457772214407818,0.0373990199052614,0.118524034052359,-0.011755519282617977,0.13691748962023276,0.9344247942566976,0.012985009559894067,0.011417336434231337,-0.06896444085161768,0.9770901188959977,0.7328617363344051
MKTX,-0.021649058986758174,0.39057971231610034,-0.18545912683766985,0.010029997084654907,0.060927163646031346,1.0,0.05095466478847687,0.0009896114382434084,-0.14140738092904181,0.7832857830843369,0.7327331189710611
IWX,-0.023224072550415586,-0.0028819642470860884,0.02131408093212861,0.0032923544576088926,0.09920337679176638,0.9495091486639932,0.2727314489405546,0.005391360960736234,-0.012957874225549948,1.1707256728061075,0.7326688102893891
PSEP,-0.012954872229806513,-0.016499091065090843,-0.07780617752503649,0.012055830437408543,0.04767452603399147,1.0,1.4582167380318845,0.0033424130979976697,0.0,1.077980278697647,0.7320257234726688
UUP,0.005228193538318937,-0.023762773071612786,-0.09431759403386164,0.025200969473914592,0.04480837310740449,0.988505495131881,2.3344058253347706,0.0029640925966648557,-0.000344360487829376,1.1193618053631758,0.7318971061093247
ALRM,-0.023741273532718044,0.02081067965940364,0.149965202586555,-0.0009497452198078404,0.12496330520734467,0.7741934689969938,0.09693328348757552,0.011809151778219909,-0.035763847450782094,1.1598346402738011,0.7317684887459807
RNR,-0.015499895839056865,-0.008831650634425037,-0.05711252635657749,0.018280600891425136,0.0871474028595478,0.9740658491391752,0.23910133559596922,0.010397689843080666,-0.01940715683434613,1.153546634540433,0.7315112540192926
TILE,0.0061843851724319165,0.04491474810112228,0.14065431455412347,-0.02956741940805019,0.11265332760854663,0.8585861699586163,0.4032968921611018,0.009466651112417481,-0.10684255420790645,1.0683465893909254,0.7313183279742765
SPMO,-0.0035262961699114026,-0.030526353219484603,0.0779488198544025,0.01281637170226202,0.1130968124891214,0.7928898161026117,0.36912498879137723,0.011525346706453296,-0.06283723174618538,1.0307463781828852,0.7311897106109325
UFPT,0.016451952991327623,0.18170816645305332,0.29076886921656,-0.023416997308757237,0.18283186578148136,0.4699250636261251,0.26341410848710434,0.017129165743825524,-0.1326902196921137,0.7438342072127306,0.7309967845659164
CVX,-0.03446645949433336,0.13082589694286129,-0.008204159245936982,0.03960956547406691,0.14088652119415745,0.6181637200449419,-0.060800485951783355,0.01504066335667781,-0.026932109005362026,1.138431556446754,0.7304823151125402
FLEX,0.06204354742021012,-0.13116237719559654,0.38539746784254447,0.029246296793292714,0.1686813209165252,0.7492582845176444,0.5578571860082103,0.02696649820672868,-0.27191957384229226,0.8377297464947795,0.7304180064308682
FTHI,-0.010541136349888847,-0.012599867132602638,-0.09276563197563625,0.011910409445318626,0.04607486302238328,1.0,0.7947798284904045,0.004045719274126535,-0.0002593087961424434,0.9059935920404449,0.730353697749196
FEIM,0.1799936587389943,0.3359893858567038,0.21854078403192712,0.014460695320837713,0.22024817148095654,0.028011313730560535,0.5845112885599348,0.035200725774649756,-0.15595502531930305,0.9876159325997955,0.730096463022508
WOLF,0.18091485369698068,-0.13626721146735532,0.160829986021233,0.08772430210109117,0.021623635488723814,0.5874246732740999,0.6618995772699475,0.05453305957884573,-0.5851700711412495,1.0164341093606888,0.729774919614148
CAH,-0.018822948340215362,-0.020516762958750823,-0.04200113086421253,0.02323344140448924,0.09309524102179667,0.9610404124871692,0.1670003331733076,0.015025631155497677,-0.039605305897464915,1.0156245674164146,0.729646302250804
HELO,-0.014181817815320352,-0.01219634686319826,-0.0799467123552533,0.00818145390321856,0.03896846059187742,1.0,0.8093044975329472,0.003907814298750451,-0.0012633526772981574,0.9029309547552737,0.7293247588424437
CGUS,-0.003680889830907974,-0.018133741334684483,-0.02906010635643841,0.007970780511677988,0.06818337152587306,0.9253394428833025,0.8282407292374058,0.006918507206182646,-0.018616216419356957,0.8316104427106323,0.7285530546623794
MNDY,0.009237526444753952,-0.022667823791177932,0.35343412200228097,-0.002154551759000256,0.017367959520302456,0.6232859541155932,0.1995459628606752,0.04197173778015628,-0.5685538848092306,0.7698696919599012,0.7284244372990354
PK,-0.025738653524904898,0.043123442854227534,0.2460962212129867,0.005966055482164778,0.219382863665726,0.5668913561942321,0.06662935173245278,0.010416804267438838,-0.04810483918340025,0.9128399984736713,0.727717041800643
RXT,0.21555850773740404,-0.17952740524546262,1.8022832045095445,0.02499410711536343,0.27414549328139026,0.6511630808230765,0.9588493218365864,0.05707499555550789,-0.4820717149134458,0.8272520253888127,0.727652733118971
E,-0.02711854411877268,0.10262135375092862,-0.13775843127822318,0.027421731746898992,0.1323771066606707,0.981196134034246,0.038327724206548834,0.014962971393161,-0.012940829845494162,0.912912301761802,0.727652733118971
HOG,-0.02732167580562672,0.022795637893130216,0.04359102448625807,0.011233668804053965,0.16054722861893644,0.7738855979356896,0.02775094046988706,0.021632596569174982,-0.04941011606647738,0.9557103173899292,0.727266881028939
BBY,-0.016456208979520603,0.05160902402664469,0.2989350152997172,0.017603682475815452,0.23057607974132344,0.3719451668211687,0.133233433051228,0.02191750431541368,-0.06775999865467752,0.9281126878214935,0.7268167202572348
VOT,0.004450277988839346,-0.030852762416590407,-0.021226213150139506,0.008378161784758698,0.05357135045280015,0.9019404481047477,0.7848789054733379,0.009524342807608539,-0.03520016799750647,1.086934888117865,0.7268167202572346
AIT,0.028532638218933926,-0.016545383458274276,0.018626143557050057,0.0009419154482290804,0.10724689834303525,0.7255538767142501,0.8855175850578277,0.013944314777994295,-0.06790997723681325,0.9977541432677379,0.7264308681672025
OTEX,0.017760895683834654,-0.025384897095700243,0.010907436994189945,-0.0006302733460293863,-0.0072550750022289945,0.8554914505649827,0.43843977303013615,0.017040769606745918,-0.37731086212818565,0.7862186986900964,0.7263665594855306
IHF,-0.02037239533643187,-0.04633950032730427,0.15032162973380658,0.012925950872236358,0.12732595703830163,0.8851834859579257,0.22520102275809228,0.010634946127392766,-0.014607168661265879,1.091609803010229,0.7258520900321543
SM,-0.05768728306408588,0.20750983261157496,0.1731609055525789,0.056822431370209925,0.30285654376508253,0.49266486906448514,-0.18208152427403188,0.03367693741832988,-0.10050863245000008,1.0621810907362141,0.7254019292604502
BKH,0.017421517981747403,-0.03360521040113218,-0.10629389118751686,0.050173896390638184,0.05591036733333987,0.8851252502870858,0.7246006146085804,0.0191545255667171,-0.010193397981121732,1.4018410733560138,0.7251446945337621
CPER,0.0032354987223666143,0.0212938745737985,-0.027227336079561848,0.011238764568685111,0.07295237544232203,0.6608832522861093,0.5051498203113141,0.014137250938030067,-0.025947399348803635,0.9150714417046262,0.7245659163987137
KNTK,-0.03690547366442409,0.04030336558725778,0.024383806683323295,0.017066288886964376,0.16065496603374707,0.811110602484809,-0.087491330625615,0.013609422660277029,-0.022686026036590312,1.2256403341865825,0.7245659163987137
DAVE,-0.012616594181169338,-0.10604651940719134,0.8149995005054145,0.03238855325122514,0.31438966531701773,0.8162696336929015,0.08496932075219131,0.039358509887723096,-0.17576209295155176,0.7876096114874511,0.7245016077170419
ETN,0.021379133919956717,0.028545141145644548,-0.07879806333640627,0.00940645442575061,0.10216563358784403,0.7203457075571691,0.4104468883408813,0.025357051790215655,-0.06436425127997547,0.9967179937790512,0.7243086816720258
MEOH,-0.03380606798539232,0.1852404503916969,-0.10473192290214928,0.06626347551662315,0.14131893270121432,0.6980693220092342,-0.03198970203071026,0.020406615554916595,-0.04571464948660131,1.0454907223936034,0.7242443729903536
AVUS,-0.015132612764740205,-0.018076344626274388,-0.02192030393916422,0.0053146636158605265,0.07132851985921507,0.9496890654689929,0.522901915759486,0.005582828669224094,-0.011903677543804836,1.143533796193093,0.7239871382636657
SPOT,-0.017280145381221246,0.05925787487062184,-0.04173470129691048,0.02329094961940137,0.059980701594295915,0.6525707405866296,0.11313930276356461,0.027019363015921956,-0.2361713306033144,0.8741910667506715,0.7236655948553055
CTVA,0.019906879514184572,-0.009088303542049259,-0.08893639561921729,0.08639572506454685,0.12099144698861886,0.5945830125562921,0.3604234303999333,0.04131168447577252,-0.07854672967913046,1.2591904480482925,0.7234083601286174
CVSA,0.01893337945050444,-0.06822647757171352,0.005672457295404776,0.011267488663575964,0.09779060978148957,0.9565733129803075,0.3179162476868877,0.01481622456765116,-0.15745548636128015,0.99566861114639,0.7231511254019293
XOP,-0.04412933870097624,0.1247554489549787,-0.0021932457668882854,0.04096493218264019,0.1707301100707237,0.6608506802040236,-0.17495956781237595,0.0179411840415329,-0.03457342307144107,1.1067432790342262,0.7226366559485531
BB,0.14196595232158216,-0.2169624516883527,1.1498212196444597,0.052205608487692956,0.36043955342339395,0.6185568302619532,0.9708061195105328,0.039899994996978785,-0.30991414027975484,1.3337059113887002,0.7223151125401929
FWD,0.02631722138395287,-0.04153451059856006,-0.029638201394328156,0.021829833579192437,0.06687679011838688,0.7840148609831682,0.7580972198384606,0.011979805364872288,-0.10319807167612327,0.7581758692113052,0.7214147909967845
BRKR,0.06557167770972461,-0.04689028733709166,0.4107635074896896,-0.0005556476960101309,0.18311176144642793,0.4976463293931517,0.4861150100970775,0.03704049114223567,-0.09413129298383205,1.0889661909638326,0.7213504823151125
RL,0.07600267064954269,-0.04764989155297661,-0.169243714560542,0.028824412069339056,0.022199970068104813,1.0,1.2946195392543431,0.016205752091902042,-0.09856545721700183,0.9686854377691424,0.7210932475884244
IBB,-0.012479571304508275,0.04590815302705531,0.06584088591094028,0.004849214715672012,0.13411504796953921,0.548296390486374,0.2519447748949872,0.014857752913583159,-0.04922067752915038,1.0797707340319325,0.7208360128617363
VREX,-0.03125996170995382,0.6664369706611066,0.49845330674234734,0.041907791445546794,0.4027873345272215,0.14999332430525092,-0.0028480446515448416,0.001595947248477743,-0.0067276641826308214,0.6307023540603002,0.7208360128617362
FTXH,-0.012654415740659175,0.03611838948221946,0.06271367365612357,0.007425543526047962,0.13170589947856892,0.5497445824595365,0.33345336244829077,0.009060155969732317,-0.03554670200551413,0.4170883587766019,0.7200000000000001
AYA,-0.0549024655768231,0.40769296916698194,0.5655197920163124,0.022131133947750126,0.38096609907777057,0.37382100881653957,-0.11879766345184962,0.038296876032551476,-0.08739298395786654,1.2578351178423313,0.7190353697749197
PFE,-0.011822141666570696,0.1282991509501763,-0.07013876902949323,0.01988350884027179,0.08744191427217163,0.5763369281773748,0.34071320701140156,0.008809902562007602,-0.02946242345794281,0.9152342425892089,0.7188424437299036
WMG,0.008524801099942136,-0.02882256819351947,-0.12420898267424008,0.058517199931663155,0.022792932505375285,0.868312114409507,0.37872433030555674,0.016377784423053276,-0.15685248233480176,1.0786755537217692,0.7186495176848875
LRCX,0.043911201773251474,-0.07191274194854214,0.06292135583725944,0.030140077258326237,0.14748981794969862,0.6478482079894008,0.38847541780232175,0.03287423516627629,-0.2611410413310107,0.975131607233317,0.7180707395498391
ABEV,0.017188095038755735,-0.0015706277763638532,-0.1510365718304132,0.07309657132272696,0.0712658477548973,0.7894739483861577,0.6130720058747369,0.023712965965855932,-0.0688309528169978,0.7672352052298455,0.7178778135048232
CCI,0.04802483123437962,-0.04452879093385431,-0.21824438323509132,0.08060061175865751,-0.025953316250835745,1.0,0.7020709771595844,0.034814019032075906,-0.16487599590796553,1.130858051248877,0.7177491961414791
BP,-0.027952253686669648,0.10294434648712891,-0.13379346614545784,0.05155974667669083,0.12170114131724996,0.8018136609624105,0.029004369684729782,0.018906480577427075,-0.01629044728626039,1.0886630267630892,0.7172990353697749
SPHQ,-0.0032496149982679245,-0.05148332280779011,-0.05748443299327999,0.0077856584460531675,0.04983648969977539,1.0,0.7773483908888198,0.006264187368091887,-0.04519585222767919,0.8430373063167449,0.7163987138263666
COR,-0.017221523421243612,0.02197815243887491,-0.13432058488105758,0.02248520578335289,0.026949896485418012,0.9601615387055055,0.16762846123375985,0.015771489661818874,-0.12705756272702684,0.9274654230835884,0.7161414790996784
MIR,0.026686014231739108,-0.008078850661312309,-0.28329487527777863,0.07741014884791886,-0.11625736446471058,1.0,0.37014246419150365,0.035032346880680035,-0.4371428289333311,1.0526611432329684,0.7156270096463022
EOG,-0.02247968751564966,0.030186215781151216,-0.04424622369576148,0.028037469777727253,0.12609979465876098,0.6805377048428957,0.08590060965242827,0.020532462814789005,-0.03320548200809781,1.0641280635175299,0.7155627009646303
LH,-0.0032782143246343765,0.09966754214991069,0.06202607826998263,-0.013497862344610256,0.12304928232378964,0.551387115427209,0.3837810448950316,0.012894155430796457,-0.06885133201101978,1.0604739309980367,0.714790996784566
SEPN,-0.013626719360273487,0.07478266852495064,0.5101456802585715,-0.02552155206293172,0.2340131889803878,0.5764327986011165,0.08575832853281606,0.0295475469833887,-0.2034654613943364,1.0653341701043784,0.7147909967845659
ELV,-0.031960338429619206,-0.05988113789863869,0.19406060127912528,0.04319493949890818,0.14100346612896208,0.8043225015108253,-0.01621206436919947,0.014340823840706719,-0.021251110187555766,0.9776642998562535,0.7144694533762058
CME,-0.011000330081043286,0.10293479856943111,-0.19673541309182696,0.03067416462358108,0.016939861721453342,0.9426407641292572,0.29424733512375106,0.014665444995159985,-0.11501419930176493,0.9078763628187129,0.7140192926045016
DFAC,-0.016569034723122433,-0.0177406029537146,-0.02670761041050085,0.002465321113978014,0.06604254657419872,0.9289277709493168,0.4894277396235047,0.005722871093097633,-0.016392733481732535,0.959295719924029,0.7138906752411576
FNDE,-0.024684452312689897,0.023053119535028088,-0.06946235910881904,0.01656996138517508,0.06858393740911706,0.8488375531543679,0.16698066967671862,0.009495853035093342,-0.0075441213817492025,1.3664445987497524,0.7138906752411576
UTHR,0.06303055560810322,-0.013623521941865446,-0.18859047033070597,0.07477173116087332,0.04719668565639745,0.7940911551349503,0.859082523682736,0.03627720894999832,-0.07674774958690089,1.542191520466469,0.7134405144694533
IQV,-0.015990030195056182,0.21526530893684037,0.4075560975327537,0.01609349037630814,0.2621874668084654,0.17208770147282024,0.12707910369215844,0.015356540589307695,-0.050905390732540634,1.0924416146557459,0.7128617363344052
SXT,-0.03620862459497065,0.10446897364322782,0.25599775880142306,-0.006277122510948141,0.17804950088345817,0.5904071169288571,-0.07083683879788386,0.011430349019152707,-0.05198257134302764,0.8483800318370365,0.712668810289389
KLMN,-0.010533675138369114,-0.007726245974509993,-0.010421096326402868,0.006986875778061119,0.0741180050836523,0.7609000352148279,0.6172161756054401,0.006675568186020112,-0.008170870705635602,0.003881508749686965,0.712540192926045
UMC,0.008204913781704404,-0.06303272069984023,1.2480670316279876,0.0730716381115688,0.43279259866932573,0.29291841541072255,0.20316423718971355,0.03840524007196003,-0.16532639568829377,0.9364313166200715,0.7122829581993569
WIX,-0.026475368736928573,0.40431119272881677,0.011871111443578775,0.002521504433843136,0.05032180072507253,0.44651838366378527,0.01777072327205221,0.03584454355272055,-0.47904353997212656,0.7285579360504019,0.7122186495176849
ONC,0.010482563861590855,0.12815662997467525,-0.0032923529876123236,-0.0021687307653993626,0.10722810790979209,0.4304918593814742,0.4977224286836505,0.017450038652921735,-0.05743500836005555,0.9125381445429335,0.7119614147909968
EXTR,0.11308371776976167,-0.3064127850302768,0.24209577687863293,0.041147212106041664,0.12255394171349154,0.8944441589308676,0.8890999177284087,0.02272135830483146,-0.28151883799633215,0.9890259793168448,0.7112540192926045
GOOGL,0.026185912117412613,-0.044764078290449705,-0.043094524563696224,0.015317880398943773,0.03464897187484506,0.7938391579007342,0.577061584561658,0.015027513156325726,-0.12604355549531454,0.9610226122948515,0.7109324758842444
ZD,-0.012723151341787586,0.04246819602014762,0.13479174952563833,0.010614417175737412,0.22982574262805633,0.3862216983761657,0.20555714280111545,0.0183354406101945,-0.04965375227441904,1.1340629898827173,0.7102250803858521
STLD,-0.017483488829420857,-0.016675508024543317,0.11078161753586602,-0.005445789567314341,0.1016276449586695,0.7784050995695787,0.12229628116993745,0.022332518224584808,-0.14875427679937858,0.8802837731313562,0.7100321543408359
CXT,-0.03431921296920426,-0.04462184029496441,0.0004921726335549437,0.012051722967106882,0.06754930216575739,1.0,-0.03765053697218199,0.026859476033214643,-0.25214396871451716,1.01260181285787,0.7100321543408359
MMS,0.020940823244463003,-0.017908624833367304,-0.23972456251695384,0.046747340861253095,-0.10496607401487501,1.0,0.4776048859244856,0.02225666464760091,-0.3895851960865512,1.225604579785545,0.7091961414790996
LTC,-0.02174302189178623,0.04827311975800175,-0.05258371542115747,0.03701125602665911,0.12136758145560123,0.5612899097516015,0.1342520693176701,0.011283332913083468,-0.01568266364400006,1.1358407388095992,0.7086816720257234
IHG,0.021067449519236225,-0.04924768517668987,-0.012233417475606023,0.013356546988718687,0.07595412673437818,0.754245323284798,0.8414244335529414,0.008652588695431096,-0.07373083555038284,0.7141877590682362,0.7085530546623795
URTH,-0.014175432001458654,-0.011769628366394613,-0.03420756213964071,0.004197840837562694,0.06401364326488501,0.8493402223014057,0.5118083606473198,0.00662946869871454,-0.010826879795785782,1.0366995848652178,0.7083601286173633
CHD,0.013037325494702046,-0.030380154092699563,-0.11846529227138491,-0.0017723473515272037,0.022553771684213242,1.0,0.7574851072513378,0.00704835540607643,-0.06284535620472131,0.9806558223835339,0.7082315112540194
HGER,-0.048001333920362765,0.10829926157521808,0.012237126337960591,0.027568198627018425,0.15466479535100008,0.6456688183153462,-0.39735324868286653,0.008718507670905309,-0.017553466969805753,1.084696457055049,0.7079742765273312
INTC,0.01804692848972378,-0.022334125892401246,0.5339352263076533,0.02031905441501758,0.2667530460725842,0.265950352692407,0.23861617029155618,0.04466368358575976,-0.25368954351818696,1.0119431767331968,0.7079099678456593
BALT,-0.018340053135061263,-0.021122733757927836,-0.11149420250643383,0.00892227255631406,0.02888839310417457,1.0,1.5593256396352002,0.0020713552553736736,0.0,1.3422346597228236,0.707717041800643
FRHC,0.0067917183606851506,0.007199134682590813,-0.03326195704188217,0.02948724782677803,0.160934796161609,0.47939539134189335,0.2668748267218054,0.023153210222530203,-0.04297784226856849,0.8870287352687193,0.7074598070739551
PARR,-0.048392597967611306,0.11514209989484381,0.1555280729466153,0.0250844960410066,0.3497958870754492,0.48897034074207046,-0.10361297976531794,0.03049648883271705,-0.06343417103474525,0.9997512995073771,0.7073954983922829
VERX,0.008264391409210203,-0.060464039160222915,0.02783035627414887,0.007008352929496864,-0.07037472336422668,0.8300491071869,0.22885326676943293,0.029266256944092836,-0.5086738772874856,0.751230106804469,0.7070096463022508
LNG,-0.030870745864067906,0.01474720725676626,-0.10168448249516304,0.014725548364336927,0.11854476695418703,0.9851273583410419,-0.004884552415999752,0.013415202337461503,-0.061304274276566484,1.0184107005001757,0.7066237942122187
AMAT,0.08728077457663264,-0.15947529625903167,0.12094656287114924,0.03606812659087755,0.17020221165384686,0.725610471687677,0.6591532201471448,0.030171843967781293,-0.29736843951130143,0.8990696518370194,0.7066237942122185
BRK-B,-0.012873955422882055,-0.003997676624620139,-0.07722578123838386,0.01602282660567922,0.04653145879320597,0.8219670940529065,0.44601402956085046,0.007922683267243954,-0.025518511204209116,1.068716898137292,0.7059807073954983
GFL,-0.0021029167968191764,0.05084810537922935,-0.15771192655903488,0.02173303656955161,0.05270440687831646,0.8500006130765133,0.34021769521108175,0.020617795156425443,-0.07879534665600307,1.2774798684216337,0.7056591639871382
LLY,0.014053447017330356,-0.04846332722153435,0.10022899060749979,-0.00045193168647983395,0.09203151358182282,0.7007223056236818,0.5275923586321665,0.013251092522863323,-0.08385662644341996,0.9078782577175543,0.7055305466237942
GOOG,0.022671134880183574,-0.04950026703105237,-0.04883055536674874,0.01357468628171965,0.02933764523258242,0.8161861840014397,0.5547750592412457,0.014781795371518813,-0.1269661699618665,0.9483655937527343,0.7054662379421222
IWD,-0.02500993717120381,-0.013736420762161305,-0.0005351814240943664,-0.0012418433947256613,0.08630423639476303,0.898619207339226,0.21231821745318274,0.005237632791722925,-0.01801376905301355,1.0095340673747786,0.7046945337620578
DIVO,-0.026520439632802706,-0.0105318004808026,-0.08388532150724703,-0.0007278380383251015,0.04502174103501355,1.0,0.1540727839617915,0.005284841336463376,-0.021217054192250062,1.0455137863589394,0.7046302250803859
PR,-0.04914226603497118,0.1430098837035778,-0.016952069148902238,0.03686905844837529,0.19424989529606207,0.6183798346251019,-0.18159505795526953,0.023446825450103192,-0.05034937876329959,1.1005538402026462,0.7045659163987139
DNOW,-0.020428492012242172,0.15495870177068904,0.12742657080984676,-0.007980599898108176,0.12285467499903158,0.40116326134567937,0.0975843283395312,0.019006242528440916,-0.07379969041483303,0.9572144290045085,0.7039871382636657
PTGX,-0.03892135107357508,0.06573212243285664,0.3042242666862709,-0.01051568227673827,0.27878236852432114,0.6312255552502499,-0.08036224834323223,0.017587133614627937,-0.09261129046532479,1.3227742940193066,0.7036655948553056
BATRK,0.02869081665647144,-0.04568887452617054,0.03345526817663558,0.014776552613084748,0.10577995063427226,0.5650680069779331,0.913053470807041,0.01204192076328955,-0.03508938224109137,1.0521327956056108,0.7034726688102895
LSCC,0.061668817467230186,-0.08890822173036939,0.022612436830597327,0.02393212806430922,0.09531249414936105,0.6513036235963202,0.5260955295248058,0.03770673880789239,-0.19717785623208062,1.1107232691579187,0.7031511254019293
VONV,-0.025276095549758848,-0.013578878387950022,-0.00044526190988536385,-0.0013459675051671338,0.08654539655742433,0.8880215747682768,0.20172136556701237,0.005245343135506655,-0.01789606023916268,1.1859176846082773,0.702829581993569
BFLY,0.1317711992763657,-0.020754445328439397,0.8611196320326981,-0.026642407124621403,0.4278010731717927,0.3801495732754033,0.5910274973480595,0.06826808289719469,-0.16666673069313775,1.0098460654124037,0.7027009646302251
BLK,-0.007923458920895188,0.016139212034794737,-0.0534460922968667,-0.017863435076706513,0.033162206804887795,0.9257012766388443,0.29834026474991465,0.01310577919193725,-0.07737006954651438,0.8529487203099738,0.7019935691318329
BRK-A,-0.014317547539592024,-0.003862779028206198,-0.07792761877498666,0.015714207420722826,0.046076670614770165,0.7965614862429412,0.3988068327593435,0.00847907899152147,-0.025561213884847223,1.1945046778001225,0.7017363344051447
ARQT,0.09530066339974175,-0.07185785475139406,-0.0651081078076221,0.03681233868278988,0.048040832788086574,0.658079429671552,0.9030643992566529,0.04261125498544046,-0.15641028681998892,1.5503328374526417,0.7010932475884244
FNDX,-0.02655121789745607,-0.015820826433013302,-0.020011346559238197,0.001238287249339054,0.07403021047791625,0.907053660701715,0.16244708201558328,0.005104835494918533,-0.01447300385769279,1.2416027207154272,0.7010289389067524
FN,0.18169466112720056,-0.010745910038075346,-0.4127624308141038,0.0849096220265857,-0.08044889073989059,0.932198552720808,0.9309840914623813,0.036624382179130506,-0.34405266356199316,0.9537104444447945,0.7009646302250804
CEVA,0.15839343372481895,-0.2640871649788761,0.4621137753101163,0.062075895160492944,0.10695214155048016,0.5858371553648388,0.824024213260704,0.03463561514477761,-0.3359967885218308,0.8353946324031281,0.7007717041800643
JGLO,-0.011919261958514449,-0.014278439880837546,-0.07137770707021662,0.002787693427106497,0.04516167468746013,0.9036462987146883,0.5469428915899823,0.0070672572237218305,-0.016917424338432685,0.7945328361877892,0.7005787781350483
VIG,-0.020035714944285354,-0.0351248257699972,-0.06304016391235523,-0.0019923326188763246,0.04376476511265781,1.0,0.4156228024363364,0.005204811361519766,-0.025971067737204923,1.1473649103006673,0.6998713826366559
CNC,-0.019461655739290373,-0.07415751844897012,0.6203517658498596,0.01847420281453216,0.23743163750691254,0.6090851388581191,0.10702799042766982,0.020739333142713434,-0.04742117465190132,1.024278543476439,0.6998713826366558
NDAQ,-0.00874669176593934,0.01140970895138893,-0.01777567444963002,-0.008872974499391173,0.040308459156676024,0.7380239640641828,0.33115313291515086,0.013755387555241586,-0.062758249028939,1.0145333892869188,0.6990353697749196
BHC,-0.027976719329239952,0.21227991940103696,-0.06565503670696593,-0.019639428231277734,0.05696953715473296,0.8725489646093489,0.01106253228194281,0.017073322696501848,-0.22974683991266998,0.6018423384680859,0.6987138263665594
JEPI,-0.014794026487713108,-0.022597954564461675,-0.12430777801070225,0.0031300901713460227,0.025606610018779286,1.0,0.8382159268769935,0.003781264525976998,-0.011145756481583113,0.9304167420018216,0.6986495176848875
DBC,-0.051417469531026216,0.11948331676700175,0.002650107944642821,0.04385692311213507,0.15810930493742958,0.5446433031639275,-0.348933426602533,0.010387140257130348,-0.022713758394202754,0.9679057785728507,0.6985209003215435
DGRW,-0.01828392296972181,-0.014042907662757287,-0.05062952766735962,0.0032235195826433305,0.05264403537980722,0.8659777299854464,0.437004043552599,0.005543993653672302,-0.010898003674032486,0.9128269265255129,0.6985209003215433
COP,-0.04876364796198185,0.15770533894676242,-0.03897180973010239,0.04116718441793443,0.15616435596389389,0.5836961687335347,-0.21788794181172297,0.021748504707607866,-0.04737291023635459,1.0366068169433238,0.6983922829581994
IWR,-0.01857131399521883,-0.038040913649423524,-0.05381301515744319,-0.0057383746609728226,0.050010469977574745,1.0,0.38149374205721953,0.006582184292701093,-0.039765957076713376,0.9004942080671494,0.6981993569131832
AES,-0.02200192111345811,-0.01905234025469449,-0.08970182903452972,0.00886177520025,0.030116549492022138,0.9615376150827128,1.198238411956283,0.0012662031097383395,-0.11514799082015337,1.137115945072968,0.6980707395498393
VO,-0.020746389780238683,-0.038153400432493045,-0.054350331283458564,-0.003777246786043742,0.047624742092893246,1.0,0.33074170327810204,0.007222587360676864,-0.03883493742424016,0.9105701244121658,0.697556270096463
MTCH,-0.03699781527976098,0.03563967230705445,0.16533518663195812,0.022823732904816207,0.17019983929988358,0.4163764595939244,-0.07026350823424247,0.016343801288793564,-0.06427747451530286,1.0739703705570176,0.6962057877813504
LW,-0.005722550146073813,-0.0026271293588462363,0.015830343708307604,-0.024774632475053626,0.07148881724574285,0.8828505375591094,0.2366344020836488,0.028573280417655878,-0.2490597120786575,1.353754444540739,0.6961414790996784
FETH,-0.020039737939675284,0.3593960555858329,-0.05057106481688711,0.05044063724970904,0.10837490217950241,0.22701910642579884,0.07546217852125893,0.02955664945203238,-0.4282910023800012,1.1360361440981406,0.6956270096463022
KR,0.047339670289629154,-0.00035708515323684686,-0.2384995542103211,0.05383803311129132,-0.023550187522688004,0.8112800831454947,0.9643740580084088,0.019798528331053385,-0.17821802657911012,1.1695814870657968,0.6953054662379421
VFLO,-0.040953515646339755,0.06834789606526903,0.19069333549838063,-0.0024482679093400517,0.17810839684455848,0.5760344109462788,-0.2317088905229471,0.008901638993657012,-0.05294452165032504,1.1539355673823888,0.6953054662379421
CCL,0.13577379413030277,-0.05242138752848058,-0.205028731021489,0.0430750662333379,-0.03549175889858247,0.9217118835808308,1.3567354005479995,0.03461429226851398,-0.21664894396452195,1.2665574006267248,0.69524115755627
ACHC,-0.0034587841646087636,-0.08358966309477311,-0.022732573661655042,0.011460894994242299,0.1942147549135529,0.9713108250609922,0.1651873573178872,0.023005153675473202,-0.177197451983664,0.777756749158411,0.694983922829582
IXJ,-0.007006516191542245,-0.0015872068858726607,-0.0508600611169725,0.0009664744338495623,0.05636020601242264,0.7369220440204327,0.49688458535132685,0.007996929975863827,-0.03930969456229616,1.0523545208471379,0.694983922829582
PDBC,-0.051899213767054087,0.11858155140747129,0.003889860152856972,0.04290174723406848,0.1581311828917491,0.5246529476083553,-0.36022359735201154,0.01054120456142312,-0.02388560311453891,0.8863680377473513,0.694983922829582
HUBS,-0.007813120855643119,0.008286441916473208,0.03680472085557929,-0.006277645064957982,-0.05637655278770248,0.5844352288357089,0.09389395942354717,0.042767880228110886,-0.5377694067348837,1.0165256594146066,0.694983922829582
TEL,0.024553791435117933,0.05123226360860045,-0.20541872480668433,0.028311658566746223,0.014375793387430225,0.7637272689188014,0.6035155852233295,0.01717693712883987,-0.12356453440028525,0.810364382850118,0.694855305466238
BKE,0.060145273487297146,-0.0011128995227527305,-0.3388783462042073,0.02011911263652144,-0.07246505861535968,1.0,1.1672753245690488,0.010743244482498976,-0.21625622648144127,1.0622464372552716,0.694726688102894
AIG,0.007972988075884091,-0.06723141125298782,-0.13196204977875015,0.019700452078387665,0.01870566018154385,1.0,0.6906222583397188,0.012375675594202634,-0.08888893279556831,1.2469863771227685,0.694726688102894
EWJ,-0.015619991909340492,0.013184299377948294,-0.03570979870840896,0.011940238441707773,0.08069978970935154,0.586895707761763,0.2626270615172301,0.010711740241117427,-0.01459924438881921,1.0185078486341894,0.6945337620578778
TRV,-0.027890454697727662,0.040361221055175145,0.0968319309286152,-7.56083115296402e-05,0.15151695440848623,0.5217580689713788,0.03222844706867367,0.010911904127053555,-0.06913066652358657,0.7495014508982624,0.6943408360128617
UHS,0.0013377134938807878,0.12553690626560798,-0.16395785695545317,0.02481464538665601,-0.005565261164050539,0.6093374798252175,0.377375894275649,0.014473691151827048,-0.2669909959644613,0.9327469796198972,0.6936334405144695
SOLV,-0.02919286856565595,0.0911979863664154,0.18167913749593767,-0.007547407425911978,0.123640130185936,0.4497619008507322,0.014879574715969448,0.010964010794477433,-0.050627435975482915,0.8762351509789625,0.6936334405144694
OUT,0.02760982531196321,-0.12497312096246493,-0.09818799337189277,0.028232751446369164,0.05190456206277405,1.0,1.0694701966925746,0.011526711755559544,-0.10052198838263482,1.039038011095415,0.6932475884244372
ETON,-0.07502288048620731,0.4386262234200282,0.9456132866448792,-0.00437858747607367,0.6716114458678466,0.47624969482421875,-0.14348338641021408,0.0420808015581622,-0.1417041909804524,1.0043781428003236,0.6927974276527331
ETH,-0.0223592958177794,0.36180558845067123,-0.043503736906132184,0.04939090809652513,0.11403559830236687,0.2163741972544219,0.059005379166676586,0.02928324497309461,-0.4191441926583648,1.0505181923166853,0.6927974276527331
TRGP,-0.04485305018199959,-0.007815747054570776,0.04278150683009829,0.01641744468524453,0.15336135487437885,0.7950176019995425,-0.16411441553752887,0.014701056873679997,-0.04812245964510964,1.0128061140656346,0.692733118971061
CGNX,-0.0050790474296456,-0.051218748555988736,0.0353219297999281,0.01665661124889084,0.12312170100946274,0.6421967369997067,0.17814084971506025,0.032326577389475246,-0.1253273972196648,0.9152903837048207,0.6925401929260451
GHC,0.004395538793834586,-0.04744527685304867,-0.08110143135864156,0.01542373401540309,0.04231505697795135,0.8554330816982787,0.5861089521413263,0.010649202545544169,-0.046638406901054585,1.0922746279783389,0.692540192926045
SEIC,-0.04805578408576894,0.04820006965319967,0.21826949471738732,-0.012482142761404802,0.15016509707792824,0.7519999186197917,-0.3316637108591062,0.010001394302639485,-0.060378016927373546,1.1453326906456507,0.6925401929260449
ETHA,-0.020570007143695168,0.3595354681915779,-0.05294650859908523,0.04993687695893434,0.10790333178960188,0.219752977112754,0.0710597805654593,0.029597788099144595,-0.4287310843452312,1.0150847642737395,0.6924115755627009
ACWI,-0.016656050501141495,-0.010039208828403812,-0.03515062539404057,0.0038349766712511,0.06352063549099563,0.7342043150161232,0.40784634807504855,0.007507626835787421,-0.009231905708043775,0.9839388611144669,0.6921543408360129
TETH,-0.021497528706563962,0.35718925551574676,-0.04877483689890738,0.0500198636050222,0.10949654493287042,0.21568588690116194,0.06503599410341653,0.0296023515260633,-0.4254774306322675,1.066874230248005,0.6918971061093248
ICE,-0.022164253638528475,0.09878017332638755,-0.1704182709249603,0.008697508142903931,0.01753817035335703,0.9085532684649567,0.13288961644069203,0.011210490734104465,-0.09655328095053584,0.7518678425998185,0.6918327974276528
TECH,-0.024912428053982527,-0.02555346333787556,0.15658850860367912,0.0023617666679487392,0.16365507563131376,0.6146976326713789,0.5621310266711302,0.0012768115237447475,-0.0018042188733630171,1.0502868605437055,0.6917041800643087
FBT,-0.01914316833956753,0.029164515078672792,0.16239383367388416,0.0017943724965177044,0.15995715334252347,0.37223841488216564,0.18183235920110782,0.013609625985179775,-0.031634509251479814,1.168223566362617,0.6915112540192927
DBX,-0.046567656936503,0.1234622362625526,0.410974488011689,-0.0024558853458698238,0.21716527803045715,0.4407216199218905,-0.13805975321362535,0.02652236724566108,-0.08624803718470497,1.1064086025356417,0.6912540192926044
WAB,-0.005864376321806919,0.059597417309745326,-0.0754660013830517,-0.0074406799422457315,0.09248181320341531,0.6743755340576172,0.2876312792734363,0.013271019197279896,-0.05995487420072043,0.8889455031184385,0.6906752411575562
TRMB,0.022877224918614436,0.10262058030720511,-0.22789905086522122,0.021908773139202253,-0.036783363512190914,0.719009807943908,0.55666039825966,0.015529282230290969,-0.2831537261856597,0.7940811877947221,0.6904180064308683
MUR,-0.03250817669256445,0.07931205278811992,-0.13430917425474265,0.053963156834305304,0.08870403518860948,0.6713144670480857,-0.015274737388093271,0.027308783157451146,-0.0761254618654188,0.9979920243992292,0.6904180064308681
HTHT,-0.0037098625153615394,0.05880655330749307,-0.2720215497226597,0.010226218739224135,-0.03614550983516829,1.0,0.25656501884613436,0.014462880895234032,-0.17597159476831448,0.8522137022126993,0.6902893890675241
ETHW,-0.022502385510130063,0.35716796268289364,-0.051890401876200976,0.0496205881215781,0.1074425151180789,0.21874983701851544,0.05758805795933161,0.02948779194932605,-0.42820345994030473,0.6734104065626465,0.6898392282958199
PAYO,-0.026936617544761843,-0.03602124939273477,0.38760852497288,0.0023708923277858673,0.19000528524513882,0.583331346509946,0.2690364561526285,0.00264861443754018,-0.004874630675333558,0.8230029767502441,0.6897106109324759
VPG,0.1481846617610345,-0.35394060407934314,0.30555741208071807,0.05146972906877845,0.005585693494687183,0.6595909978883657,0.6639595628321578,0.03409927724397274,-0.5147408489509189,0.6605103521881981,0.6891961414790997
YMM,0.018077868605876235,-0.046443284735383505,-0.1101219737505228,-0.011500669541371633,-0.038361399757757764,1.0,0.5599506802434058,0.013764406955663902,-0.34527733072954103,0.8950458521650559,0.6891318327974275
FIX,0.04822268310516775,-0.051124403035965105,-0.07398599932489369,0.03094707727840129,0.08947642298684522,0.5819672131147541,0.513501902528532,0.02719778696456084,-0.16920384811237388,0.7994278027176173,0.6890032154340836
JAVA,-0.026230673514646696,-0.02517153153351126,-0.04033938492332445,-0.003126792020827329,0.059741477578000524,0.9445202447883707,0.15468956875199005,0.005570450752854421,-0.023092101744839222,1.321988932330083,0.6888745980707396
VCYT,0.051160517650808535,-0.251475512357182,0.30994425576105367,0.038641747548945116,0.06799353441352607,0.693226937231518,0.39768778186780246,0.04387997725457593,-0.24847085761190368,1.1207409853103327,0.6884887459807074
FLJP,-0.015444260251691988,0.008802854545869154,-0.04751184460760194,0.010843374693267016,0.07534796618806583,0.5932821480728664,0.2837575609003873,0.010214805264498509,-0.012930058455821514,1.1026127552644247,0.6882958199356912
ASO,-0.04346774461776526,0.10862214234408718,-0.2001356063424493,0.10924206922784108,0.02379853818497346,0.8815981118115724,-0.09174030836751276,0.02631481413917296,-0.12038729324241293,0.9825985587149848,0.6879099678456592
FNDB,-0.027815571068861678,-0.02180539201263132,-0.026255114636050125,-0.0012279136352751907,0.06867144527915414,0.8974358325189502,0.10997048625051982,0.005078908649142622,-0.016522295118492125,0.8393351127749105,0.6872668810289388
GSG,-0.055355755019858566,0.137847157720832,0.011171333258333416,0.047084123580562576,0.17722677217538463,0.4460295377112575,-0.3687974091255724,0.011202390870345733,-0.030419924732894232,1.5171853862770661,0.6865594855305466
TSEM,0.06682703823477643,-0.048324087943513394,-0.030841694711624568,0.003874602882939948,0.14240821813185178,0.5526823854774624,0.3818307671430128,0.04843822225170096,-0.27943824156340924,1.1215365367543777,0.6859163987138265
CCO,-0.011540372954096823,-0.036135277624298245,-0.1290554245378368,0.01800928506285171,0.03298080093266886,0.9444432670707413,0.5033994731195913,0.0070031919447690475,-0.002057660207223977,0.8108558170977677,0.685337620578778
KLAC,0.07754970928052374,-0.15805382872027884,-0.019527440655176864,0.04450911195758511,0.09413806631220512,0.7324817284390949,0.70809056896635,0.02692180650886765,-0.34859002856731724,0.8817333403541617,0.6852090032154341
INOD,0.13656397319157865,-0.13249438758191256,0.589727574561443,0.0044990063118703905,0.004367970832914958,0.4318956340332502,0.8334956695850738,0.04898544589643594,-0.48987654697747873,1.2444751809826347,0.685016077170418
MGRX,0.06903267468692653,0.13347399278676364,0.09273777627353597,-0.05073936447071126,-0.04772939081618022,0.39895834691511867,0.14574633600782083,0.07525037107157506,-0.8455109501563338,0.053990499740290604,0.684630225080386
ETHE,-0.02311589963474292,0.354649710328071,-0.056533642162764464,0.047940273560461044,0.10341721274920546,0.20937742543519236,0.053302632924039944,0.02946802890044984,-0.4331675492419752,1.2440254806564646,0.6842443729903536
ONTO,0.05905821517340826,-0.07924171019277904,-0.012844092009757224,0.01619794929968088,0.13823054638491894,0.5865921422939842,0.3709528168929826,0.039268664355264944,-0.22581587849415974,0.8391080626590827,0.6839871382636655
LFUS,0.0037788115770847064,0.009642302830954907,-0.03144975786414439,-0.00185833010556824,0.09540770576437074,0.524153821467612,0.27781991239107434,0.027280550363841125,-0.12411349291231943,0.7571089125961165,0.6835369774919615
SHAK,0.05982759190280196,0.039499770998119965,-0.4700799086969678,0.019057091921369507,-0.12084096307705217,0.9967819045196042,0.6303349945314788,0.030532360053754738,-0.35743628737885813,0.9693074432490465,0.6834726688102893
BBJP,-0.016692889675442357,0.01177790160787584,-0.05500329856892616,0.010715953218148,0.06972944976174955,0.5797107458577281,0.24626913026228336,0.01063183101882252,-0.014496326935491743,0.7107502098357714,0.6833440514469453
LFST,-0.0750632456971766,0.09918482425956854,0.7883627781224853,0.021280801828964302,0.39113683340702354,0.39240500980835974,-0.4054768225779402,0.01863043580442722,-0.07174888116113343,1.1393821150462287,0.682636655948553
MRX,-0.0609512360765202,0.06727933455225288,0.2934824934497955,0.014095138521204476,0.3149160866112579,0.46922044469678625,-0.19624102510806152,0.026395683062877814,-0.08227922688408862,1.0165468722904247,0.6816720257234727
SJM,-0.03771636662542399,0.05522852639975917,0.19701707806357205,-0.013586249676053153,0.11719928196146423,0.544757327682508,-0.09171257874051217,0.013085520534994321,-0.09180893329831286,0.9253592241308642,0.6809003215434082
NWL,-0.06196404180341575,0.07636399635366131,0.3555121738248712,-0.023447420670723584,0.23063543540699238,0.8265304533653042,-0.20477106586356367,0.01841346013944792,-0.10331233344544777,0.7111832049308376,0.6807717041800643
CLOA,-0.02723628833768066,-0.03050612840785205,-0.12703151689658143,0.004010295523939833,0.01846989607877214,1.0,1.7663463391161465,0.0005362279402144242,0.0,1.7095890378818441,0.6805787781350482
CSHI,-0.026313175365511032,-0.03156203439331895,-0.13015453663710774,0.004151011907252755,0.018301848269875576,1.0,3.632816269907168,0.00023658703354461358,0.0,1.0268471223476292,0.6805144694533762
PAAA,-0.02726931378219377,-0.03083103489936545,-0.12711390159590263,0.004236954235127932,0.018599519642140683,1.0,2.657195965306784,0.0003578125409569859,0.0,1.281820599324849,0.6805144694533762
TXNM,-0.018176883940134614,-0.0088876833990581,-0.14809176886802566,0.011233893790185911,0.011895859445300916,0.9368407104165245,0.8012169878365074,0.0036497088102541925,-0.008054875775360237,1.38465605385559,0.6792926045016078
TGTX,-0.037669345838249435,-0.04272279763949083,0.47803730370965525,0.02628134612747135,0.31294010467228595,0.4729733299911785,-0.056893269429804355,0.023048647919820513,-0.06891296309154527,0.9380073244100328,0.6792926045016077
BIO,-0.0356003927715316,0.1904185281843076,0.1614352207360088,-0.009057713639121223,0.18570497985653822,0.3528307272003536,-0.06020918320418511,0.022100862515958476,-0.060178281638454845,0.9860658176487358,0.6792926045016077
COST,0.017613919527989408,-0.01988199034278204,-0.20218041411844234,0.015402992459715659,-0.016447845595733868,0.9599486304263337,0.9329869740407233,0.01063735662456512,-0.1343906148067151,1.138073542378326,0.6791639871382638
JAAA,-0.027339372921717287,-0.03094706191771812,-0.1273864224888519,0.003933344355134372,0.018141919393369843,1.0,2.671635155229389,0.000197913837583409,0.0,1.2355646123381732,0.6789067524115755
FLOT,-0.02681110073830073,-0.032639109323444604,-0.12983883544012076,0.00417581489513541,0.016980887852029225,1.0,2.1268118189050402,0.00040770985745913903,0.0,1.1730648183004018,0.6789067524115755
FLRN,-0.026672714537948172,-0.03280003126768416,-0.1298988286943672,0.00410033342905769,0.016748515750066195,1.0,2.1615319754124354,0.0003523635657747412,0.0,1.3037955806643526,0.6785852090032154
JOE,0.0008510368403922275,0.046376378272793506,-0.1693718901848804,-0.0031570786565243703,0.01002682046263148,0.8691992834160388,0.4774377336738946,0.010826257275266045,-0.08817974596982214,1.2352613347407968,0.6783279742765274
CHKP,0.01571724996666002,-0.025868846037601312,-0.14253729414626015,0.03392763132394139,-0.052844799145652654,0.6749825081561586,0.40335267933004776,0.02334971635132651,-0.3319878464218815,0.9842533666674838,0.6782636655948553
OMDA,-0.030680386055980335,-0.12767840161661836,0.7316116887816762,-0.0155126828213622,0.23253271764664407,1.0,-0.0012600882629089272,0.029670281989283953,-0.1973487569792185,1.023045384293549,0.6781993569131833
KLIC,0.08179522951677654,-0.17577265876296322,0.04119857776958047,0.0435322364454962,0.09641830809447938,0.606681512944636,0.6410161504019922,0.0324634519524361,-0.3103443978710777,0.9262834486565754,0.6781993569131832
RCL,0.05837480120935523,-0.06520675478148241,-0.12865354357673509,0.009224101503845228,-0.012642101116401294,0.855848267926404,0.8306360154607938,0.03032894790437848,-0.181138363191098,1.3774875746139104,0.677684887459807
USFR,-0.02681192336335214,-0.03253353871232001,-0.13232492585430244,0.00393521287962284,0.0155508033489129,1.0,3.730367864571054,0.00021658206175907845,0.0,1.1946403273752484,0.6774276527331189
VT,-0.01899333618140875,-0.013247647918940508,-0.04228056672949121,0.0016575671964245142,0.059294936837362755,0.6917318165925957,0.34116355159162837,0.007124313147902477,-0.012587705084822431,1.1408569245372533,0.6773633440514469
TFLO,-0.02668476482601223,-0.03256452548966382,-0.1326924760363224,0.00400960171673348,0.015462137232510997,1.0,4.6372763989475105,0.00020882418200786603,0.0,1.3247480099757862,0.6772990353697749
COHR,0.03309879031978702,-0.028012780912181956,-0.13827850474114212,0.025389359614941043,0.06548800207630512,0.6303923883555838,0.2177126418067922,0.056084926901339115,-0.269601121849267,1.0738631342477343,0.6766559485530547
BOXX,-0.026934929141923636,-0.032563704824091655,-0.13300328010929396,0.003862208048528437,0.015319750734209103,1.0,3.541955096589115,0.00025015936109509465,0.0,1.2156514809240544,0.6763987138263665
IBDR,-0.027219666224342465,-0.032519371864467184,-0.13278170836740144,0.003845160843885864,0.015187473240972027,1.0,2.140191880221692,0.00018964171149456923,0.0,1.3619774150809723,0.6758842443729904
CART,-0.021768784968241972,-0.0554081133582639,0.061750572848521035,0.002980560051075054,0.11830378705120581,0.7193254773198127,0.0710228927511317,0.0217312565320223,-0.07976047413638143,1.0037795158915896,0.6754983922829582
GEV,0.05458206003595922,-0.08084960665695962,-0.14049788454856738,0.03489872566376029,0.08271772368512909,0.8268695455616026,0.6161160279609751,0.02762078209516958,-0.1467323909213334,0.9744424781561495,0.6751768488745981
AIN,0.008116365098681744,-0.17249496458064917,-0.05467892392085072,0.021870143439356005,0.026266894191879553,1.0,0.2822849575356272,0.01654115394182165,-0.18041885939762015,0.8893178181954806,0.675048231511254
VBIL,-0.027029637181639865,-0.033245016804567484,-0.13393130046534485,0.0037812007327933106,0.014675495512795012,1.0,4.972043471001737,0.00019346796933271125,0.0,1.2675843515920313,0.6744051446945338
KVYO,0.04208778941449509,-0.05152308311197007,-0.09738417808425726,-0.010195605693657961,-0.08212833726092261,0.8836204770345328,0.3453810547158549,0.03535278369349751,-0.47985567919105476,1.0265629654896302,0.6744051446945336
CLIP,-0.027158418906871207,-0.03317644132942288,-0.13376027502352983,0.0037690207580378665,0.014633857642698755,1.0,5.7399145210333815,0.00013418466122342736,0.0,0.9898686262799208,0.6743408360128618
NOMD,-0.02864448518192031,-0.06025813255826562,0.012077882943767104,-0.015886732399179704,0.03134375809389223,1.0,0.0198647725706255,0.015910263077385915,-0.1196018011705311,0.882659912164204,0.6742765273311898
GEO,-0.039689390721573736,-0.0142508099565537,0.6212688239155155,-0.005011737916518877,0.33147182050138313,0.5192308397688,-0.0890313848538886,0.029516826104394402,-0.05126641079364913,1.2959139025323279,0.6737620578778135
SGOV,-0.02724967401370315,-0.03321697484229569,-0.13391254361305727,0.0037221457720286732,0.014579822374241713,1.0,6.141482504608345,0.00013943577126109054,0.0,1.0499354182267158,0.6735048231511254
TTAN,0.27333723774929863,-0.13352291113484538,0.16850104917381614,-0.06034868762853984,-0.016237282225260885,1.0,1.1998110626088998,0.042689622585550514,-0.33800196589534004,1.2755654422295597,0.6734405144694534
BIL,-0.027162895991738045,-0.03332544644040625,-0.1341795958501244,0.003694246724401662,0.014361005461841048,1.0,6.053345024994921,0.00015078508820347042,0.0,1.1839583591009069,0.6731832797427652
NUE,-0.04372778118430709,0.03947557355920184,0.20539191577024885,-0.012841620086026073,0.16495544153966302,0.576044674913417,-0.12809776487294836,0.023422127894234885,-0.08252332976185395,0.9555840818242392,0.6731189710610932
RWL,-0.027491484334132954,-0.02559326901117709,-0.02576376093171917,-0.0008616938901123694,0.06753502995533611,0.7974718842986206,0.11156553246275236,0.00565911977883655,-0.020689506638918442,1.1161055599903207,0.6730546623794212
MATX,-0.041325584949482574,0.05892150088606107,0.16945962779417423,0.016147022030638114,0.221184074906837,0.3095987889547653,-0.1235080079859294,0.018697750537960908,-0.05486174041001757,1.0591968845657858,0.6729260450160772
BILZ,-0.027266817526378606,-0.03328956234206926,-0.13404122007261488,0.00369198336371257,0.014401811061507175,1.0,6.2735642122358355,0.00010639086617340668,0.0,0.9955391381802126,0.6728617363344052
ABNB,-0.04261603492193433,0.08939768924736557,0.1319343831187052,-0.03169600337509626,0.14847414672732717,0.7607975707593115,-0.08746229465410987,0.023591516344972016,-0.13065616477505737,0.9889788144353683,0.6727974276527332
TREX,-0.004571954069965134,-0.06632447907334382,-0.005015082925932113,-0.017259402193022022,0.05864739101454308,0.9723496228375345,0.24511674693841973,0.016514653928628727,-0.15694392639026833,0.8521940263746016,0.6723472668810289
VSH,0.06383147714097825,-0.22337040875474634,0.3789092017333555,0.040061048512232356,0.1045856173226345,0.4661249245977123,0.4127773046856418,0.03962386879730077,-0.47074900969724276,0.8172737625767662,0.6720257234726688
BMNR,-0.03685285380009795,0.6034313099190123,-0.02232802722910554,0.03111130463462719,0.11627842810469646,0.2075631011753754,-0.02732331641685445,0.04340907914316023,-0.5930277003189727,0.9628114881946654,0.6717684887459807
SBIL,-0.027297794908636375,-0.03358511974660039,-0.13428134752671816,0.003485047835575905,0.014165428418515313,1.0,5.196068079456347,0.00013105470396459863,0.0,1.5026020871121373,0.6715112540192925
GWW,-0.012193723295661485,-0.11022810183605902,-0.043239836390207786,0.0020031329528735764,0.07024284359100008,1.0,0.2881570724283534,0.011980017259688612,-0.07474995297933085,1.0112710453193114,0.6713183279742765
HRMY,-0.048209413649785704,0.09354385994554448,0.24510711961795617,0.01090786736705307,0.16427627232360864,0.3189653849442375,-0.15442363017708047,0.014009332865256754,-0.05809616525916261,1.1146665606312314,0.6711897106109326
GBIL,-0.02731170040134634,-0.03349011886558029,-0.13475258483782326,0.003509275383874355,0.013880390843444168,1.0,4.748202515752935,0.00017639630904663612,0.0,1.1126845644004006,0.6711254019292605
SHV,-0.02732049842932005,-0.03340862301618319,-0.13468777673653598,0.0034530584019007993,0.013915835619337402,1.0,5.431396123266119,0.00012556568447295605,0.0,1.3249418556858363,0.6711254019292603
VGUS,-0.02738381940790635,-0.03341089282202425,-0.13458328983505008,0.003485213767504325,0.013950771795849803,1.0,5.472943463235748,0.00013655233143702823,0.0,1.2638146082331643,0.6711254019292603
SPYV,-0.026457977441785685,-0.027816422123115636,-0.06030624357289849,-0.0018994757169776832,0.046646202983093854,0.8702139890775376,0.16459549995070202,0.00494142997061674,-0.01770264506155861,0.9468651091291646,0.6705466237942121
ZGN,0.06327527508401976,-0.07579390735033587,-0.035519393984095204,-0.030960486276255805,0.04927512713799098,0.9911510773151938,0.9351020362395718,0.015729318361366755,-0.16590162183417645,0.9943522890019584,0.6704823151125402
PULS,-0.027799006312062335,-0.03346705242836534,-0.13296729401736251,0.003046186073903945,0.014749155211565501,1.0,2.6283026780882617,0.0002497397665506099,0.0,1.1805244385705744,0.670418006430868
FTGC,-0.04480918388639321,0.05821258177855393,-0.042342731555018887,0.02028556951799043,0.11604154923263632,0.5664956363477758,-0.4066625866570686,0.006441361383770612,-0.0143613169358362,1.1224860036866409,0.6703536977491962
TBLL,-0.027499023620165097,-0.03357501658290962,-0.13454686280097405,0.0033931748062663303,0.01386377448266618,1.0,5.224585570593811,0.0001107851541011949,0.0,1.1926365192342792,0.670225080385852
IVE,-0.02629153970863407,-0.027895215444978083,-0.060703087247615084,-0.002002235224751625,0.04624818807371778,0.8716978928621668,0.1727035588801813,0.005037610009873455,-0.017741763677263878,1.103698753387425,0.67016077170418
BILS,-0.02744388999341929,-0.03358021914396869,-0.13475720702030203,0.0033955962340042056,0.013800664969667364,1.0,5.264296336689248,0.000143999018717483,0.0,1.1403585380282102,0.670096463022508
TBIL,-0.027497667495053557,-0.03368674636842406,-0.1344356314788988,0.003374736143074042,0.014137634903591767,1.0,4.080027122464373,0.0001347932761191065,0.0,1.2375395052018192,0.6700321543408359
VOOV,-0.026535978576773367,-0.028046762191739294,-0.060796702040763595,-0.0019681982455623803,0.046482238926632835,0.8765558570534018,0.16529946789845823,0.004830826164014065,-0.018013705953335957,1.0126000634618957,0.669903536977492
IR,0.051232274242831055,-0.03575717734112582,-0.2258061316867005,0.00648614002257375,-0.03001791331931425,0.9806947759735828,0.9268108432863219,0.016092903112471288,-0.19888514749407116,1.174863799039368,0.6697749196141479
CNQ,-0.046694804274750035,0.11849223928511021,-0.06253461428567597,0.018762685717829353,0.13401917826047982,0.549106994605779,-0.1980804182737029,0.015896506356767197,-0.03918526649194287,0.8578160865972291,0.6697106109324759
OMCL,0.084901008110005,-0.27179371458048596,-0.10662268089297577,0.03714343596751091,-0.09810516211341924,1.0,0.9133762756930315,0.016623369827199776,-0.3000583450493558,0.7473338109476108,0.6696463022508038
SSRM,-0.049641451938032044,0.2322375418329552,-0.07926175366960897,0.027885546326634314,0.195230055941769,0.4981981567105345,-0.10901019361427443,0.029848178503453008,-0.09423615866105584,0.8663069523210166,0.6693890675241156
HLF,0.02166942598426158,-0.05609976930351557,-0.30393650135975947,0.05476276453737561,-0.07910632895766834,1.0,0.3614368592600419,0.015075227231124663,-0.35270537730912466,0.8611017456526788,0.6693890675241156
SGVT,-0.027502950375029256,-0.03369714009436886,-0.1351230495917608,0.0035025509611339434,0.013611804725068843,1.0,6.0254702074782225,0.00010213081556715816,0.0,1.0988795497745936,0.6693247588424438
CHH,0.04327309018043346,-0.07241616644800841,-0.20867517182408057,0.016874519300725366,-0.005930828602286664,1.0,0.8848868032790937,0.014346188263360333,-0.1337828325918129,1.0556641247004956,0.6691961414790997
HELP,-0.10132012836783588,0.7382378227713322,1.1331785584678453,-0.004929457568456863,0.5885116227104248,0.4045583999139248,-0.267783562132759,0.05345749961694359,-0.14907275922594843,0.9550089393625123,0.6688745980707396
XHLF,-0.027453632099670777,-0.03373798316501553,-0.13529616225407182,0.003239217139852313,0.013369058216736729,1.0,3.2329952829998017,0.00022019538491981574,0.0,0.9997417759537669,0.6688102893890674
REXR,-0.018679982583818866,0.03491877667315357,-0.03572223590902568,0.0040468396161865705,0.0364773375817522,0.41380715598487816,0.1407472375757348,0.012068042173996735,-0.12221726989752313,1.109784842776065,0.6684887459807074
MINT,-0.028322796949258766,-0.03358880070418602,-0.13250873527251184,0.002661044652474187,0.014847559461637738,1.0,2.0196349807739415,0.00030994627238698,0.0,1.4364272219566347,0.6684244372990353
IONQ,0.055545598154127074,-0.013346985896049324,0.23738691453226024,-0.03210730628486724,-0.07545421155912235,0.3666666077978775,0.40624776734808676,0.0340752991469603,-0.5126324618716136,1.1083954379283367,0.6681672025723473
SMMT,-0.01427141880171745,0.08672563991954552,-0.2740212515750413,0.11768167379215444,0.05626480319042826,0.6105441327306804,0.07928216630473592,0.03396536081757651,-0.34514783289976936,1.2798678614307717,0.6680385852090033
NPO,0.0372242487395984,-0.07887062629785646,-0.02148673394682299,0.005430777578060653,0.07711557464668473,0.6120198720878529,0.5964062622533733,0.02477783009889556,-0.1896902832264339,0.9653644250648223,0.6678456591639872
SMA,-0.001914026285205983,-0.03978183759793641,-0.09989415948648328,-0.0005686449731974186,0.03476948851469275,0.8541787577112279,0.421358758419012,0.013484177221819013,-0.0907879049753606,1.0937924050071803,0.667588424437299
CGDV,-0.021802642410693185,-0.031658153119660914,-0.040155493916149476,-0.006422155274367847,0.055898917850173646,0.8149602160259279,0.28241461505724824,0.0067203970707266705,-0.03606142285690428,0.9442521542352595,0.667459807073955
UYLD,-0.02815854483813207,-0.03410557403955372,-0.13377758667804818,0.0028133527911244904,0.013865393904760603,1.0,1.1481455342427882,0.0005965427371992703,0.0,2.1678809519986766,0.667395498392283
WDAY,-0.023100086750330373,0.24465667925089574,0.5050711013257192,-0.014502602613711058,0.19151235182295734,0.14580571361231917,0.04036626013120508,0.0225591305541972,-0.24105508064512626,0.6050156464280391,0.6672025723472668
MSGS,-0.00897426581238392,-0.005012382135720195,0.05754233771864414,0.005851329465644817,0.14676111534466085,0.3146947317178997,0.32524044041636957,0.013719204093175575,-0.037973765906849755,1.249341811439579,0.6665594855305466
CCEP,-0.014798560444592157,-0.05660459156449327,-0.06834374169673119,-0.005628038170040539,0.06016694273701573,0.9638553293970935,0.2401303191150648,0.013721305296959236,-0.06463164694185985,1.031053579798155,0.6665594855305466
CPA,0.01334495344247788,-0.09834233140017967,0.0026403826553380583,0.01219470225425412,0.03350478972466764,0.6717134167359189,0.46906103027754614,0.020638886070614367,-0.1348963536248564,1.1776479701106817,0.6664951768488747
XMHQ,-0.02455051098585881,-0.024681395641029447,-0.06630460067106969,-0.013281360962664857,0.04223355316638777,0.9199979654957772,0.17255120649379027,0.007338150217758011,-0.043189194525097285,1.0887763601004539,0.6654019292604503
DCO,-0.0029858808631326728,0.007977076913541659,0.07446819721146936,-0.04188418960430185,0.15560918191453177,0.6639114906114305,0.2188437283939402,0.024157080046544176,-0.1703063133038316,0.9333679979767042,0.6654019292604503
GH,0.02061165125051212,0.012880612725911567,0.9743280895390156,-0.004192967596483577,0.32925420233913116,0.07340702073250628,0.3738691859044534,0.0341749688003089,-0.10720012388291433,0.9974889578451953,0.6653376205787781
CTSH,-0.010729047816527393,0.3122309437577335,-0.11219823339424928,-0.0019254587109004406,-0.004410357464499248,0.370068270120067,0.14574586577786697,0.029149790372309373,-0.3016488209691023,0.9360462872476725,0.6652733118971061
WMB,-0.02429253523889008,-0.05836484671229247,-0.13756220578551281,0.01198395173971889,0.030179408007626085,1.0,0.08255094103206555,0.011866233988475965,-0.07041209990144637,1.0398083903598636,0.6642443729903537
ICSH,-0.028198262838037058,-0.034575102277215164,-0.1358441555345924,0.0025853215685927022,0.012586454196757302,1.0,1.7226864682766332,0.0002965138671012988,0.0,1.0855937954245911,0.6642443729903537
FTSM,-0.028218552579016398,-0.03458511685423704,-0.13571108757851902,0.0025787566627060166,0.01269986848077731,1.0,1.6443993487684485,0.0003841402459728748,0.0,1.251109408366856,0.6641157556270096
BTG,-0.048171796924886934,0.35554447094963537,-0.07508234953499904,0.014271727747313667,0.10565717626996007,0.4568963816276263,-0.09725247557478585,0.027287926885688974,-0.14155219794103235,0.8165365578073426,0.6634726688102893
VUSB,-0.02819748220848073,-0.03487162536592758,-0.1353904534285859,0.002187782209142064,0.012203185357155144,1.0,1.2235201023391324,0.00047410047026690005,0.0,1.0783577664044182,0.6634083601286174
JBS,-0.006279855227768527,0.05297969311728323,-0.39021756732319113,0.0068159866906987165,-0.05275160950388724,1.0,0.21518788778487766,0.025674053408291146,-0.2420924616389154,1.02785172037524,0.6632797427652732
VNLA,-0.028449798963464223,-0.034938931315758426,-0.13494079082012678,0.0021151532801777506,0.01235752378695154,1.0,1.0306563789925243,0.0004994195263404154,0.0,1.232604580776794,0.6629581993569131
SLAB,-0.017944989608665196,-0.028005005468400457,-0.10174616422525706,0.009167967692951917,0.08344435218079993,0.7414765461426088,1.1429620562470653,0.0024941546014042608,-0.004084396991224315,1.0274832495956798,0.6628938906752412
MSCI,-0.00043965685229219176,-0.1297144110445806,-0.09333371202755902,0.009510160610304519,-0.00976952476631332,1.0,0.3387236197620543,0.012831034039553236,-0.12080875135656555,0.9134706493727158,0.6627652733118972
GSY,-0.028643739262829815,-0.03539186572855768,-0.13480054555044108,0.002197351910568246,0.012868279175618724,1.0,1.1573320231385604,0.00040910138747002583,0.0,1.5118558529605246,0.662443729903537
JPST,-0.028328669587625033,-0.03522443719875468,-0.13599518404261013,0.0021120021383957965,0.011956123785052508,1.0,1.438040314869227,0.0003615319770914684,0.0,1.242213152206929,0.6623151125401929
KOPN,-0.021358959410588296,0.17799884651483477,0.5131137449056613,-0.03756363330845969,0.19372157609642637,0.291013128112268,0.031757695830786616,0.041736115612851316,-0.306744872937073,0.8882717610631206,0.6621864951768489
AIA,-0.024063824440913706,0.009680321757790766,0.07927952186641951,0.003213446806359155,0.11628081404381319,0.321249223998574,0.07879837443935897,0.016827886896261534,-0.06572547937360618,0.7096049415513744,0.6621864951768488
EME,0.02487526914373639,-0.009364279430099876,-0.16709041189208618,0.015495561004354341,0.01675912417936498,0.634788625908223,0.3614129611894186,0.023403385804212307,-0.16276777053446922,0.9273728352287055,0.6621864951768488
PACS,-0.05463959763921489,-0.03091951657258507,0.14447851777537202,0.0023934601061377236,0.11750529265093035,0.7769887087143063,-0.24905954205724554,0.02145881200247795,-0.09669765324079593,1.0024465448126423,0.6619935691318328
VFMO,-0.01226115698444774,-0.04680001192326566,-0.059899664342577985,0.002951257589250078,0.05074195172717255,0.7487119136686645,0.2917004803804066,0.008486473780893657,-0.07534395891574286,0.8480169173845064,0.6618006430868167
CAMT,0.028824251259202516,0.07476313020255465,-0.2767679968909832,0.025972978911811273,-0.02629728116159802,0.6047847854084146,0.30000118977718465,0.039049334277884463,-0.2634724857475663,0.8670686569798769,0.6617363344051446
OXY,-0.04524510013490546,0.06202838300778901,-0.10325268970491108,0.02863212895514744,0.11401337068081263,0.6194640218104602,-0.15900805738350382,0.02417257090731456,-0.08195823111388545,1.131383893177274,0.6613504823151126
TAC,0.042212170244306346,-0.10048236918261577,-0.21172143759529882,0.06564359637586215,0.018426842756338768,0.9660491919375661,0.744564702846976,0.022520280760618426,-0.2545822614274956,0.9280873864535775,0.6610932475884244
WH,0.05557758785486233,-0.07690951326515283,-0.2776397032991643,0.028969365702149252,-0.041859210484676335,1.0,1.2205914357193728,0.012811405086967311,-0.16662321150979875,0.9639438132984153,0.6609003215434084
VLUE,-0.0332878764902661,-0.008612358560867284,0.1690586839920103,-0.0017686019951068666,0.1490697369830385,0.4459226498015848,-0.05744820790771267,0.008341387357996463,-0.025256806201753967,0.9878521114694157,0.6606430868167202
BIP,-0.00985478519034122,-0.04211312491901986,-0.11131672019755001,-0.0029195828743974195,0.015591344247709804,0.906975948414177,0.2739775208140351,0.016270975702326586,-0.11733320796137314,0.9643530178790279,0.6594212218649518
EZPW,-0.044614879019426956,-0.0625613050562085,-0.03654252116966816,0.034322255368812726,0.11051549342074285,0.8858263666270929,-0.09928589729797596,0.023098888467733465,-0.10059010440308669,0.7707973834786079,0.6592926045016078
SCHL,0.08026942050661678,-0.19280094412894455,-0.15087247617733435,0.029977954109694505,0.02785054651415453,1.0,0.9527253532299356,0.02369964791073137,-0.16713129581004915,1.3540097820424641,0.6592926045016076
BTE,-0.07502777256012039,0.10142149103911113,0.020548310874358267,0.03127744536203614,0.1352253229289111,0.47142895095186876,-0.40682091993145847,0.020979593609086578,-0.09173320244229677,1.115349120974586,0.6589710610932475
BSCQ,-0.02717515559394612,-0.03259490240838647,-0.13284107492151231,0.003721383960314073,0.015054620171004895,0.9639281691903391,2.158640908582905,0.0003817003333958601,-0.00011251844282667012,0.8873147908986311,0.6589710610932475
TNET,-0.04323920053610819,0.09320509284861145,0.7463329643965708,-0.028716789032703915,0.24759963900087878,0.42072812364885437,-0.10296198081970236,0.021396221787232297,-0.08799929842348486,0.8470721271139093,0.6589067524115756
DFEM,-0.0253157193999487,-3.854392661706285e-05,-0.051159143044364086,0.007367116355792458,0.06249938204458694,0.5189765688850464,0.08884153062935914,0.012014108254177648,-0.04323142140209868,0.8802871275604854,0.6583922829581994
IUSV,-0.02740025028224191,-0.030435925345680293,-0.06362659178054986,-0.0033052420721565445,0.04437016867505994,0.8404936937598515,0.1243117585149994,0.005060096830053993,-0.019877231672729256,1.092118488802974,0.6582636655948553
TGT,-0.03975883457415508,0.11119248695609141,0.13523477085112234,-0.014877731443321607,0.19802917915730367,0.3771042906121666,-0.11519761533855724,0.015477968876701428,-0.09188298702944542,0.9395991668835413,0.6580064308681672
BXSL,-0.01376252033538794,0.0130445298278965,-0.051479902344870876,0.0053827307205165376,0.04380867903921826,0.3887601113813194,0.3145390955701616,0.010666106258467752,-0.04616663785994757,1.0152915830755391,0.6578778135048231
GEF,-0.03893395152172008,0.11977944908425986,0.04173961746406363,-0.02258595953859832,0.13327336934698675,0.544000244140625,-0.1234902994351207,0.011101747469948447,-0.07978007597663805,1.2272482671587912,0.6578135048231512
GGG,0.005816411174361491,0.026872192637069636,-0.24706162614302862,-0.00468171516642002,-0.032299081347900827,0.9372619437860983,0.582240644736214,0.00960258899462596,-0.1636297923446013,0.8256060827193911,0.6572347266881029
GSL,-0.04955201119938579,0.06822617174235801,0.04882412953435877,0.011586408430044548,0.1407086043658019,0.39166584544763855,-0.27618235116333245,0.012341406927252009,-0.0372845538802129,0.9417525386204073,0.6571704180064308
ROKU,-0.0367416721116951,0.033585617022079184,0.3423214983692575,-0.006141640768978607,0.23173579170452951,0.3053309602926531,-0.15803414703790236,0.00656375253344427,-0.041374567085809,0.7474989708966261,0.6571061093247589
VFC,0.167650391581182,-0.14033636810715056,-0.312594797396736,0.08579300955224944,-0.10526084516405254,1.0,1.3658588154023157,0.019560227526566998,-0.28969202200877076,1.1134540439187135,0.6568488745980707
ESS,-0.01208583603745983,-0.11337960186667728,-0.03740277890985477,-0.010132830000619042,0.03743868035709519,1.0,0.34152991694214935,0.00899987893674482,-0.07366701751313198,1.1087079087335854,0.6567202572347266
BHP,-0.03966366911699071,0.04444997240145265,-0.0009319909866329912,-0.015643124865688862,0.10662104351337098,0.6517607555783449,-0.10050157552172644,0.015210522376091848,-0.10392470065129533,1.034048269454481,0.6559485530546623
RDDT,0.0016109144562337363,-0.2444694104840881,-0.004906502982565675,0.04069165781148243,-0.03798404422648938,0.8966902052972632,0.14629065735014268,0.027087313196948758,-0.3808364737222112,0.7933568179870216,0.6558842443729904
FLTR,-0.027546893849188736,-0.03312117127825598,-0.12720044939416852,0.0037652855211436353,0.01779559649397844,0.9274126571064725,1.5041597628562828,0.00024291851435006003,-0.0001958131533266183,1.242240878178062,0.6551125401929261
LRN,0.019275929286432403,-0.11321341663548756,-0.20447370174678758,0.04520161097419595,0.0061836168398883284,1.0,0.36164068169758096,0.01976352661200268,-0.4431055775431332,0.8072472564043578,0.6550482315112541
VNT,0.009539275835720451,0.06653779353637423,-0.2724017593229787,0.0006973658486977286,-0.04426207357111356,0.8290146223450304,0.5120539055798619,0.013344151412107477,-0.24537638910213944,0.9612622822218359,0.6546623794212219
PPH,-0.018680785654513032,-0.02296539667782005,-0.0781303162260758,-0.007845448337832295,0.04120502448778485,0.7470398004113779,0.21081031992979166,0.00839285019991109,-0.05922058102495997,1.218567167785204,0.6536334405144695
HWKN,0.03992640889309218,-0.060321978702260415,-0.26352797719871224,0.04030296352304652,-0.08739369500336658,0.904354420681055,0.7410465998678886,0.01764271800214934,-0.2454174195163551,1.0380779092952657,0.6527974276527331
CB,-0.016335668560735428,-0.07418709640987853,-0.10160501126854116,0.0070282910072865246,0.04121895713699364,0.926336194047672,0.23708741404464198,0.01014279177859404,-0.05515981330651687,0.9270577457916225,0.652411575562701
DJCO,-0.038939452401140495,0.06200693303481919,0.06241530103821602,0.0247880167417196,0.14369724282457863,0.21580155404409443,-0.10096168781203524,0.015447829654327202,-0.06610819694742553,0.9885266888628084,0.6515755627009646
MOAT,-0.024996043523874523,-0.01961280674170718,-0.03786238678614806,-0.015244229704516443,0.03785779987961879,0.7363418404423238,0.13498735041216806,0.007294032419572247,-0.05497656648089044,0.7458673274378879,0.6511254019292605
AXTI,0.030525856092739057,0.31802513270411414,-0.0826923027827231,-0.0414356666258725,0.10828251872509553,0.3913849450664305,0.13713344584207948,0.06817594112177866,-0.5125683749872012,0.8527853101568093,0.6511254019292605
VBK,-0.008678724317336295,-0.05336347498177585,-0.05733271468614398,-0.009426917832314419,0.03359343187391506,0.7984066720607457,0.4546682335380925,0.008074327659001814,-0.05707313391322044,1.067875755159499,0.6508681672025723
CGGE,-0.018467470794679475,-0.024206514809579582,-0.06562233727192823,-0.004291865694710406,0.04499558566238182,0.6588804038589061,0.350917608809171,0.007471037470367426,-0.02597947567894776,0.9189025552904492,0.6504823151125402
DEO,-0.022743071048136887,0.011883117354414718,-0.01794213799969846,-0.028028771397482832,0.022901785405544217,0.6814058858842234,0.09671943313498776,0.012384916007231905,-0.13987575264729946,0.8794767458314269,0.6503536977491962
PGR,-0.021473326732270648,-0.11208709406911055,-0.02813370329996867,0.01816702484148136,0.046838416981637154,0.8338669308333214,0.09838356784004855,0.014067516350133988,-0.06972780567660286,1.1293047273056362,0.6500964630225081
IYK,-0.023306762420152394,-0.04526520048763227,-0.099703993621437,0.0015229612146456795,0.02649101158606415,0.8681087311676028,0.17005860106348444,0.008119931767444523,-0.039921597660840136,1.8280088583350338,0.6497106109324758
VDC,-0.01482499768721901,-0.049638495588246734,-0.1420831569163199,-0.0003488575551816586,0.0038647247486391922,0.9809845873258216,0.36350909593404007,0.008172463139982196,-0.057764150618652366,1.2495321898017862,0.6497106109324758
JJSF,-0.028589598111419035,0.03745028554632679,-0.13915220185402655,-0.01477391810724682,0.014440614082160463,0.8894308721202144,0.019448912020192586,0.012961089178529369,-0.14273097379159871,0.9787764301324637,0.6493890675241158
NWSA,-0.0360638987031735,0.014737828045173096,0.04517656905781431,-0.005981257750025004,0.10148755283207622,0.4487704629700562,-0.07391481245612314,0.016146339894296865,-0.060169882814788966,1.1341210337959917,0.6493890675241157
SPNT,-0.006227828452808559,-0.051493503620815395,-0.05940189623794856,0.03077028066455667,0.09887451162815508,0.45161361773761266,0.32022789691442327,0.012191761578279793,-0.05169132385439279,1.418230708079935,0.6488745980707395
MELI,-0.04349449027427066,-0.03482437385218384,-0.0917140321234029,0.010297749867734352,0.02513991972749552,0.9122815379997197,-0.11641746112233399,0.027213074874753367,-0.20306596717386405,1.3604649134619178,0.6487459807073954
TTC,0.012381382096042559,-0.006567806066707593,-0.14970752003584464,-4.3548472504317814e-05,0.032786399932870136,0.6347361724235888,0.5676748004368912,0.010323664734751594,-0.041572606572525705,1.1297586311867316,0.6485530546623794
WMT,0.02062556277642935,-0.07184135633621402,-0.2718596188987117,0.02498722846535717,-0.056199722046355705,1.0,0.6378965424296379,0.014471534310599847,-0.16992512815813587,0.9331170066061887,0.6482958199356913
TS,-0.021487885351177516,-0.01406919216651037,-0.17443619337995386,0.03653408643492706,0.059199796126132576,0.6979475585377067,0.10992819501276416,0.019107101286213193,-0.10293653051299156,0.9254825889729718,0.647717041800643
TBUX,-0.028835994763010353,-0.03445627269703877,-0.13346192799655077,0.0021951413986043278,0.013757300957883523,0.9530796091434608,0.83847536746911,0.0005247429445237145,-0.00012273039907639838,1.2129743993053794,0.6470739549839228
CL,-0.023166872882997014,-0.0870155866299922,-0.08988367231273031,-0.007076278633856625,0.005236355516877955,1.0,0.13476980547511136,0.010219551217937627,-0.09621749939216262,1.1401001524985084,0.6466237942122186
IJK,-0.013196097233821646,-0.0462814168996557,-0.08355364244697694,-0.007097789038261859,0.03321578313659468,0.795919439784197,0.4124972313311882,0.007935882675981408,-0.055854329633251654,1.7234846915213895,0.6464308681672026
CR,0.014532614807878375,-0.08489071012184823,-0.05409593037935112,-0.006911131627084344,0.0470874420306584,0.7743639478873695,0.5508740179415166,0.012688518554183759,-0.08730974083861276,0.9079455964713491,0.6461736334405145
TALO,-0.06722098120921605,0.14492117550471906,0.010504537600600994,0.022507908577619862,0.16600271800972521,0.3593751729599244,-0.29369054397619215,0.022799715679313517,-0.07828693245582119,1.1879574711212655,0.6461093247588424
FLIA,-0.027089956862546227,-0.046934706467574916,-0.15091198620291624,-0.001626924705296462,-0.0023697618835410994,1.0,0.34682095555658543,0.002223727006287667,-0.013412794619359292,2.6085590966575127,0.6455305466237942
VRIG,-0.02840949448005503,-0.03378732851757538,-0.13142961496887806,0.0026922057245102327,0.015115837638626006,0.9106436656211646,1.3466559603226274,0.000303618471061542,-0.00019956730215009433,1.0793700178894705,0.644951768488746
FLDR,-0.02946312478499924,-0.03787524856683544,-0.1380573002060017,0.0011556950548083922,0.010034708832101336,0.9929877537325952,0.3715459919102438,0.0005019059967125672,-0.00045479018375360614,0.903422248793311,0.6444372990353698
VTV,-0.03354662964465016,-0.031824314547724164,-0.04568961341131339,-0.006750408565040278,0.0585720126339806,0.7901889600075985,-0.13154909640239226,0.004819008617926111,-0.025664991827266115,1.061766744765731,0.6443729903536978
RRC,-0.04863843873237206,0.09224830239042214,-0.1899215789017592,0.026069221841877654,0.04308664439753529,0.8247009984323267,-0.20637675460456217,0.023710453354718358,-0.13480228535235383,1.0632637052752845,0.6441157556270097
BCI,-0.05338706066070309,0.07972254777355237,-0.04698799173459456,0.025352962490440056,0.10790670894543752,0.4072164543023439,-0.5382805827561246,0.006368909620223961,-0.022939193710146077,0.8723306505649524,0.6437299035369775
MUSA,-0.010762875111330006,-0.16360623590014334,-0.06280163146118856,0.0029891574191880377,0.0574335820987153,1.0,0.18958156739270096,0.017143493624609908,-0.13815098076557597,0.869428227632641,0.6436655948553055
EMXC,-0.03306832787609282,0.007502761700059146,0.01777541959063389,0.006826794846476636,0.09792364267218123,0.34542308873155736,-0.033767382402640995,0.016110080941805067,-0.07071085482535033,0.9513397208676044,0.6434083601286174
RSP,-0.026335779517254743,-0.04321542835305303,-0.05958213702399218,-0.011504403387650464,0.041287046938908833,0.8448117199199658,0.1430422165720609,0.005632815777083396,-0.03915885704982425,1.0637590771678143,0.6432154340836013
TDIV,-0.027040720247698102,-0.02660497188619848,0.03969833797288058,-0.0025996372849140803,0.0717008133425101,0.45130687388662466,0.06796775423393245,0.00914051498460517,-0.10256969059528687,1.3947188516722802,0.6429581993569131
NEOG,-0.015154804546066325,0.19598270970646858,0.11631525928901132,-0.014790523620712537,0.18151301079840487,0.1173911276746427,0.08628057979269056,0.03676714630350208,-0.14520742485278082,1.7417090761481708,0.6425723472668811
SUN,-0.04891781848780907,0.03058517038763897,0.032625222534214515,-0.00256601051956451,0.1377957919334727,0.5,-0.19870462994443377,0.025572557146845278,-0.06302364434905816,1.2694692923220425,0.6422186495176849
PPLI,0.06198679797697082,-0.14870056389960729,-0.14834543980404513,0.0366085992159344,0.01066044565690949,0.8424542362759437,0.7736791694714434,0.031881994497282885,-0.13880723978609177,1.265405011602113,0.6421221864951768
UL,-0.021442507619759965,-0.022384292489257662,-0.06707528912056815,-0.00866303027158899,0.006987402621058569,0.6528824403367643,0.11906743701647116,0.011892694356483819,-0.1447519325867408,0.7440445399203517,0.6420578778135048
PRIM,0.11749263936809018,-0.059430202825888956,-0.6320053232277973,0.07301083512936812,-0.2888007636624076,0.9070125951373599,0.9393674424405353,0.02447277454486141,-0.5868608688727524,1.0971067747830572,0.6420578778135048
DGRO,-0.030603713595092952,-0.035133843529944864,-0.06394575619566578,-0.0069881668981316425,0.047342931486555884,0.8226830979490262,-0.006212663233831353,0.005236719060325296,-0.02838739144082969,1.1185673045419753,0.6416720257234727
AVLV,-0.03410922072005618,-0.031162998843614398,-0.038591952335604196,-0.005614320221400626,0.06649299078830762,0.7250504038865395,-0.14660483249084527,0.005954088495624994,-0.023500090520262473,0.7873150275989401,0.6408360128617364
STRA,-0.01613213599184249,-0.0764637290897402,-0.1246509928160322,0.013409758189518284,0.0326997106334479,0.8732970296309308,0.1313640372360901,0.017566812058704084,-0.05504941803322039,1.0614009021910356,0.6405787781350483
GTES,0.013055906556138863,-0.023113820689757203,-0.10261537129674969,7.107865764233168e-05,0.04876084224896826,0.4681981620707202,0.3983308150047329,0.018112498587033884,-0.10371981560080779,0.9499994196176549,0.6400643086816721
VOE,-0.03248293717405892,-0.036500597603083884,-0.07115375569459248,-0.0073436083590704415,0.04914043070706198,0.859087230173013,-0.07493048981678811,0.006743132580516688,-0.03575614409600969,1.3229202424663784,0.6398070739549839
RMCF,0.11240920104989116,-0.06122719594547377,-0.6570241053177289,0.05156720258574965,-0.4045744930436762,0.9583333643774257,0.18316479969694408,0.037065550082169246,-0.6426117074989195,0.028626399195229014,0.639742765273312
CHYM,-0.11431679922292104,0.3862802922857873,0.37399987434499327,-0.013562275600589646,0.2696810200913946,0.46205063031378035,-0.4503379304986259,0.03186898618996152,-0.1337192195051935,0.8653819073760681,0.6385852090032154
DGX,-0.022735713147187253,0.08097120318244944,0.06892535696829061,-0.019536961355073434,0.1276666475107302,0.25675783680268793,0.09879257513625717,0.01623678048950421,-0.05870843691700334,1.1169740698757546,0.6384565916398713
DIOD,0.0019544183718069874,-0.017004468643048387,-0.013102488965843317,0.00040381385425836136,0.10777865294009414,0.2839976865972646,0.1573325160393466,0.03203926010877661,-0.22914633751468816,0.9414808187491817,0.6381350482315112
SCHV,-0.0331422669892677,-0.045053688431218375,-0.06353567088877754,-0.008726212546857348,0.044632840982373745,0.8889717264909474,-0.09801248836220852,0.005492308418413791,-0.03512016890694347,0.9646920226555086,0.6381350482315111
UNM,-0.05443786808311479,-0.006811179224724517,0.06254593158530652,0.0035033723913235892,0.11662833350708013,0.5297546609550698,-0.30471856666449243,0.015063588578749674,-0.04683130474023445,1.3040296993632245,0.6379421221864952
SITM,-0.01665007312203226,-0.029032544620945178,0.3003929303738797,-0.024667616435761097,0.13815002784009622,0.3803650893602863,0.05110323912047872,0.04748341080024254,-0.3226915402243814,1.0352425825040472,0.637684887459807
XLP,-0.01969166067554573,-0.049526374323185296,-0.1255964770094553,-0.002412155671507654,0.007498098189333113,0.877510581366015,0.2410450479576166,0.008577056127077433,-0.055188733445703964,1.0427776354488354,0.6364630225080385
PRDO,-0.007914320207912384,-0.11889489169162737,-0.19381928445732843,0.037631349132292824,0.019594060778039157,1.0,0.1831262870024364,0.0190371899742841,-0.10646353559956945,1.041074623228704,0.6363344051446946
FGI,-0.10732731834659082,0.6157298439116807,0.9756941204743335,0.03615557002899261,0.3197369029184438,0.09877897563733552,-0.08632430832720948,0.052338433703861,-0.3336519028609497,0.02309288537198242,0.6360128617363344
SMLF,-0.02619290292296661,-0.05408898871671253,-0.056908661982269404,-0.01688840998962171,0.037676210937210186,0.8948604961246943,0.11051603372399584,0.006830062987769046,-0.05458416654620468,1.147471448663666,0.6356270096463023
IRDM,-0.019722793351777845,-0.06408389377255719,0.24205240004687312,-0.01284485922679024,0.2612028655782983,0.44850542548418737,0.1290857044985686,0.01449535400789093,-0.1469059569747525,1.0621037323664522,0.6353697749196141
MEDS,2.3215700074930634,-0.014867906486510929,-0.6539288699580874,0.29213483371814064,-0.5855086035271946,0.40826127450735644,1.348381530654647,0.6570391900599163,-0.9479999998341436,3.0145902107449993,0.6352411575562701
BMI,0.03546684165643854,-0.08835019672564715,-0.2882414953085085,0.016485195748977777,-0.052518965020421526,1.0,0.5291711712471372,0.020839208064149326,-0.2825519664097159,1.0044394988040999,0.634983922829582
BSBR,-0.037250581419012496,0.07217584420834444,-0.20571958229697385,0.01150064888703417,0.01586179471484228,0.7846156216231681,-0.05899197440644195,0.025527844615073625,-0.1573141345899597,1.0020585227903152,0.634790996784566
HRB,-0.047381960492065556,0.047260992963676474,0.3582044875309611,-0.05665170684922727,0.15554254780388166,0.6872725053267046,-0.11705868740444363,0.019667361457958613,-0.17825978652844854,0.9927042095976684,0.6342765273311898
BSCS,-0.029504306178521844,-0.03788049525506998,-0.14364331121657492,-8.301353999728978e-05,0.005746455847723153,0.9444326707074132,0.23324649269284814,0.0008680340664520712,-0.003485449310303035,1.0043063118321425,0.6340192926045016
GRID,-0.007900882925168773,-0.043262037964921674,-0.12928380184066723,0.001498886838207092,0.02256342095812114,0.7112701835869916,0.3149736568431523,0.01594596349275459,-0.08925228525291407,0.9448045623442888,0.6336334405144695
CLH,-0.03967074796433323,0.004867676586050473,-0.10014957732082896,0.0075009985598790685,0.08571586161551425,0.6073677589394407,-0.14203165297677245,0.009227753106358264,-0.02561740958931258,0.8918647029206784,0.6329260450160772
SBH,-0.013992216819616932,0.05015769625534672,0.014041276023335492,-0.01695540592258682,0.07747266701683064,0.2582777023399754,0.16717389898466156,0.02004914987888968,-0.06519213150979852,1.0629223448633909,0.632604501607717
PBI,-0.03398348677201257,-0.1042658516108681,0.3518069390966345,9.228538928929275e-05,0.1867452288837541,0.6037733133001646,-0.04898024982579853,0.01324485029839816,-0.08116521927663589,1.0892530065719832,0.6321543408360129
BLMN,-0.028141119094344358,-0.012738433839260654,0.31316778364206144,-0.08431859933538244,0.13519828061604233,0.8103445724414394,0.009173167298396229,0.038479128367022726,-0.2666667256844846,1.1986650585275287,0.6315112540192926
MSA,-0.02978589798515041,0.03682692454704184,-0.09279706318081593,-0.023334962371582613,0.028964424433210123,0.7040809441757147,0.009270128460454937,0.011165115735539152,-0.0991277565569445,0.9735236782428938,0.6314469453376206
IBDT,-0.030212897391811877,-0.038707351172703186,-0.14391505189826637,-0.0003132494608477643,0.005532437378053201,0.9344439563410266,0.05727217829108781,0.0009823079362904095,-0.003620370933349548,1.3674604579880973,0.6309967845659165
XLY,-0.019741482122373588,-0.06718966390885994,-0.14788475630475162,-0.011603398649092767,-0.023901835233778423,1.0,0.1966618211437537,0.00890703670288798,-0.08760082383455692,1.0142356921440536,0.6306109324758843
G,-0.027105766428128675,0.09649080737548621,-0.13080793653176426,-0.014256271359766481,-0.036862503176361305,0.5453462043749767,0.029150071141907114,0.023320458991162845,-0.27658703055304334,0.8693272319558691,0.6301607717041801
SHY,-0.030303038954713424,-0.04069740534987987,-0.14933893785997232,-0.0010007519970068879,0.001938661459553348,0.971781650457977,0.03497251772389388,0.0010436698807020101,-0.004932442370605639,1.21253216596158,0.6296463022508039
ATLC,-0.034222521311038756,-0.07964737151681778,0.3149660609730136,-0.022877023424857756,0.18485111163183388,0.7302345495405862,-0.029746773528265845,0.020976718832083442,-0.16801504503758702,0.8302564625287375,0.6289389067524116
KOF,-0.03894544802149302,0.017658098397955735,-0.0823799375157106,-0.005997730509968768,0.05110111003426332,0.5933904880291934,-0.12862181682862667,0.01220441890997859,-0.06176219954201445,0.9754709407770509,0.6289389067524116
EQNR,-0.07788744488657162,0.1608406774266704,-0.02722917098165545,0.018985069511782138,0.21420275015204493,0.36961476746348576,-0.4278422116928481,0.0202983501762053,-0.06076500064036883,1.1634055829249028,0.6288745980707395
ARKQ,-0.006628439633221017,-0.020321146475652307,-0.11718920358475149,-0.002284808133517502,-0.011781444518905837,0.5345458984375,0.2867639952317874,0.014515104640747057,-0.14226119922065805,0.9122491936492827,0.6288745980707395
CACI,-0.05520710472758272,0.2308586876402403,-0.013681485545537608,-0.018801047647003633,0.07988535506937167,0.4829149005902677,-0.15562343562773764,0.019509691054540895,-0.10516412441773249,0.9513646491514592,0.6288102893890676
CGMM,-0.027453816459737768,-0.05737013920455647,-0.10822581073232418,-0.014891902168694404,0.015929753765293597,0.9942538437422582,0.08134782749154854,0.007661584581014829,-0.05619811355760551,1.1737006810761408,0.6287459807073955
IWS,-0.0305926573066877,-0.04232306114601414,-0.05511615943616266,-0.013395929028630738,0.05225037913499975,0.796179051427302,-0.004809726656853046,0.006294049617390994,-0.044591813985930595,0.9628946958255626,0.6286173633440515
MCY,-0.02801240668476268,-0.10701300355734356,-0.02928620264546833,-0.0020744552186447995,0.05788824076623933,0.9035713701832687,0.03693719230227617,0.010878881622430366,-0.07105101897934218,1.122766990608854,0.6285530546623794
KRC,-0.02866565161752077,-0.14625789531932687,0.10252391931414317,-0.02523291145798212,0.01975958437032377,1.0,0.02971504971837521,0.00871144245659013,-0.15782221472868063,1.136261958530355,0.6275884244372989
AVEM,-0.031110718217560063,-0.0015729392284411503,-0.04414119505961156,0.003824259650872852,0.06300127668627975,0.3845935980429122,-0.010884253760772287,0.012709913238059197,-0.054586169135225404,0.9878775028722894,0.6275241157556269
AFG,-0.029918306694549646,-0.04749263490062705,-0.05361783704061218,-0.004227551277608432,0.056775493473369965,0.7062606627047348,0.011243393350332361,0.008092286494436749,-0.034110200843439964,1.200815415799641,0.627459807073955
VGSH,-0.0302994458783179,-0.04049503189684378,-0.1486485780520883,-0.0009139449759849594,0.0023882094759024586,0.9429193583508746,0.036898720230655935,0.0010036088343220598,-0.005049435617371367,1.1451714247614204,0.627395498392283
FUTU,-0.03150506670673359,0.1344959392710834,-0.4065761422788383,0.006899729207814342,-0.12563990084509413,0.9234567746189227,-0.007166599244563495,0.029191278680733696,-0.4211791681962589,0.8663827204833638,0.6271382636655949
RDVY,-0.032090767922958174,-0.04162353644558303,-0.04343459879551337,-0.015679068826557674,0.054617420362298,0.7956144329713528,-0.05292040955894442,0.0064982377175510225,-0.04853747998865232,1.0651213494559388,0.6270096463022508
DFLV,-0.03793528081633357,-0.0173987172229908,-0.030037640103502294,-0.008775318430368162,0.07114169152094751,0.6042280930267094,-0.32121848225520006,0.005192286647975775,-0.02677320938696981,1.0722925964743626,0.6269453376205788
QTWO,-0.05315634871753128,0.07727609435180405,0.13310950772862196,-0.03396208472892315,0.07039536323256379,0.5635035504517213,-0.23214582552975846,0.017311332293222258,-0.2189693899465619,0.8417233488635841,0.6269453376205788
SPTS,-0.03054914079182991,-0.04056610512888481,-0.14861007449152108,-0.0008999722956053446,0.002368077087247844,0.9392015160729186,-0.02479338852141622,0.0010317081931021394,-0.0051782634350412415,1.1894573589050892,0.6265594855305465
UROY,-0.10267004678725411,0.5331124249985006,0.013938990568550524,-0.002007892036799963,0.10304564565973728,0.4338237511245997,-0.3769593942209157,0.033905949312814154,-0.23534795575719736,1.2325688452120644,0.6261093247588423
USO,-0.09874245887671362,0.21040839929859545,0.029948237683295353,0.06045237295002792,0.25996639955666456,0.22763383182023147,-0.4813867734813625,0.02546075688124658,-0.08832629109331114,1.0063634609828418,0.6260450160771704
ATI,-0.056880000150737575,0.01200808844103829,0.04211543813910357,-0.04482147512662904,0.14590474438552037,0.9322398959529394,-0.2147684427889343,0.02450088833468834,-0.16412112126359468,0.9147489331387259,0.6259807073954985
WTS,-0.018670901596275602,-0.018783662007649138,0.02278410641094175,-0.02363478391307372,0.091139328272136,0.4548021624769633,0.17239473667732944,0.012430793944357598,-0.09492773989135539,1.0420292489753098,0.6259163987138263
KWR,-0.017964011733823115,0.021648293504090033,0.09140423483594518,-0.03292917052231248,0.05449413279724302,0.33247919503588785,0.15616316948072517,0.013210858159532607,-0.12460540865908398,0.9761547508587091,0.6256591639871382
RDY,0.03573485004394361,-0.06918285995754003,-0.2076010764284717,0.024258952815293444,-0.05251968343332569,0.7192302528923837,0.8021621783556063,0.01926877241713094,-0.18248117248377216,1.1180273766202034,0.6253376205787782
KYMR,-0.05788375656143441,-0.01165277260633002,0.18565662912879977,-0.007409314874471273,0.21450490759149776,0.48569654072309415,-0.2531318316808281,0.02507855056965689,-0.1061974464090607,1.2202401227486277,0.624951768488746
HG,-0.036751626580481145,-0.055730588543294046,-0.028841428646231293,-0.0035341658243635,0.10939166891263774,0.7387393269972627,-0.0981448190019952,0.011581592229650961,-0.06974245062381768,1.0452688542065023,0.6248231511254019
INDV,0.013742269243316674,-0.14618916484412758,0.02766571807772822,-0.00930895370913487,0.008329520716666261,0.6823303499339598,0.5127359538321734,0.016416901479617486,-0.138536976571212,0.9852508845977266,0.6245016077170419
PNW,-0.007567581230945253,-0.12457996341199029,-0.18129615697736878,0.0158213444452302,0.0068555519881488,1.0,0.5010630715108316,0.011017497567614961,-0.08843043713676002,1.1420016715166295,0.6243086816720256
OGE,-0.023495901007196895,-0.0847375059462353,-0.19532241829191965,0.014670283958087227,0.012228270866724289,1.0,0.14955188305228004,0.009626070394599276,-0.06078295329161876,1.2513273164835574,0.6238585209003216
JHMM,-0.0286690321098233,-0.050756995709389297,-0.09542263042380639,-0.015293164290105632,0.023824335321534384,0.9144366699985721,0.056587734984161454,0.006465569375412521,-0.05352294080566211,1.1617176268629117,0.6237299035369774
TSCO,-0.026271274237652964,0.07842576453308658,-0.3934853915937466,0.0017870836698408166,-0.13574214824723607,0.9379555184295708,0.048455977096024117,0.0182310376225373,-0.38849775767350236,0.9645367744377022,0.6236655948553055
NOG,-0.06300215119810049,0.2078123612158771,-0.1847285092549028,0.03435470326191892,0.0761713322378097,0.6133403072651793,-0.26466362717238806,0.026321586815095097,-0.14173991197970115,0.9144292537365526,0.6236655948553055
PBA,-0.039815038247888124,-0.07786398844890663,-0.06040672864097951,0.00194804499002732,0.060596544058361124,0.9083601956657198,-0.16446803386984352,0.012555359363005536,-0.06779843533061058,1.2287768317378895,0.6235369774919615
COWZ,-0.04048541340154965,0.02623354999102201,-0.029083084643868773,-0.012275999702902163,0.06592924694576219,0.4697363639466504,-0.23479425194654385,0.007515314447581684,-0.05101765217673282,1.0269225592295133,0.6234083601286173
PSNL,-0.048512782913336494,0.02379761905980393,1.5113590406700612,0.014122445150189122,0.4947634219227768,0.061403273948949955,-0.10547079130960321,0.008782279773237528,-0.12758429926156134,0.6324959202460974,0.6232797427652732
HDV,-0.03874821540886142,-0.005019194167644736,-0.06379683492070454,-0.006551414236508291,0.05790826906226565,0.5997643515025212,-0.2511262641841381,0.006655458391636048,-0.03845226561361692,0.7928241835788473,0.6229581993569132
INVA,-0.0006224670432974921,-0.08625836602924342,-0.25853323157308183,0.013415195032699279,-0.025319402110437927,1.0,0.45550364943712535,0.015240864046780392,-0.12396861341339793,1.3015623480776852,0.6227652733118971
FRPT,-0.04134243660563153,0.11035890179280528,-0.15750917943755482,-0.02697481865740392,0.013619615642844973,0.9103360734550237,-0.08238799168482881,0.0170241430787668,-0.24608188205295134,0.8969651200144277,0.622508038585209
GTM,0.002446870304322779,0.23199137704305217,-0.4017842052628947,0.005894405080551168,-0.25009553540460006,0.5491804848496692,0.17202593909074793,0.03604256741104764,-0.6673728907735001,0.9025773550578879,0.6224437299035369
APG,0.05168160354437279,-0.06530616587862592,-0.2414312906291053,0.009695093482641415,-0.034990811056863635,0.7952585976557714,1.0545633383174227,0.013860972514712263,-0.18117409891679592,1.0409473616044314,0.622379421221865
CRM,-0.08553735395713924,0.29868289502651746,0.2432632343798613,0.01973020865541919,0.1523359363395722,0.13511813076454454,-0.3169474037551511,0.02069215401888018,-0.13314948174233554,0.7942193163031663,0.6222508038585209
LNTH,-0.031394188509285104,-0.09070354543976189,0.09224707327366244,-0.0017388555973411046,0.12781329361803473,0.6085236244921134,-0.0163446964521261,0.0021908564268081827,-0.0959528036614491,0.7068977783153356,0.6219935691318328
BCPC,-0.019828053595385642,0.0010004730925097238,-0.18936270511587006,-0.022037238165725337,0.0011209589090694916,0.9519056705318264,0.1888892084117698,0.009187546957281498,-0.08086867024803313,1.243569852140908,0.6215434083601286
SPSB,-0.030972008240033433,-0.039948277281506295,-0.14577993960052993,-0.0012777100679687292,0.004086510880660699,0.8992712695790269,-0.11855445206581547,0.001179947199431054,-0.005502573202227468,1.249338873615557,0.6209003215434084
CXW,-0.07258680241610027,0.006320277768518512,0.502356216717279,-0.003784197166335934,0.32483069370899265,0.3660931657429073,-0.3378410179868689,0.03606411404348094,-0.07259430963963454,1.3212719208519808,0.6207717041800643
DEM,-0.0350037572803944,0.0066413758229530995,-0.04025068726108394,0.008633815479105689,0.07746710263272738,0.31766562138313764,-0.12889630095330823,0.008034950177246095,-0.01864725898012598,0.9220645000850577,0.6207717041800642
DFAE,-0.030291806607224192,-0.0028682498580447913,-0.04722719538732223,0.002253163334605457,0.060068408182577526,0.3662816352469486,0.0025902067030254203,0.012831572883223275,-0.05011774003533809,0.8504873198430986,0.6207717041800642
DIVB,-0.04508897437396531,-0.003862304155019869,0.0719302269940929,-0.012558512894590979,0.11280676858870509,0.42964847239421394,-0.3583066229220403,0.0078808582217724,-0.04377198299596052,1.0379911450717636,0.6206430868167202
IYZ,-0.016224711081684218,-0.015714001985348114,-0.11098838659384169,-0.0007587001392248549,0.05672510499569139,0.46666717529296875,0.23164823617410826,0.0128927855506373,-0.06636603787002548,0.7196526062322025,0.6205787781350482
LYV,-0.01868869492287417,-0.10331425793654758,-0.08071350474274208,-0.023732682365816604,0.0454549398226225,1.0,0.1779813346852545,0.008963494789449274,-0.0869150180371252,1.0056760931047164,0.6201929260450161
OSW,0.05486239001681259,-0.1291208806655728,-0.17209961787275052,-0.015089930933113616,0.010037093869729175,1.0,0.8400179706486132,0.0174653652937005,-0.16891479945644494,0.912967907413021,0.6196784565916399
QDEL,0.07819416514344968,-0.2894246474431704,-0.17969903549276223,0.020392723759719456,-0.23333047179472122,1.0,0.45690708420450066,0.04557775645661875,-0.6192764313066093,1.2756839463555616,0.6196141479099678
ESGE,-0.03164688240539404,0.006352687931691969,-0.02784153500319242,0.002917349039076589,0.06829856184026073,0.3001811461737872,-0.01850789332376871,0.0139388845515607,-0.04674293688307929,0.9214404418679727,0.6185852090032153
CALF,-0.04458182147832235,0.011921613440058598,0.06479849292332962,-0.018393745789283655,0.10656836497140598,0.4325520102113074,-0.2982598938433325,0.008468913557461736,-0.05350038872326657,0.9832954989734848,0.6181350482315112
USFD,-0.016029772307303958,-0.08050950018709557,-0.08635757081225082,-0.035382347137102865,0.05159528958499271,1.0,0.17937761460126117,0.014443833294080872,-0.12164235126738443,1.0922402130131175,0.6177491961414792
TJX,0.0707821662380943,-0.11459229790379521,-0.28521897957698905,0.0027980930165207862,-0.0804947676772848,1.0,1.5386440809684523,0.013612421400273148,-0.17073360937499427,1.2514415084142068,0.617556270096463
PWP,0.009433447432674713,0.020042933563956256,-0.37373561240475717,-0.004306824325589376,-0.10794259529998784,0.8356350600103376,0.2148039694837344,0.03978869884122974,-0.34440011408295046,1.5919455766350687,0.6166559485530547
LECO,0.021094210173719263,0.008596691761524555,-0.1189676931222774,-0.03065446452764875,0.0002227819635252093,0.5076592963370493,0.5353219051195508,0.01564551616891493,-0.11117778163168424,0.9174642654595243,0.6165273311897106
CI,-0.0226073340320192,-0.10743502688908135,-0.09665160775449166,0.023482708230061045,0.020503276492856992,0.7174133014442093,0.10235635911160292,0.015308740009384226,-0.06507573849657367,0.9635969130086357,0.6162700964630226
CRE,-0.01641270849087162,-0.11903660492979862,0.10425960591034111,-0.013254445607567389,-0.016650552822917386,0.6170216651456915,0.013886961024096965,0.04548960134497013,-0.6458333138546909,0.15332366445868084,0.6162057877813505
J,-0.037670519753980836,0.06286690283989516,-0.01041945595770244,-0.026942345520763133,0.05148816459521721,0.44035221846028677,-0.09861687827667519,0.016443058919619367,-0.14253602317367053,0.9847535545152157,0.6154340836012862
ON,0.0668872051497782,-0.1903066419416113,-0.030630765863743914,0.007700399014469506,-0.05104222027144023,0.5276510405356601,0.6225121518682973,0.03855135525285604,-0.42507276778247727,1.2361536630024001,0.6153697749196141
UNH,-0.03939759955463884,-0.14556613710049626,0.11939293680449925,-0.013739890871302674,0.0806593711069934,0.9400557466255995,-0.140182190929943,0.01335545455248801,-0.11812772428994733,0.9878873714419265,0.6152411575562702
GKOS,-0.0613493767449117,0.03880234186801279,0.2662515694205294,-0.044109904990965454,0.21150314040746232,0.6219907957353737,-0.27197606647713274,0.029280820163612234,-0.12891056272851453,1.1994586957013615,0.6152411575562702
EPAM,-0.03874333478228531,0.2724126878282993,-0.22493307478509406,0.031498062944388394,-0.11358305190628404,0.39590858866782624,-0.05323661355055894,0.029014973242072018,-0.4870370242741565,0.7951083203249862,0.6150482315112541
GPRO,-0.18044781160338597,0.6313397480661684,0.3972170228229881,0.14157446192630818,0.17245427428444793,0.05555614424318686,-0.3088067156336078,0.03184118546954612,-0.49361697637748625,0.36992557326528125,0.6146623794212218
DFUV,-0.04022507743818926,-0.023520423301996773,-0.025962477402365236,-0.010664783691365254,0.06907796489104068,0.5700419814422071,-0.40227709205324697,0.005105781774802142,-0.028146478517217854,0.797926096266575,0.6142765273311898
MRAM,-0.005965796506294474,-0.07839003850212667,0.43838100474435415,-0.031660898940880866,-0.012802730097639214,0.43721968443644155,0.09930380730200492,0.04409640064641743,-0.6291751802490033,0.8008059643449664,0.6140836012861737
COCO,0.10927822732636683,-0.2620283443113117,-0.010301387656038719,-0.019766219070142643,-0.051814390138869126,0.8480449989514907,1.0077474510784108,0.03675945061422349,-0.3068316590646645,1.1804178517616717,0.6140192926045016
ESRT,0.06100403686262523,-0.2070243383537389,-0.2565462455522326,0.03056049365917013,-0.14060031404887652,1.0,0.7379819082393824,0.02447190824792664,-0.40870386315341833,1.6637549073510247,0.6137620578778135
HUBB,0.019617325492448545,-0.04340298785275387,-0.26055460871483715,0.007229685928458629,-0.023281960082555564,0.779223442288714,0.5915121625267041,0.015576701002059747,-0.14320290506301103,0.9368690941944897,0.6136977491961415
SCHO,-0.030270493245752927,-0.041237529079440005,-0.14878236904960107,-0.0011949860355496833,0.002075480662617313,0.8622905468107086,0.04360641854623451,0.0010795451513507608,-0.005138769527117337,0.8163955108446758,0.6136334405144694
VCEL,0.040320561377000796,-0.1884953632739922,0.051001840194579984,-0.02432101357059213,0.05657838273861526,0.7719295016798062,0.8501002943656514,0.017716682099577805,-0.16062930895548921,1.1103553426275061,0.6135048231511254
CPNG,0.05578255818535949,-0.15312935804798544,-0.3458350674800593,0.03655087697068282,-0.11055540044197121,1.0,0.819277801619106,0.020354067626359464,-0.5092393033402038,0.9249172754966453,0.6134405144694532
LAMR,-0.023874279180073676,-0.09679601339470623,-0.026377014926599163,-0.012708282620895406,0.04890345881194791,0.7742009469560108,0.13731070667923914,0.007904057463695168,-0.09529048808037799,1.0018990821819305,0.6133762057877814
RAMP,-0.0350836083296443,-0.04883731414242054,0.30696112571871237,-0.003254823389536199,0.15672778259851206,0.30000423854533126,-0.3446456930350103,0.0028878831459364296,-0.011444293022957575,1.2210438898495966,0.612797427652733
RDVI,-0.032304273178106024,-0.042892117559642395,-0.05492306802344915,-0.015109034784513642,0.05063041029469839,0.7094033782418208,-0.06388634526266096,0.005950344520673462,-0.044603905098189456,1.478250689727684,0.612282958199357
ARM,0.02152326513420255,-0.14804836367280927,0.6431452200730885,-0.009249761721916827,0.2147519499140993,0.3013060283302475,0.2167391536521424,0.06209629257650965,-0.3915486737186398,1.1311782430042079,0.6115755627009647
TME,0.0322104060140862,-0.09162310149566888,-0.2553604136746317,-0.008819623338291893,-0.22228643759628275,1.0,0.5322439413784379,0.023485353584118535,-0.6364353199604402,0.8302329698607038,0.6113826366559485
LIN,0.019983221445834864,-0.11403647385231519,-0.1823024318445361,0.016049777390296116,-0.000522639025383187,0.8443754572932752,0.9173663408186605,0.009093586796262728,-0.11002337580080912,1.0259721121388878,0.6113183279742765
UGI,-0.04034136387292042,-0.006169607754541229,-0.14985907286383005,0.013493149676890859,0.03583966831903074,0.6294822654723078,-0.13165915839151382,0.011453714536094515,-0.05441311015170658,1.0271333624436896,0.6109967845659163
CRSP,-0.0018408483015335264,0.019363009337562964,-0.10276982325267392,-0.022506604942979513,0.009899873994708042,0.3859141306775817,0.18512490157975944,0.03851322079674993,-0.28250130296456777,1.1515378278526744,0.6096463022508039
ATEX,-0.014383102892736588,-0.22842601322515743,1.191566275953377,-0.03452832440420339,0.38222558136060547,0.8455961007079918,0.08646059312925902,0.04112022955071655,-0.22258674439170234,0.8952207849155887,0.6092604501607718
ALLE,-0.023512430526841932,0.07467750208747526,-0.09607105984932396,-0.03534445747079562,0.018227140615456605,0.5146277621086379,0.07701697508937308,0.014227291183982664,-0.145986639790333,0.8540472603939764,0.6089389067524116
VRTX,-0.03746354125227225,0.021565776067734355,0.018916251290717723,-0.01831264121084708,0.0759004358907498,0.34069478072096615,-0.09728279276129574,0.010408572387430547,-0.08425336567917907,0.892315942273172,0.6088102893890674
JMST,-0.030952621448723905,-0.04208055886250839,-0.14502562157554433,-0.0003683854733239622,0.004515629301150348,0.8016388810398417,-0.20689408361035455,0.0006421951057828036,-0.002470027400233943,1.4466057507813406,0.6083601286173633
BR,-0.047150272595075315,0.05965949334106857,-0.04336321897293938,-0.019044545105394217,-0.012831899628557353,0.4868268460200007,-0.1738324311659479,0.016551630147831727,-0.2799847677105748,0.8674033331920801,0.6081028938906752
MGV,-0.03792818533150988,-0.03945209636551694,-0.04574033426607471,-0.011102247063043191,0.05428717320340248,0.6278303857161105,-0.30333239741578866,0.004906590184841246,-0.029465712820618495,0.9118885996456498,0.6070096463022508
DVN,-0.05847980537765152,0.06941395557893615,-0.1277037737672424,0.024044775635173155,0.08787608967261207,0.42816616212676906,-0.2966152289222464,0.022133102874511004,-0.05965725804056132,1.1124765852001877,0.6069453376205788
TIC,-0.07413725925326375,0.20272496913653026,0.08759788643043565,-0.030840408784483575,0.0012677916367573872,0.4481479990138297,-0.2686689662209356,0.02831630037852619,-0.33495875304900335,0.8160102067098778,0.6065594855305466
TROW,-0.037399885475675076,-0.10261172535480101,0.029111311212905777,-0.021089638038644165,0.03768129507341067,0.9008734877451471,-0.10999444020794157,0.009437823579091762,-0.12226899816941328,1.0216203307170135,0.6064951768488747
NSP,-0.05252732260810833,-0.023648061401069898,0.8529999444390266,-0.029997447287352652,0.28564102971170735,0.45098078814602055,-0.17785394385095457,0.02429377878766418,-0.08762846018653969,0.9438527831070316,0.6059163987138263
VCR,-0.023090240532803064,-0.07633314765201293,-0.13735403467299712,-0.01498191963344997,-0.01915777544153563,0.9776186016243003,0.13915133875888544,0.008962209514551608,-0.07797028570544395,1.0967148387774448,0.6055305466237942
THG,-0.04114003288322021,-0.020433415018221046,0.10746082281861691,-0.014131023370460905,0.13359530771979644,0.35034770616688105,-0.17436564466845977,0.012138570800848476,-0.05220546615000565,1.0550590935092896,0.605016077170418
CIB,-0.10571497122351148,0.1629535355518108,0.16919822400276674,-0.006025880314562082,0.2313273205582842,0.31701420245313616,-0.8040894283106337,0.018123589349086304,-0.07526710427295447,0.8606634772717425,0.6050160771704179
ADUS,-0.06478806109586555,0.008991035937355285,0.0889263656058834,-0.01734354685169004,0.08312932104984028,0.49058913850077157,-0.5158617325188666,0.011030059382547341,-0.06761713280454429,1.0113082838859864,0.6048231511254019
DAL,0.011090988989327588,-0.09689002797372392,0.05546319368277208,-0.025614561713369066,0.07438122790099655,0.5120219622976241,0.485350720023562,0.015862795032478377,-0.12778982664251826,1.3274812948543135,0.6042443729903537
GNK,-0.043905833692671536,0.03127479423394597,0.032671587308744865,0.000780511237572945,0.14636540658988162,0.210045192829416,-0.12778551926732795,0.023365804642239186,-0.061522098078007126,0.993501540567117,0.6041800643086818
WRBY,0.007412219682319421,-0.12225715582224372,0.0590730344574828,-0.017132014534663176,0.0011809850091082374,0.5151513181113928,0.2075263650280406,0.051241505030204526,-0.16875414678587863,1.2365542443731838,0.6041800643086817
BNTX,-0.02546865823747213,0.03324854531091659,-0.1378119718607944,-0.020424702179218324,-0.009290486035397172,0.5471052050452697,0.030921459407750162,0.021982869753240288,-0.1882017745407084,0.7514425476095447,0.6023794212218649
GENI,-0.04830499333532734,-0.04387218229263523,0.531411207409551,-0.06385635863560701,0.006366013273672033,0.8275860084507031,-0.08346410413513702,0.05223761539446669,-0.4607843114338852,1.2385354819706091,0.6017363344051447
HP,-0.12223422302188813,0.15568345461305388,0.028727817064741368,-0.014591046127586438,0.11416888472977926,0.5643275620236857,-0.6612027520440634,0.021689573586789263,-0.15050374183051018,0.9156360183554384,0.6016077170418007
BAP,-0.02652105315973885,-0.06365831855262816,-0.010555677359509685,0.0003996897752205353,0.10183962159390325,0.3951769628412576,0.05911182766479002,0.013015964655545177,-0.05304893956970114,0.9970707096140652,0.6014790996784566
FDVV,-0.035764779244393585,-0.039646820797758275,-0.05769117815795255,-0.01112591111266581,0.04430585551131894,0.5989845553266309,-0.1759304052137336,0.006370453409518018,-0.03454050919105678,0.953991534729839,0.6014147909967846
GGOV,-0.029934124532511985,-0.03864454066099077,-0.1427946495856698,0.000932158357187518,0.011029865529735838,0.6943169860483761,0.06341463404496187,0.00205108360575083,-0.005039161077445176,1.6118419748668882,0.6012861736334405
NBIS,-0.06236228876379557,0.006664547023931933,0.3710184736842128,-0.01597179144633165,0.28798170320486594,0.31670604032628674,-0.0841748365517369,0.04258276319040272,-0.2297254876329775,0.784655671165079,0.6012861736334405
XHR,0.0021547606371923322,-0.13366891260514868,0.0014566964942333005,-0.024892177934383142,0.06283620295327053,0.7352768546533737,0.44763514064127635,0.007061178182220628,-0.16710329247363753,1.2612593226666413,0.6009003215434083
AOR,-0.027941201225861745,-0.03268246125872731,-0.09638445742306767,-0.004427675214078608,0.027582238117983326,0.498443679936343,0.10904337897854038,0.0049904589617076976,-0.017429618004464853,1.4116788925813917,0.6003215434083601
KMT,0.06893429743382806,-0.08543978252047502,-0.3181856851274061,0.03618626610694542,-0.06633786519721141,0.6621955627631617,0.9420594918918406,0.01795101009948615,-0.2511238055342979,0.9708739171699524,0.6002572347266881
ZTS,-0.008762417900063824,-0.04807735214231512,-0.5134962402326493,0.006511802287039847,-0.22710185799881233,1.0,0.2473506245614852,0.014073803824872482,-0.4857338446794984,0.8070812592653891,0.5992926045016077
EVRG,-0.033274850175829096,-0.09606174690939562,-0.1652700725120625,0.0014287795223941746,0.011308310630090634,1.0,-0.06819228766772653,0.007699816793356031,-0.07174152794559785,1.0968327799363708,0.5991639871382637
IEMG,-0.033880065688143834,-0.006558482373052232,-0.04851693102477239,-0.0012750897304718567,0.05580259018458156,0.31579042471600605,-0.05452465087490199,0.013547081759183139,-0.05465112730514177,1.1956226717824026,0.5989067524115755
WTTR,-0.05549699335493141,-0.02356870168850045,0.16697964079212535,-0.010623822303122865,0.18766201853508568,0.37583862547987745,-0.15188199850393966,0.02264993294112617,-0.10524017974092925,1.1373695239566868,0.5989067524115755
CDW,-0.03833706717389607,-0.05766240081092533,-0.013142281555220459,-0.0019971862188000733,0.0842918823949943,0.5205239049373931,-0.05526091038295396,0.023586041220484074,-0.0942097633254888,0.8201066431396702,0.5987138263665595
AAON,0.10546433877509842,-0.26660737042376037,-0.21749524437183887,0.05402891135611565,-0.11225144413051946,0.8525033501200675,0.9061912194541125,0.02823598277473048,-0.41253130769479873,0.9666492668289737,0.5985852090032154
CPAY,-0.06102536394433611,0.05132687869709174,0.15533621186915458,-0.018673380205622703,0.13454348231058688,0.3080136692306027,-0.4639892623767969,0.010822927016999469,-0.06880815520647521,1.0001309087374557,0.5985209003215435
USTB,-0.0319640816143999,-0.04160807520503629,-0.14318632793645958,-0.0019005492387822454,0.004645021137511751,0.7359881101952012,-0.36069402743592904,0.0011927784828426604,-0.00581393269861441,1.070703901870117,0.5984565916398714
PBH,-0.0024588352930017265,-0.045738377258779384,-0.2916963061702321,-0.017767561149511724,-0.11799419859183458,1.0,0.2866735890141361,0.02053709179101102,-0.30686509685071495,1.1719083625146023,0.5984565916398713
FCEL,0.07987922070306164,-0.13512660835274126,1.4507451962770546,-0.0543257653410143,0.18874704157782984,0.3814814095307392,0.2996017458206439,0.06448171213387657,-0.5193001868152997,0.7809176426715777,0.5983922829581994
CALX,0.03081750295931207,-0.10931121082040263,-0.3756018225144181,0.0074628787494444015,-0.153756341826918,1.0,0.6529194356190069,0.016713144134131587,-0.458199346873855,1.0145641278418531,0.5975562700964631
NBSD,-0.03260414465733308,-0.041142826509267705,-0.14506924992607373,-0.0019373783306760872,0.0038860327482479473,0.738929889298893,-0.5445355304527099,0.0008624048056223379,-0.005712219938095786,1.479584388853507,0.597363344051447
ROK,-0.0023964929533850654,-0.09866419453637143,-0.05159346509295415,-0.004622427429698539,0.02393991261942574,0.5127412396370079,0.3706949581170653,0.013529361647142617,-0.12231476213200776,0.9268418737466577,0.5971061093247588
SCHM,-0.03236664486734908,-0.05810110200120133,-0.07391545191883142,-0.015128936194632847,0.03155086353710246,0.7250262234896909,-0.04785356382792435,0.006725245157168688,-0.0555178885505031,1.5033448921693677,0.5970418006430868
ESI,0.03276558864957968,-0.12286521958173369,-0.18177141862544477,0.01031579364291546,0.004854923283865942,0.7394139033924715,0.538274114383673,0.027331638560767146,-0.2582610690825521,0.8945728085022595,0.5969131832797427
ASTH,-0.04017700036525984,-0.2518471068244461,0.21074905068541505,0.018063456404747935,0.14050362415389217,0.6793390295282826,-0.06361098784951615,0.03578589288642907,-0.24392694621353583,0.9770493412129887,0.5966559485530546
CSWC,-0.04061768978706526,-0.01765108736889398,-0.06164682562076429,-0.01875352602975955,0.050206419681752434,0.6029406814841409,-0.21768388092353935,0.009814985620222342,-0.0670743878904837,0.8954900034192057,0.5965273311897106
ENTX,-0.06987435318705393,0.5917871080305739,1.1781726840922522,-0.07881618508539312,0.47390423017769034,0.33962278579978866,-0.06954833402699184,0.03762365161900874,-0.31632652688850627,0.2858443828381378,0.5964630225080386
DXPE,-0.03590817056163431,0.09459453719648203,0.033853986089686705,-0.02373188115097935,0.159675336883766,0.2067361966451933,-0.03520719948082464,0.02686440108466551,-0.09310892894451939,1.083500303244033,0.5964630225080385
DASH,-0.05487210060684766,-0.007807473548894883,0.13309624815114374,-0.049053394052476995,0.05553462086514416,0.7049701801326271,-0.20261977195175743,0.026723384925733944,-0.28797562671054766,1.00396165068827,0.5963344051446946
TRUP,0.006352136101200889,-0.09533702746736206,-0.0960275223510405,-0.03478784817245162,-0.04715340492185849,0.8974359852165794,0.22247375715555034,0.027038374692212104,-0.41117674223643685,0.9516474467234669,0.5959485530546624
CLM,-0.009052759057150306,-0.1276999032814361,-0.17192482632142825,-0.00993405702582184,-0.04710127082419546,1.0,0.3726176063648315,0.009302867313789123,-0.10485416503266598,0.9826158496644186,0.5956270096463022
EEM,-0.034359810528565404,-0.007663167768113377,-0.044521358748856876,-0.001989772814762536,0.05662038264972513,0.30115366470815286,-0.05976319555883436,0.013921782176740682,-0.06280156384911906,0.9742482780720102,0.5949196141479101
BKLN,-0.02973431322103237,-0.023318281487890946,-0.12039203847299551,0.0033448648814484727,0.020650920328447953,0.42856948228882835,0.14633087982444412,0.0014038171397356722,-0.0038891553180812055,1.4277321431299046,0.5944694533762058
MDLZ,-0.05043076184781392,-0.01961174806866972,-0.1059089296631941,-0.00853814566024913,0.03291517205635541,0.7163696632341703,-0.3029329338538299,0.011292178843909793,-0.05798319148590958,0.9606772317802326,0.5940836012861737
BJRI,-0.02853474330055117,-0.07706037729629367,0.4580318062690534,-0.0477041550589008,0.2154334013302921,0.6051543261826745,0.015078196512558149,0.022037224296978658,-0.18899815860982694,0.8775355109965529,0.5940192926045016
NATL,-0.039096548591182056,-0.034002190455044934,-0.11493194056637779,-0.0062077127780511,0.04424902123629715,0.6612891813486167,-0.24222379537973387,0.005700770421582553,-0.04737175448567732,1.1960450721028593,0.5937620578778136
STE,-0.019127561872450682,-0.04945185855470491,-0.18114240303964013,-0.032830601136015436,-0.04933974553015141,1.0,0.1606890991555822,0.009687815254672012,-0.19336849558495484,0.9950755888123124,0.5935048231511255
BAND,-0.002454846324365878,-0.3234187602535714,2.1355321342405222,0.01814683735268008,0.3746349512608158,0.27920310183025604,0.09234451823394166,0.052206389661128325,-0.32349570404019423,0.9224844284715883,0.5934405144694535
ICUI,-0.019192593299991012,-0.03328573115646294,0.11309424318675987,-0.05567722014302234,0.07945714932179748,0.4771877286106067,0.11145165950885355,0.015623351774449288,-0.1507529454002442,0.892431735070711,0.5934405144694532
BTI,-0.00283208598354201,-0.08604037146541743,-0.1803340169562131,0.0028936667294499063,-0.029849664363539308,0.7768295841454631,0.3441850683485474,0.014308003385372121,-0.1430419502845045,0.9579931255444257,0.592604501607717
JBBB,-0.02726168494610448,-0.029457611252967864,-0.11187077213504582,0.0028932037211533146,0.02116521890686851,0.3913798429793444,0.676909000810361,0.0013405792647902634,-0.004590449441903566,1.178443825745208,0.5919614147909968
AAXJ,-0.03552528823614809,-0.008557994308586947,-0.021526456721904896,-0.004698860181632347,0.06158703105864505,0.2710277819371062,-0.07544604502569047,0.014226994261332362,-0.06923756974084194,1.1043564629413525,0.5918971061093248
INGM,0.013920735213202251,-0.08909229934634633,-0.13231765060895317,-0.005577625207721759,0.06670441888344159,0.5983266403202431,0.3936054619199656,0.02265073406352611,-0.12687487622471394,1.3337245211299653,0.5917684887459806
RBLX,0.044418455027734005,-0.16574648176792495,-0.2844802018937621,0.14426684481110463,-0.11418865022073266,0.698318590214755,0.32822038234703765,0.0484790180713277,-0.6518475568096973,1.0159645208510915,0.5908038585209003
FRDM,-0.04020300109786801,0.00547544014692658,0.011492122919001924,0.0006671402327222964,0.08751556773532032,0.19702755104767616,-0.11842311789197504,0.017378285594938925,-0.08537070322580975,1.1147867277540666,0.5907395498392283
VB,-0.03190023572966327,-0.06066867902367101,-0.08054366921582479,-0.02094981777050786,0.024432576272913398,0.7710213570295696,-0.04158623463681858,0.006567694964125684,-0.05992075496830174,1.176574092580603,0.5906109324758843
IMAX,-0.03979547272464934,0.2841074901188989,0.19208237035046616,-0.026851053352851317,0.22037668592512438,0.05043427840523098,-0.07235486933829187,0.020268728794072863,-0.09692886067260564,0.8699134584780777,0.5904180064308682
EVH,-0.05802586355758055,-0.357393110000641,0.588081126070316,0.009484889299954169,0.05864304001467935,0.8866665797763125,-0.11503854777869091,0.03993701616453684,-0.5042787680860014,0.7922584009906574,0.5895819935691319
PEGA,-0.03851224256992236,0.06982502846174032,-0.249067800854611,0.029985050135428404,-0.08654417799982017,0.42890972089647844,-0.05105424197173348,0.02469896847932813,-0.46576039136244807,0.7419791200660166,0.5893890675241158
SPMD,-0.030959032988784774,-0.06106495889767638,-0.1013540056920732,-0.018082531775263422,0.018372469112755363,0.7932946607052285,-0.01481782362660105,0.006998692478141603,-0.06155635964904971,1.1879156776629514,0.5893247588424437
PATH,-0.05748463718084629,0.09645923069055495,0.28643712570686297,-0.08328861753411321,0.07064299321351064,0.5283401474063729,-0.13608261826970208,0.027855414221879454,-0.3004147617900639,0.6584433485233941,0.5893247588424437
IJH,-0.031110470065900286,-0.06135100829962814,-0.10194313217368212,-0.01811944523813247,0.018135680725544834,0.7975608303746213,-0.019293995817002703,0.007014513135690794,-0.06176352910883065,1.2389918149742825,0.5891318327974276
EC,-0.09076885040359484,0.026910196485839144,0.11180310432944851,-0.00634351134570077,0.18677471482620933,0.3567835005698085,-0.6266633481134697,0.021323130054610628,-0.07009861284782082,0.8167681887866218,0.5890675241157556
CVE,-0.08444358454148637,0.09997254868468208,0.0737106849188538,-0.0007675499748192038,0.20272319701403196,0.23100317872209922,-0.5577361945225995,0.018899405740787443,-0.07458723218956886,1.1271767038832905,0.5888745980707395
WING,0.06084786480621873,-0.25720769148754163,-0.47814875782928856,0.07827927003885682,-0.3003948435882555,1.0,0.5278647766467003,0.04125910687994047,-0.5734546704149153,1.0787581416252137,0.5886173633440513
HOOD,-0.0670666039030674,-0.048548987112677855,0.42571143947092227,0.01812065014153763,0.1602029599267294,0.24004042847722223,-0.18076664495635594,0.032976367773289224,-0.283877767957325,1.0377805070495658,0.5884244372990354
DOX,-0.037313214982444554,0.0919526001063582,-0.19169790050008906,0.0029868849055949553,-0.057262193637852565,0.42196449294978144,-0.08070089318702095,0.013652301931195621,-0.28119719463471116,0.8183644269657054,0.5881672025723472
STRL,0.03270437502087642,-0.2613763212556368,0.002590374618933522,-0.0015886488640760588,-0.05375681248504227,0.5394094221078789,0.2792246242636988,0.03819361021301324,-0.481272782081384,0.8363882118543968,0.5879099678456592
MDY,-0.031053641272087096,-0.06151125072057506,-0.10341134624367232,-0.018266822042878217,0.017107380709552755,0.7938751197178163,-0.017742323283079214,0.00681679025740594,-0.06146909775622522,1.228893487930219,0.5877170418006431
EQT,-0.06674697475837343,0.026247487878429787,-0.24427234677545506,0.003050571992073481,-0.04103003963106111,0.947312031725171,-0.4324396865972515,0.018866121758390038,-0.2156507105459985,1.1368099257715834,0.5872025723472669
ATAT,-0.02755589662739344,0.006510493679095175,-0.225713358569818,-0.022162733710868077,-0.06710857728869057,0.8612568529743656,0.027154658442380762,0.01771570609230269,-0.2194867356738065,0.9755247589242044,0.5870739549839229
AER,0.0020950908403032376,-0.06750677213610912,-0.15045556843059327,-0.009441046126122177,0.008948266760839374,0.6134061570408317,0.5147307479781086,0.014575116195638489,-0.06345337180025568,1.0677017996171574,0.5868167202572347
GIB,-0.012926883352982532,-0.0034683391137420028,-0.14129309727475992,-0.02352626793639856,-0.039977045325551575,0.5009439391033084,0.19355933480775597,0.017234856545126014,-0.25487234964129557,0.9793918970884112,0.5867524115755627
LUV,0.04062993345291943,-0.17353425016483526,-0.09523738720694519,-0.007823874776794026,-0.04041077336159482,0.6487246155043183,0.7283589865671912,0.015055593493854508,-0.2336398563116221,1.2164336834100054,0.5865594855305466
SPEM,-0.030735431936989466,-0.019105728844228898,-0.0839272959498023,-0.003003691648690854,0.0379670105941885,0.3394736525094665,-0.006799400193978269,0.010183457977225379,-0.0236846918790945,1.0419085906430865,0.5864308681672026
CGNG,-0.03399496279510805,-0.018529674362463222,-0.07082898122903236,-0.005285158908089338,0.04277115283724697,0.3529423644380617,-0.0644545362896248,0.012474763737792419,-0.04172133631916053,0.8919091027714641,0.5858520900321544
SIMO,-0.047733414377807204,-0.1702866480632763,0.9133107390324535,0.0036094507871129444,0.2673104840304019,0.4871351928054048,-0.061713230394081706,0.05013034129559342,-0.22471208551024036,0.7624224953677735,0.5857877813504824
IBDU,-0.03251082293674579,-0.0449351902789501,-0.15364913203034214,-0.004039074968207879,-0.002247642539918382,0.7285237801111797,-0.3260253272091703,0.001546616510124253,-0.010251776439205829,1.4080519861574585,0.5855305466237943
DLTR,-0.03293401046341149,-0.1057791298534686,0.036738239470986755,-0.03852325327605488,0.011542368676548787,0.888349458058959,-0.0261924079497314,0.01932157582612244,-0.16178038215371193,1.0617248338580223,0.5852733118971061
ICLR,-0.03672470037199205,-0.051089042478895785,0.38926010258065724,-0.011760477665981539,0.12704994587207996,0.21325579350072557,-0.05327275685879193,0.02759578186182137,-0.1885965139847796,1.2147103858429944,0.5852090032154341
PEN,-0.02651432800914577,-0.042077115139852905,-0.1848303299140196,-0.007362868870143147,-0.02413778055197502,0.7635351910620354,0.21820082144270028,0.002882502133146802,-0.11232608737554683,1.1877915358850781,0.5839871382636657
CGBL,-0.03212086391752056,-0.04055647094706161,-0.10285421723647992,-0.010058930999548577,0.019960154313901413,0.5483683525474154,-0.06755872241442762,0.005581872616716651,-0.030144732029035115,0.9098211939599353,0.5839228295819936
JPLD,-0.03133040884345528,-0.04205199697826245,-0.14552100270705526,-0.0028041311194121343,0.0026745606542075695,0.6403887885916443,-0.2156209486077639,0.0009876574917846923,-0.007245098105754688,1.2339123898652844,0.5836012861736335
BSV,-0.03261019482568017,-0.04604414585642136,-0.15612876392092223,-0.0041013465675687755,-0.003941829795361063,0.7299871804002563,-0.3815258881908137,0.0014706588463020969,-0.010422164631554764,1.3128237870269253,0.5832154340836013
DTCR,-0.024673714657264423,-0.060675546285934745,-0.08868364787326488,-0.005047914588128366,0.026546650951255968,0.46511661432550877,0.07946282029122934,0.015757326802851846,-0.13825884953403644,0.9057514896384725,0.5829581993569132
BH,-0.030090798961542875,-0.10879700935043446,-0.03457721798994173,-0.02141852160725921,0.024242307528397067,0.8131615171600881,0.0038826168294601865,0.01900584685809586,-0.23630799512276746,0.6398096224894982,0.5826366559485531
BIPC,-0.007794978171056011,-0.07976475651700121,-0.240049822371034,-0.004946356305103872,-0.08189831929968694,0.9216301540227686,0.2901185571786656,0.017017436893244958,-0.24151320283418587,1.0323478417741878,0.582443729903537
APPF,-0.048940250199793756,0.08023664647595541,0.25666068468717285,-0.03389903579316067,0.09220021868376294,0.20361754462551637,-0.13920551390647204,0.023914393085741628,-0.22994358914446522,0.8626508255493024,0.582315112540193
SCHE,-0.0319444738941157,-0.01821756861676893,-0.09011187742026361,-0.004149502854919551,0.036203270441417246,0.33730143111888855,-0.03566887071538482,0.010143276668157697,-0.02354981620834129,0.9955161112671185,0.5818006430868168
IDCC,-0.06730847462773104,0.2335279379957229,-0.20265430021531217,-0.002659575317180418,0.05407779440595495,0.6361176482270349,-0.2801782481462044,0.020502193954863853,-0.15264208341396523,0.9480182947024499,0.5816720257234727
STIP,-0.03561626444027921,-0.04675118889729213,-0.15180580248004572,-0.0031656240611331876,0.00015345790073384435,0.7229245161214597,-0.9778083656867135,0.0014618712438550987,-0.00920526008389766,1.3030616609075363,0.5812861736334405
VTIP,-0.035463156981757504,-0.04677291368825298,-0.1518853545932195,-0.0032704043834317353,6.768493546349674e-05,0.7220034995625547,-0.9756273938689484,0.0013733277903943976,-0.00920674434272195,1.1915548751173575,0.5812218649517684
PH,-0.0015183900098243441,-0.029695824436308804,-0.17130894847139766,-0.02516269414164829,0.018064209124554864,0.6441960764415825,0.3831494186040478,0.01313610517310529,-0.10295825677681125,0.888991686128511,0.5811575562700965
AGYS,-0.04476475439489003,-0.09511556097134455,0.5193892082102383,-0.030782633674326765,0.12869953348169116,0.5985860751899706,-0.11062353354865595,0.021216762687009113,-0.26332197646305755,0.9050488566733792,0.5810289389067524
VXF,-0.031916455597102544,-0.056477010980000575,-0.047764208493957794,-0.018818276288473434,0.037072182636971096,0.555894380184601,-0.036679824740457494,0.007495212698215472,-0.0590056817921738,1.138182366229938,0.5806430868167202
BL,-0.006795682422703786,-0.0642934806180051,-0.1806544328226971,-0.015033855125589635,-0.15186341373746892,0.78061209346592,0.1482439421916408,0.027453548484790376,-0.49974503842968576,0.8918766404963191,0.5805144694533763
RDNT,-0.07379737251894691,0.0800541694687058,0.1297150126433031,-0.028867512046661603,0.08659332040969159,0.3333333333333333,-0.38565836880546916,0.02269291670272162,-0.15885422899001833,1.0413665386896347,0.580192926045016
PPL,-0.03000941649601585,-0.08561777335060328,-0.27491070807755336,0.004738298034281385,-0.03826856788595534,1.0,0.009111201310164345,0.010183973173970127,-0.12617470568624312,0.9066165617759251,0.580064308681672
DIA,-0.03534146387587067,-0.05321100510770138,-0.06576888152314142,-0.015201668878935481,0.03287255952008117,0.5741880695940348,-0.14562408611381383,0.006319904452121261,-0.04454353158619773,0.9730664615806958,0.57967845659164
ARKX,-0.01497343620360403,-0.015043008421996573,-0.12723836302360558,-0.01653136175214187,-0.012396146629104376,0.3749993069224585,0.20930785800812318,0.012587497958855616,-0.14798629175357303,0.9213560483132741,0.5792926045016078
BF-B,-0.03326850487869004,-0.02366958979841205,-0.23758906434120908,-0.01690515294077022,0.00114295536570852,0.945121837754352,-0.03015891593767427,0.013067462876028273,-0.11843720175152117,1.0478636568907813,0.5792926045016077
PTEN,-0.1416881389177802,0.1514864584529967,0.007981133135794183,-0.008157632459578679,0.1433964874523721,0.42361112337544216,-0.7288935131154297,0.024864400340298902,-0.1281368452336662,0.9424687686339176,0.5789710610932476
NEAR,-0.03304569989692463,-0.043309705703143964,-0.14932857627129192,-0.0030881622699110434,0.0009219725887263941,0.6416606271109956,-0.6040660897833738,0.001279133128016364,-0.007929842396042885,1.479705298273741,0.5779421221864951
MNRO,0.05626654665732134,-0.1965666138117652,-0.2837466039408578,0.0725594766101616,-0.14786036864840346,0.7123286597476638,0.3933390721232038,0.033479663093226315,-0.3954085903145992,0.9319980170844692,0.5771061093247589
DBEF,-0.022273735685867768,-0.033814632599901584,-0.08818705224122292,-0.010530217989876522,0.04409061173466311,0.32626967963016845,0.2874618512696208,0.006472359084094688,-0.030985188683387954,1.2345509202123182,0.5769774919614148
APEI,0.031745643472256946,-0.23568920591315978,-0.3361977756298914,0.04641105324932071,-0.029206290756155773,0.9833102983581943,0.4222308112363539,0.025342760920390475,-0.21705552007874596,0.917086591653166,0.5769131832797428
CHPT,-0.14538628287300892,0.25971649289179943,0.4005079285136104,0.04400362274378078,0.19938367976057325,0.0,-0.2388573114873121,0.053894936697934895,-0.35951376676001445,0.7324748456898943,0.5762700964630225
SBLK,-0.06704513462708428,0.10794373059571427,0.1318758242584599,-0.009180416928303292,0.18852404845504722,0.12652413494729203,-0.33953759435283026,0.019956202662838624,-0.08820812227514274,1.197257296267052,0.5760128617363345
FELE,-0.013616467460094483,-0.0828887365232478,-0.16623994027449474,-0.019473863232825184,-0.010430149614640394,0.8824261469111345,0.2633020681188297,0.010162024474030138,-0.10016400035196549,1.2078856416329475,0.5758199356913183
BOTZ,-0.009725697313946347,-0.05322346570415104,-0.15034172986816663,-0.01217798378156476,-0.037418629336656184,0.5415923569974196,0.31766591307276576,0.012000286870222532,-0.14729656386372803,0.8253741094462963,0.5752411575562701
AIPO,-0.016554076816064356,-0.08946670118789768,-0.10976668370113352,-0.006986380739128162,0.016570579886811654,0.56654689709445,0.1274743363780835,0.02069280873413884,-0.1709807194867834,1.0389117370570151,0.5749839228295819
SUB,-0.03385115144937356,-0.04928812731675081,-0.1555723107752528,-0.004340410063963129,-0.004095369553523187,0.6978728580862674,-0.6205085527747045,0.0016684298565120977,-0.010179618590618889,1.9000056865402581,0.5747909967845659
BFAM,0.04128079107246929,-0.12101103685149961,-0.29607824134720395,-0.011458388574398626,-0.09987497187557637,0.9982170882099348,0.7033582138389187,0.02077027534287188,-0.3694040544122562,1.1344401916428326,0.5747909967845659
VPL,-0.034678916722590936,0.0060043451968034844,-0.042882665868064995,-0.0013924394246489502,0.0688020441817736,0.1681419066041462,-0.06350891967729429,0.012540573723508088,-0.044810763784333796,0.8942301969214649,0.574726688102894
HBM,-0.04883435018252891,0.21143446555377254,-0.07648356906590115,-0.03480570253753745,0.06175395225040958,0.3680000305175781,-0.11569815513164011,0.02520376057214962,-0.17873565985218487,0.976687342507504,0.5745337620578779
MYRG,0.0634636042880714,-0.28685421060080396,-0.17449249454950921,0.019967339751358892,-0.061551917312601456,0.7496239778016449,0.7466320184720249,0.027524590340758805,-0.37903339547317016,0.8849075730416651,0.5741479099678457
EMGF,-0.03713490701327582,-0.010073153069117824,-0.038202844546558756,-0.004317288565818478,0.05938964267254554,0.22988571265710947,-0.10819450222852471,0.013088347848336573,-0.06528573423221762,0.995941065513434,0.5740836012861735
MGRC,0.007281940258963893,-0.06537521220862696,-0.1447480885637462,-0.008965024506457753,0.010177605304649395,0.45918329215885734,0.6518077759716535,0.012268741017599135,-0.07166307403671346,1.0707977070357575,0.5740192926045016
CHRD,-0.09486634650707726,0.12877635323499104,-0.07485369839893807,0.002865243078894242,0.13559586876574525,0.34757908886434113,-0.5808992293712948,0.02482544750383494,-0.09528666696730692,0.9932035818584747,0.5739549839228295
DXYZ,-0.0770937005690504,0.09605353319720056,-0.06101219398174296,-0.013059077113505957,-0.038173231542296904,0.38661228812013587,-0.26363688609766184,0.02499745037990776,-0.5710976807775129,0.7525248591466611,0.5738906752411576
LIF,0.020442359081263017,-0.20599394530352344,-0.0059367196783997045,-0.04437765001590088,-0.1028258326010385,0.8701717678011708,0.22708763162606077,0.028460792002829638,-0.5938342812901674,0.8385457633437255,0.5738906752411574
HEFA,-0.02314031958087459,-0.03417751181954931,-0.08805677013482982,-0.010107115570090142,0.044163568643729834,0.3175720719386092,0.24881445570145952,0.006587598764508019,-0.031128041636514725,0.7870055302842413,0.5738263665594856
SXI,0.0324291858703436,-0.11911057570096095,-0.09256383660541823,-0.03222332707101028,0.030650330180849616,0.6808056351941464,0.6017584470444135,0.021587701121146906,-0.20615119373567314,1.0470974537745326,0.5738263665594856
FEOE,-0.034839480340597806,-0.02373158241421347,-0.11745813579321585,-0.01717816445767384,0.021886747753020686,0.5365848212208897,-0.12735560396284637,0.007413036741465378,-0.04460054225636223,0.8648032847900966,0.5737620578778136
LPLA,-0.06483133209376446,0.0028923778576539494,-0.07734584577877501,-0.0303779577731198,0.0282144743017676,0.7605928281222399,-0.3769357701802273,0.02637201267772175,-0.14490502975113706,1.226441948951913,0.5736334405144695
DFSD,-0.03303235161005724,-0.047811993691895815,-0.15555800457396973,-0.004992302182544761,-0.004581989289355937,0.6746296379179161,-0.3943717689619165,0.001710979635334337,-0.01247023662694069,1.2522235655051277,0.5736334405144694
FMX,-0.016838966055139792,-0.10578324422310936,-0.0997429434923518,-0.006141473487982552,0.03638583850451749,0.5818710319319332,0.17471212576578488,0.01489761053482935,-0.09822168995109104,1.018618968783546,0.5724115755627011
FTV,0.01926783627116513,-0.12292967276374644,-0.16963647691316075,-0.012357273949421543,-0.017202027273301557,0.7824679868665338,0.6467639756638641,0.014135930903662062,-0.10610605957671992,0.9178044323108391,0.5722829581993569
VCSH,-0.03299270589016712,-0.04580237640733664,-0.1541381453020585,-0.004517691508059252,-0.0030623972301545566,0.6427199337091489,-0.3964618538507209,0.0016989129556894212,-0.011266096200940323,1.4418032538908252,0.5721543408360128
YUMC,-0.013304370652951203,-0.056458752561983516,-0.27672590014541687,-0.027384549422017845,-0.07696864402705772,1.0,0.23846999310238648,0.014808566473806855,-0.24401591813042556,0.9399391411419579,0.5721543408360128
GXO,-0.0011721018741059908,-0.08787884913001576,-0.31830467721836964,-0.0007864096009623234,-0.10583077630062321,0.9384051260645899,0.2866934828640492,0.015057535051124492,-0.28708643189052196,0.8896746899276118,0.5716398713826366
VWO,-0.03205151308713117,-0.024433215783530526,-0.09649127454882489,-0.005677621025211965,0.03027306962266252,0.3317538201199008,-0.03845229497239825,0.010115124383165275,-0.025978572706915948,1.0375520424962557,0.5714469453376205
MAS,-0.007828133167250284,-0.13039638713889,-0.043702731834386555,-0.02939540244453176,-0.00843511302815192,0.7018866186255006,0.22069805026756262,0.014442647099322416,-0.160645953357606,0.9885385885468565,0.5705466237942123
TOST,-0.052990171542424136,-0.0003032047014084327,0.07687164481328912,-0.04939379234758445,0.05335963054110193,0.5186044066838801,-0.21646833420128292,0.021512583220624788,-0.19989751545113688,0.9339348846629858,0.5704823151125402
GRND,-0.04540238542905084,-0.0743081709604011,0.10187684430898036,-0.03275237017750199,0.11545920811694765,0.6394048222585414,-0.12282998232255958,0.03296196485323593,-0.15551844105192503,1.1221650704770372,0.5702893890675241
IGSB,-0.03306994840638289,-0.04616747583234193,-0.15382925371360423,-0.004585693422582859,-0.0028991860813021297,0.6275778764190596,-0.41558088457560766,0.0015956078713667352,-0.011199925561542146,1.4670976081505485,0.5698392282958199
RHP,-0.039340667918676964,-0.06727116821324997,0.059016426421291124,-0.023141257415933425,0.10192991678705154,0.453395476195472,-0.14929542473538765,0.007722992890610728,-0.10830241515883321,0.8420534383812223,0.5690675241157557
WTV,-0.04502738775856485,-0.037928660124570523,-0.04497828111865654,-0.014300150783941978,0.046810127116815314,0.4517124227540717,-0.4768107584069449,0.005801369468263143,-0.04090888331978748,1.1526538653404748,0.5690032154340836
WT,-0.09640006671867185,0.15378947289164535,0.2825461517507668,-0.027939970524709645,0.2317534055553494,0.23829760639960001,-0.5561811336536554,0.02087800980288128,-0.09504796250384284,1.1208710161348718,0.5689389067524115
VYM,-0.0434418468208817,-0.04940161244433694,-0.0953289954275891,-0.01597951045258883,0.028615266360114466,0.646648313125489,-0.5338322896433682,0.005638820734362655,-0.043721580522541714,1.049086347596966,0.5686173633440514
BBNX,0.01476008923400074,-0.019350475879581053,0.8048484976595878,-0.06882829430838944,0.11678593268919668,0.10032904901415485,0.2023644434247233,0.05519309025662135,-0.4579556024803999,1.1699554350611636,0.5684887459807074
ECHO,-0.0069857132750286155,-0.030464824351716047,-0.42121780072361426,0.03791153712863449,-0.1339478994075861,0.4893704258511866,0.2016260065244895,0.02537216500292873,-0.3370592720008221,0.9779257317608229,0.5684244372990354
LTH,-0.05491747642138001,-0.06659369973883544,0.29550162510236877,-0.04600354030828058,0.18563033071315016,0.6811381502830757,-0.28942318121501803,0.016898752387427895,-0.11513228607810666,1.1411114447703798,0.5684244372990352
SWKS,-0.10863422646818821,0.28765439382055646,0.23405909160500138,0.017117391781660496,0.17748458341700468,0.0,-0.4489449034894254,0.04810479183528923,-0.15297975211182813,1.2757698181063573,0.5682315112540193
FTK,-0.0408417344421369,0.04478018373039894,0.5673195877718289,-0.049751880297742246,0.2618186618607934,0.15711465616644749,-0.03613261241989724,0.037206478817415824,-0.3010046253941706,0.8565972581182277,0.5681672025723473
ITT,0.001657331994181499,0.0008968766646437754,-0.21485668342148379,-0.015668277217939397,0.02758300810316139,0.4124292899765358,0.3782967302517841,0.019201808264661963,-0.08284878247246252,1.0560698691064705,0.5680385852090032
VRSK,-0.018530794649817883,-0.1237832139886077,-0.06606082131368463,-0.01478176209623272,-0.05545889292750472,0.6107525569136425,0.1077857274330388,0.022998443408963586,-0.2652498664114097,0.9316843108751127,0.5677170418006431
PAGP,-0.07903157336466493,0.025738891700042066,0.010914411827600556,-0.008471063452052618,0.1268192667709913,0.3023810064441124,-0.9226366859988608,0.007500410186483294,-0.06796626317566257,0.992920885245461,0.5675884244372991
IHE,-0.039185911894210834,-0.03840794158799232,0.00307860196353138,-0.022935191824567602,0.07619421016920946,0.3802814739311175,-0.1810316222906358,0.009394031446496438,-0.07188338747386636,0.9787573119535359,0.5673311897106109
STM,-0.003332186878256982,-0.2812106551295107,0.16928320195384927,-0.002646321162808718,0.07249256169365292,0.39264973059393915,0.1463916383107004,0.033026223031030255,-0.3470828509957459,0.9601165285808999,0.5672025723472669
AEHL,0.32603971184787595,-0.2722699502517285,-0.553303873272216,0.4035421325410391,-0.7105991880083513,0.7248604252321984,0.3884181404982774,0.23183328039612733,-0.9751010379045536,0.4146996613653475,0.5670739549839229
AMSC,0.04596527142059914,-0.139784680258341,-0.3341767864123206,0.020300180397172296,-0.13476490973272737,0.7811816046437473,0.4668278397230191,0.029781205843150124,-0.5373425278902539,1.0467791068255936,0.5664951768488746
ORLY,-0.019221120833263772,-0.05163973717713677,-0.2225772329995559,-0.016935042852827875,-0.04749052051643077,0.8271890980622411,0.14899571433579692,0.014334687599827554,-0.16089278350362812,1.009557923573981,0.5662379421221865
EPOL,-0.06156641726087819,0.046908617436522526,-0.03060258720896325,-0.012904797951975744,0.10520889480354256,0.27083345374678497,-0.5523782532694718,0.013951120694695535,-0.04403407918614899,0.8246013083924569,0.5659807073954984
MLI,-0.015986448498239714,0.04197995059321591,-0.13935208090033147,-0.03248242817233782,-0.018361537269825368,0.3498444004842186,0.16567546198042957,0.013001719279041419,-0.12856496073199752,1.2681173955863994,0.5659807073954984
ECG,0.041104635670205836,-0.11620423520649747,-0.20478682478109167,0.0023224421356782265,-0.007868564616881901,0.6060797051005996,0.4345941348504991,0.02820933896173229,-0.2700697812660393,0.8127959333496614,0.5658520900321543
IYJ,-0.025067962144682543,-0.07647127249051544,-0.13656758008759384,-0.023714101639816798,-0.0026159851791232036,0.8131889506319817,0.1396647003059616,0.00774604856951209,-0.07351861388979541,1.1670939075764324,0.5655948553054662
GM,-0.07120497359579314,0.03664019452199696,-0.06667885659233841,-0.02510228862129804,0.027696374769868193,0.552165215380133,-0.4163728499152229,0.025022542517582777,-0.08326870637256822,1.1260255189778468,0.5655305466237943
MCHPP,0.009119391610272087,-0.12812513120036895,-0.0949213845765775,-0.010042329708828124,-0.03911535908605246,0.4770055408974206,0.3084239997730172,0.022056426016151365,-0.2379295027174787,0.5372908947618046,0.5651446945337621
TDY,0.0014465578844178317,-0.0557512554428371,-0.19905343088090588,-0.02359532119692065,-0.016914060107066198,0.7333751415890054,0.5497375230465813,0.010538164116350349,-0.10961227356711511,0.8693640676739405,0.5650803858520901
ISTB,-0.03359706265354345,-0.04676557803703141,-0.1553451751522188,-0.004863891116623109,-0.0038705019148502773,0.606836218499095,-0.506651564649973,0.0016327777760036662,-0.01151692718417996,1.5015512747368447,0.5645659163987139
SBAC,-0.031384909011306084,-0.0669425269150975,-0.3316878843723573,0.013233214409168026,-0.03961664339780813,0.9247611561693628,-0.00977707703530199,0.02336378007590055,-0.17942567949147936,1.0324647973577519,0.5643729903536977
PDD,0.011689935760191394,-0.08304040134580526,-0.3424388622691892,-0.02353761810190802,-0.13489391454515498,1.0,0.519505407018676,0.016342037048977978,-0.4127271419746704,0.9111042458144568,0.5643086816720257
IHI,-0.013240314795484487,-0.033869434810146926,-0.17829214787162795,-0.028954451242782064,-0.04399403645519373,0.6729729506810787,0.25073321250951336,0.009658139487781698,-0.19425266921900108,0.9843333836531307,0.5643086816720257
COPX,-0.06125706837397593,0.11271803529177071,-0.12051122793831714,-0.023902372941236538,0.03363033949917038,0.4716488434489966,-0.25953014819767345,0.021606852954234645,-0.10959046168240294,0.7872941157131498,0.5641157556270097
XRT,-0.021564144757442172,-0.07776642165170211,-0.1302025832305207,-0.01928427885560502,-0.012974828325940546,0.6713306475463167,0.15979793944836246,0.009651141185158314,-0.08637854996091965,0.7884796669401893,0.5639871382636656
MNST,-0.017335807894900412,-0.14290530844931904,0.0008016639918779767,-0.03007643680759864,0.026354752446450247,0.6585759698774729,0.17956976924817672,0.01394789498278989,-0.12637587126553596,0.9312917468156753,0.5638585209003215
SENEA,-0.05931622684915849,-0.01738905604823504,-0.07160840063475438,-0.024539312760000098,0.18087681891478868,0.6292698780626151,-0.2781505293077502,0.02101502646787028,-0.12776169908564305,1.0073309606843153,0.562508038585209
MFC,-0.05275700289617424,-0.0042078259893416625,0.0323761105974234,-0.02049728096945258,0.09290230738576088,0.28865948298463634,-0.4120703410812567,0.010509279785167792,-0.046647271225316866,0.6709382649877723,0.5621221864951769
TRLV,-0.09316872006785892,0.13131324495365382,0.5291957591272112,-0.019517272959454046,0.22492493204723485,0.11059896897701953,-0.38326900537957725,0.0395192362361677,-0.1838461802555964,1.6591012431055343,0.5619935691318327
UPWK,-0.0013158942984443645,-0.09334614786869999,-0.3403485222486652,-0.0009811479847522397,-0.24531265563950433,0.9307690727639258,0.20422766558761857,0.01645503098945267,-0.6085481911330635,0.7953606426258375,0.5616077170418007
DDS,-0.02144800837564853,0.15637898495479785,-0.09419574671965392,-0.007491020987067332,0.04279621057037608,0.0,0.07466578631334711,0.02510023796184268,-0.09944886322420554,1.186741945653053,0.5608360128617365
ZWS,0.0007471715965730041,-0.03992265412169882,-0.16449062575259787,-0.026566275687663787,-0.024463317895364267,0.5353973189117658,0.49240979295727655,0.009983558442331803,-0.11537513403228417,1.0112936738606146,0.5608360128617363
BNDX,-0.028116343306612945,-0.054313814006258565,-0.15954591285363218,-0.00495251472709668,-0.010495655546741811,0.5702657671191719,0.22223809964095348,0.0022340389877126316,-0.027256368532852293,1.1909523265496111,0.5608360128617363
CRCL,-0.08370293310252674,0.31494233281749984,-0.1809991284722845,0.02608226776127731,-0.006130443213988812,0.2981735311730654,-0.2200454653900192,0.04860460635697891,-0.4317516974744209,1.0118034767534378,0.5608360128617363
PAA,-0.0825474077111249,0.011065540743078639,0.008410036861727477,-0.008685220760031198,0.11932274760773875,0.3162783806873376,-0.8889891009379873,0.009573159848124813,-0.06590042894881631,0.9746268897743248,0.5607717041800643
MCHP,0.018937379518956243,-0.14520953609691245,-0.09096805522500317,-0.01029315234414574,-0.04364061859402191,0.4642857829777331,0.3344268359138197,0.02466611371513897,-0.2642689837879427,0.8934876375886321,0.5607717041800643
TPG,-0.05921408185237553,0.042206442322030746,0.06710881993776541,-0.06206798136141711,-0.018304550111641338,0.4654790973181561,-0.26860930882697887,0.013762102302852557,-0.3211102167977058,0.9911114536092711,0.5607073954983923
PKG,-0.02873938041456081,-0.011600949515244485,-0.01674874063542031,-0.03527809944157556,0.029859883609509197,0.2957027546957188,0.021970381568273734,0.01059348410872137,-0.09564895138787055,0.9027664958306628,0.5604501607717042
FESM,-0.03820550192704719,-0.07390713738584143,-0.0054754023203757995,-0.025833606087631078,0.05249275569593781,0.5384652877628964,-0.207828269906021,0.006412375375440573,-0.06622031858383826,1.2210257279247234,0.5584565916398714
CGSD,-0.034580067680929805,-0.04413906400849943,-0.150991898639822,-0.004200351131375735,-0.0007405397630342314,0.5281639587470986,-0.7186864444997729,0.0016329792937630535,-0.009594017132258714,1.223474607024291,0.5583922829581993
MOH,-0.041757031137962475,-0.22708015709806884,0.20512052586907448,0.00024801961488618574,0.08488781697050407,0.5167065820405621,-0.10006175211424298,0.024702732186972765,-0.18472086870556115,0.7069742159471117,0.5581993569131833
TH,-0.06784327077924002,0.05710313324981531,0.1205594160106307,0.0002772076772750154,0.2937056682384709,0.045454681344279955,-0.2216427916952707,0.0383543476257099,-0.14195804046566696,1.3875453672322553,0.5581993569131833
ESQ,-0.032126679616159115,-0.038981502364313414,-0.09747900750274785,-0.016415623263678625,0.05376198317558911,0.40577897394314766,-0.01773149050224829,0.013198298891368126,-0.10388977225301543,1.2106192455961646,0.5579421221864952
IRM,-0.00669987135210226,-0.09783737984683782,-0.08824694917927745,-0.02274485661623571,0.026773219507942425,0.5208921078273546,0.2828259168466582,0.017418246547283422,-0.13136066555521986,0.9400888850518057,0.5578778135048232
SRLN,-0.031151703289796884,-0.02675657146115351,-0.1143369957921514,0.001285163146645063,0.022569218245101386,0.2546806596701649,-0.1263185155841789,0.0014741672929667478,-0.0058585542991281825,1.4539336713270046,0.5576848874598072
MDT,-0.05696466481245577,0.02489612925724627,-0.12032481413496265,-0.011883248395494594,0.017433932124004015,0.39258748701315155,-0.3684936454485804,0.014786642324374143,-0.13244258305957368,1.940329533650344,0.5561414790996785
ED,-0.03442990609972196,-0.08388256760026391,-0.20056600160914773,0.0012213475538749297,-0.0041766691448645865,0.8408621994263075,-0.08991361969162336,0.009515800861686402,-0.06396482547935867,1.0180306423932304,0.5560771704180064
AWI,-0.026269117166105138,0.009172065230835358,-0.21735946176311594,-0.04455086008612208,-0.04536693042672113,0.7899291947966409,0.05092717527749004,0.010229008437810438,-0.19161481109313228,0.8256721178021174,0.5558199356913184
BAH,-0.057469512837171166,0.10259972957619001,-0.1959867845065315,-0.008513477803008707,-0.03699327685252474,0.49449284931794646,-0.23090560025643767,0.02494064985548843,-0.26320747140616674,0.9254777195373198,0.5557556270096463
XYZ,-0.058208075668097936,-0.06579680353596395,0.08367025584353316,-0.02882755109337032,0.0916034613566683,0.5768612079874078,-0.2626919314234356,0.018434312966118815,-0.09398937675353569,0.9352721036436736,0.5556270096463022
MRSH,-0.03309704602275221,-0.06279329061846539,-0.0947503595174064,-0.030897831724911895,0.006183148138694472,0.6833616504527598,-0.038495760340747254,0.011053418953654444,-0.1322434400060678,1.1775353745659725,0.5554983922829583
ABI,-0.03333679640163789,-0.0410985000416364,-0.1358515270767393,-0.0022805196192223764,0.009667188664527204,0.4093581380365628,-0.5907033108204593,0.0014985402147401974,-0.006063486088164205,3.141012057808762,0.5554983922829583
IPAR,-0.008307133825480095,-0.08906876948360354,0.07172761084902568,-0.027140073127548514,0.1091707551108867,0.25783115696508313,0.2594844635687231,0.01907629237155383,-0.12145992885292001,0.9533380880178608,0.5553054662379421
AEP,-0.03498336183236839,-0.12924442316458573,-0.23703707397178952,0.0015168391616646737,-0.023717063030472496,1.0,-0.09897784706830597,0.008405766506863113,-0.10703174132817972,1.0904503396992162,0.555112540192926
VTES,-0.035761102134308276,-0.05633336905279496,-0.16218278242217798,-0.006970985584132117,-0.010318451742640566,0.641298673721278,-0.7440213973181191,0.002306168112128502,-0.01862294561213762,1.654350906956568,0.5544051446945337
RVLV,0.031075583100470094,-0.14475398750667734,-0.26708304185747245,-0.02724954729081286,-0.09159285588956978,1.0,0.5660631511539077,0.016660932354253668,-0.3087440622024885,0.8964062192516496,0.5536334405144695
CHE,-0.05451967343210107,-0.021216749819181535,0.15233328754553943,-0.0372315801287918,0.10080257521801328,0.3414206305440967,-0.3974459158293556,0.011099753134822204,-0.09053797556532228,1.0340654716058113,0.5532475884244373
RSG,-0.045284037984373526,-0.06733906504340048,-0.13467215922015563,0.004524120263036169,0.014879988700369662,0.5733980604577735,-0.2818826632451171,0.010008295539746612,-0.056889230933420354,1.0102760880701531,0.5531832797427653
CTA,-0.09335005255239459,0.06405764357706079,-0.13110995417659876,0.026807869192072342,0.030048585238768855,0.2977528290551338,-0.7147063062991289,0.015051845149248913,-0.08922814411844626,1.3573001073894733,0.5527331189710611
FEGE,-0.04920873410308557,-0.01568321003968287,-0.09799302857395764,-0.0181071321683709,0.025522562254616243,0.45394678503368807,-0.585286893600636,0.006890325456852949,-0.04593081002829302,0.9842289900433677,0.5524758842443729
SDRL,-0.06893317233652241,0.06022005546328835,-0.1717276768537307,0.0009344731977452003,0.060462549748256045,0.46446748180273173,-0.33215457927788117,0.024372813548903118,-0.14972624325893213,0.9597403167496569,0.552411575562701
NSC,-0.04670204128909583,-0.06765391333848447,-0.06992683947049882,-0.032365073446234294,0.025023340313928832,0.806150841681241,-0.27422300031161134,0.01003176031484961,-0.09897160312555742,0.849704652674327,0.5520900321543408
WTM,-0.036830364006096294,-0.09395562704637117,-0.2558629912184066,-0.00974537335470449,-0.030446047770649964,1.0,-0.15118118950885645,0.005806209551298487,-0.11066173363102205,0.9298460167889504,0.5512540192926044
NWS,-0.05027696198982112,-0.016359214816932033,-0.01189903790847402,-0.025316279638798234,0.06663126242890671,0.34469746503376514,-0.24976268365964005,0.016097166792071575,-0.08758037320356982,1.0410787494648934,0.5509324758842443
PEG,-0.032517424330959055,-0.14003868985037338,-0.26662244238952026,0.00415600545164585,-0.06616694137615153,1.0,-0.04058337994673629,0.01478438054182721,-0.14646459099086384,1.3172197988234333,0.5508681672025724
HQY,-0.04536064978079679,-0.06870263123161213,0.04245303990417737,-0.044528827383324976,0.05099598077122813,0.6360689018205906,-0.15308291484126949,0.012391721133913578,-0.12782097021121186,1.1091389272254208,0.5504823151125401
NOVT,-0.0364586061010822,-0.0873252428940543,-0.010004005292437501,-0.030976651311577452,0.014658789564522268,0.5752384346759242,-0.04505733229739331,0.031058993801092928,-0.15232593677662032,1.025388951234442,0.549967845659164
IQLT,-0.037720189599621534,-0.02759345720413231,-0.11021383496666104,-0.019055801021827135,0.028919323234122496,0.40584391457064867,-0.21891575710640176,0.007100094288262355,-0.04805119186695472,1.1432064657117362,0.5497749196141479
RPV,-0.05390277796546927,-0.03794131073967866,-0.04990194653853752,-0.016172186249232556,0.04966900889560799,0.4365395186746092,-0.7934699824996455,0.006873208717043745,-0.041270717228794274,1.2017902817415533,0.5491961414790996
ULCC,0.02199335381805434,-0.15651453655140468,0.3712980761060327,-0.059120199248970495,0.08129201002216835,0.3676471516335534,0.30132501763583824,0.029534610121298755,-0.27791564904928967,0.8168626845611369,0.5489389067524116
FTCS,-0.03628486463934544,-0.04973465445189218,-0.11644902006101021,-0.021766953063489636,0.006979021322065959,0.5543256772447308,-0.17572070717474556,0.005556926630156774,-0.05919988574308943,0.8784411992285347,0.5487459807073954
KVUE,-0.02391989673170203,-0.10082388337078307,-0.0961301787580695,-0.030815048490400065,0.007474595673076623,0.6971824932033828,0.11330435063711494,0.009472042893803864,-0.08695291879978573,0.9857386245666171,0.5483601286173634
CSGP,-0.02061399384855167,-0.007253267787308726,-0.3359244565164242,-0.013952971376208767,-0.23941843532399065,0.6138830195033693,0.07167964777156338,0.026288651710150587,-0.6193276312315781,0.883573107369514,0.5481028938906752
EGP,-0.022454978278680482,-0.10281420108033368,-0.1221051905279007,-0.012028781261882115,0.013853863983163572,0.5398273631349846,0.16447325262474624,0.010261694892893887,-0.11239954876355096,1.186770840701718,0.5476527331189711
IYM,-0.04727354801677186,-0.007623371650836708,-0.1635039731567578,-0.01861707893379272,0.018128611616833767,0.6068648727709719,-0.31509298015145243,0.011057478381003372,-0.06897476306895112,1.1403813450612694,0.547588424437299
EWY,-0.06094899938011722,0.01230680686421759,0.12507512149718392,-0.011853506612100273,0.11757564811935017,0.09748292543473697,-0.18779623219852357,0.028472268767745685,-0.19158300958874286,0.7295404812280694,0.547395498392283
FLKR,-0.0631612708158803,0.012703217782797038,0.15172641557870836,-0.013280482688893591,0.12870654073000387,0.10242073490832293,-0.2116540476075921,0.027617983458395085,-0.19017348128040712,0.9478259459500707,0.547266881028939
CSR,-0.04586407699658657,-0.024061687717008118,-0.2514728545646384,0.0299977282244952,-0.046370741247749536,0.4860553371949827,-0.19620689320567059,0.011337754053384351,-0.16419726088402276,1.3364213421662492,0.5468810289389067
DIHP,-0.03745114447774822,-0.03291048806317942,-0.13161547010706243,-0.01994777417177307,0.01407038618649259,0.48019760845425774,-0.21099112174695994,0.0073124639922912595,-0.0488048687674949,1.1651234889654172,0.5467524115755626
AOSL,0.07898382232919787,-0.2489029405061789,-0.09279337872550397,-0.021448165609593728,-0.09170333017787846,0.5490033312063124,0.48873679093584527,0.03464932354577266,-0.48377719849833134,0.9296022170856871,0.5465594855305466
JNJ,-0.05361292528112238,-0.028031768120122313,-0.04949081458738935,-0.017709940705306737,0.07952211795528141,0.3811773162529202,-0.3939764181159421,0.009853262404618096,-0.06554609948667156,0.956993692399189,0.5463665594855306
IDA,-0.03237839389079744,-0.14140914172915608,-0.22473712477718444,-0.006840743077136002,-0.026186646802050184,1.0,-0.040592160400263255,0.010047751195068894,-0.11991950678935481,1.2504533683159955,0.5461093247588424
EXPE,-0.04200526420062434,-0.010568718287968126,0.05189592534353893,-0.0744022397833689,0.05743792863887154,0.4330802687187701,-0.09127592232124757,0.02368223424253547,-0.19183048163786887,1.2341670921943846,0.5458520900321544
PLMR,-0.03917494848899472,-0.09509775550035093,-0.11768656337529948,0.006052587318025049,0.04971351526933909,0.4915442300654089,-0.0869033634408819,0.01740750236662972,-0.08996640841524317,1.0300724424587442,0.5456591639871384
BUD,-0.035728017034942106,-0.06870498256929769,-0.11718046216082767,-0.020525372530183272,0.015582801427160176,0.613371835134224,-0.07732283546523515,0.015967952896488707,-0.1068455727855061,0.9861886520574623,0.5454019292604502
CPRI,0.1294899783630259,-0.18717896969823034,-0.4007531399374772,0.0338956911662478,-0.19420955052485134,0.6449270404655036,1.2667513949262523,0.024694133386129566,-0.45986986034704924,1.158205017634974,0.5452090032154341
VAL,-0.04929045102499907,0.014508897396529719,-0.29054477095930176,0.0053546525008631995,0.012383795923192276,0.5797763750931383,-0.1499300457718849,0.032215204182396505,-0.25855226081524874,1.0257640274559838,0.545209003215434
HLN,-0.02014425408687681,-0.09142300292523142,-0.19939317450355198,-0.023091353411747506,-0.037892757103268004,0.8880585755238802,0.1568350656631095,0.01462374528588687,-0.15700402351571852,1.5267659639000073,0.5449517684887459
EQIX,-0.028020613463440647,-0.050373721805987315,-0.14638101141370274,-0.014022425208792377,0.039490903859728865,0.45548489345571275,0.0303652630968367,0.01718744344541252,-0.07593698475991195,0.9043480929018004,0.54475884244373
SCHD,-0.04990234559953455,-0.01874920207085684,-0.052976060570347316,-0.02127844581701277,0.05337000149899218,0.34779686740534266,-0.587356018734136,0.006499594411566804,-0.05342955502690383,0.982403335962768,0.5441800643086816
PFGC,-0.023505643422312428,-0.2039072603241996,-0.08479032562899058,-0.04744576738826356,-0.01946444258660962,1.0,0.09498007367499454,0.01548836691551768,-0.1855551134961535,0.8982478004065594,0.5439228295819936
GRC,-0.014470834104572061,-0.09353869341307297,-0.06604925505532022,-0.03291442728019156,0.054636989381353196,0.5015820129772144,0.2044368131306874,0.018160782589242832,-0.1870797647007434,1.1629321211786359,0.5432797427652734
GNR,-0.0683806039687378,0.054911397507588555,-0.1365197909415401,-0.009877618210928696,0.049146302354903026,0.377593321588497,-0.8359606410009282,0.010659766605076192,-0.053356647072066776,1.3805910447279022,0.5430868167202573
KFRC,-0.01870391564249063,-0.11259493346166416,0.708016420457622,-0.05197806502806557,0.23528882370242843,0.299702861023856,0.12452297018770639,0.014971370916978796,-0.13821839921137147,0.8355358286099921,0.5430225080385853
PTON,-0.009106399990137959,-0.2158789991782193,-0.06459981963401362,-0.047176591020324676,-0.053186411089464314,0.9400005340576172,0.14154456373456376,0.021353726365616336,-0.3606870216272341,1.0207224059594187,0.542379421221865
TDAY,0.06017219268668583,-0.2437562602601151,-0.16945416551571624,0.005776643880767818,-0.015654799083078208,0.5210086828436002,0.6474603039122719,0.0356815053434125,-0.2403100402687144,1.010450994070239,0.5418006430868167
DFTX,-0.02700230454153263,-0.17500535283982754,0.606214311742511,-0.0634137528822748,0.3524954910822864,0.599348643483577,0.020832946472838215,0.04206316114124763,-0.218575851100676,1.2360443136170354,0.5414147909967846
VIPS,0.0033359321998691627,-0.10809204391248006,-0.2892893861815201,-0.03395457718828265,-0.12100092094454107,1.0,0.4471754495931382,0.014115258171837178,-0.3324268185939222,1.0473863337964144,0.5403215434083601
BAM,-0.050028794530825316,-0.03945503563933661,-0.09993717326007356,-0.05133601961460854,-0.02580156057348082,0.852111604016713,-0.23376976123486967,0.012305326459289896,-0.1807691251444562,1.1812666500016509,0.54
CGGO,-0.03536341279943156,-0.05449644108178342,-0.050839261073475805,-0.018237566469000432,0.03284293965761376,0.31528600516077615,-0.09822073328325348,0.009148703477726745,-0.07313927370994666,0.9311455180877292,0.54
FXI,-0.033795694283247246,-0.018585304651742796,-0.20075730676967007,-0.020326032483519385,-0.0480101938977211,0.5773487241849515,-0.06506531483345379,0.012404362863825047,-0.1541919123424459,0.9774135280213476,0.539935691318328
POWL,0.06746613261968837,-0.18134753211482046,-0.310646259565313,0.007957114810678734,-0.07386393631821364,0.6916741972975922,0.579053800161037,0.02866506875138519,-0.39648256331961673,0.8539455315253462,0.5398713826366558
EEMV,-0.04351754207507774,-0.015584856178004092,-0.05068318758493229,-0.01090922216140211,0.05072263546396272,0.1828961936750435,-0.27571259620359184,0.010078654360035232,-0.038082913885220004,1.0577132500076722,0.539742765273312
EG,-0.04055486641781747,-0.06515167367910368,-0.02610156528691232,-0.009508833905004566,0.062033477267737336,0.2794617811161003,-0.1583287232928318,0.011366296817534361,-0.07379734414862305,1.1705932560880896,0.5395498392282958
IBDV,-0.03474289612511927,-0.051546315835582,-0.16348523336462484,-0.0072028173340630275,-0.010265569379162232,0.4919384179384562,-0.5436971688156883,0.0019044294236985502,-0.020393453152087293,1.4482362157978066,0.5389710610932477
MGA,-0.048716191142437304,-0.0371206764954386,-0.030170386051076026,-0.03875177304964539,0.042908826701810066,0.5029064867550256,-0.18355826255286034,0.017000591332781798,-0.1245722369425607,0.8907678964938451,0.5385209003215434
FCG,-0.0851454241615579,0.05232764684598035,-0.13873622899738347,-0.0029644504129671123,0.06361413316612174,0.3910596931261791,-0.6859437583466077,0.018548268363568217,-0.0722244010783274,1.282828772581211,0.5382636655948552
AVAH,-0.14588794396560867,0.22547940159233404,0.8187989916507832,-0.014960370281435709,0.37546491964015694,0.018518502166077096,-0.6350069360723894,0.01654180195140494,-0.14742697278771932,1.0705820718863734,0.5381993569131833
SPGI,-0.036929041296548615,-0.10896913820040155,-0.11000231152907314,-0.015463781285100842,-0.030185718823697694,0.6659438408812359,-0.08603736725659335,0.011646789661018763,-0.20567022058163464,0.9797534106083832,0.5381993569131833
IAK,-0.0452279572548665,-0.08810851188850899,-0.060630210164884346,-0.015724229271400603,0.036669839362652557,0.5322469687849343,-0.293623666745127,0.008980115225048267,-0.07172805740878685,0.5501091841608493,0.5376205787781351
FCOM,-0.020585999348056605,-0.04147657017288697,-0.13958697418099364,0.00640384997776855,0.0038429195539726457,0.1741939294600601,0.15918813593507694,0.014517908300037768,-0.044926009265494504,1.0604950579704957,0.537491961414791
YOU,-0.014303772434608009,-0.2213075207055416,-0.20565869547879334,-0.0162444797051432,-0.06989408621160353,1.0,0.1359579752062752,0.019629058317126094,-0.2991552001599551,1.2491784441528555,0.537170418006431
NSSC,-0.01092328789764907,-0.029395780847496278,-0.3018996029267915,-0.021343530158686175,-0.07945393709227278,0.6139231796265938,0.23903273432121738,0.01373438614574245,-0.22757553589997215,0.9086607276023527,0.5371061093247589
VOX,-0.02056010046699286,-0.042374438733185915,-0.138116016134467,0.0062162151549916,0.004391064530905098,0.17295037029465604,0.1583727032019386,0.014472764317748202,-0.0436229907771416,1.1931342240829979,0.5371061093247589
VNOM,-0.06813739908610605,-0.02764894448672761,-0.1666472081113629,0.007070365056683903,0.006859011686273009,0.5370679242389773,-0.4489671658641015,0.021476740588303917,-0.1271649257699501,1.335536405121121,0.5367845659163988
TAFI,-0.036518795600240184,-0.05639979697646447,-0.15993944581071262,-0.00768801160892274,-0.008771409958538756,0.5142904654014842,-0.9275531771724672,0.002048164789759336,-0.015995943008758284,1.5771008069039465,0.5367845659163988
MAN,-0.09700349573301625,0.2679558242044551,0.870195626982317,-0.07564837213352471,0.38975791384149505,0.2059269247983081,-0.3065550382137466,0.019236409376910783,-0.15448772312873038,0.7816056577941131,0.5367845659163987
BLSH,-0.060554136891723065,0.39445747612550486,-0.24527901345014325,0.034003173967257716,-0.009312919589447022,0.15608187513909888,-0.13401742885989235,0.0503944641667554,-0.5074201609755378,0.92017960902313,0.5365916398713827
CROX,0.04324501652027557,-0.1466825103711512,0.0190489014937274,-0.049629135734887475,0.09039397268613114,0.3663026309968957,0.6330597521039371,0.024861645799000354,-0.17239183756928,1.1143982338712177,0.5365273311897106
PRGS,-0.06603022777563627,-0.017902019637952016,0.31734385426124456,-0.0614732991668846,0.0685135260226375,0.37034373266512366,-0.27719916658365323,0.0315782203283854,-0.1643908297833534,1.2369690535926692,0.5360128617363344
HCC,-0.11800321758784227,0.08806871834342145,-0.1006099150041011,-0.030871820389952398,0.026004407464893298,0.6401063049407684,-0.7424575499591908,0.025147315630953543,-0.1582267498663278,1.0808097196644375,0.5359485530546623
FNDA,-0.040748575659883324,-0.08262675256133745,-0.09540963322118845,-0.027051887932510787,0.015108662434773157,0.6673046050480126,-0.30694890364060734,0.0062301385938002335,-0.07016571323606591,1.75740993461972,0.5357556270096463
ICHR,0.03822701174624332,-0.38314021904189643,-0.11574049228746763,-0.01650167410633563,0.006093508483140608,0.6952612054379375,0.26522960271208584,0.032698446534723494,-0.4691841902200783,0.8864769359062018,0.5352411575562701
AFL,-0.027346655071869064,-0.10640397989589945,-0.10437710227959185,-0.02066585340355842,0.004961201421403327,0.572212727070206,0.06310535607747209,0.008902185604909478,-0.1091988488151252,0.9723694197599027,0.53491961414791
PLPC,-0.044021911055507235,0.12975947540071475,0.1259360367209026,-0.050818138071631935,0.19689850098808925,0.052878789840849344,-0.05494406154063748,0.022906674746992817,-0.1710057960413056,0.8418988064091557,0.5347909967845659
XBI,-0.05001175089113474,-0.052582009352725056,0.03672824559259813,-0.028455551178418026,0.10223118816743537,0.35469037883759097,-0.2339237870806609,0.01855218818558148,-0.09317607706304809,1.1392393869926378,0.5344694533762058
VSDM,-0.03810563210457241,-0.05862486337894757,-0.16215047361466528,-0.009134756981917569,-0.010561775922185324,0.5454770564962114,-1.0557034170676625,0.0023471310745652872,-0.017747227231332485,1.8552623618834467,0.5343408360128618
DXCM,-0.04074253887802404,0.05312206145975584,0.1542045832380019,-0.04345619175067428,0.13787480144221398,0.04071661642531767,-0.08831222695048983,0.014596070778592747,-0.09421699472899203,0.8838519225358825,0.5336334405144695
ST,-0.029262679622151788,-0.08853207081218928,-0.062033328911294205,-0.02243860932797792,0.02409025886881544,0.4125879815560514,0.012579289900700449,0.019110946196631725,-0.20915163105789691,0.8352330858004985,0.5335048231511254
YUM,-0.022525152415258765,-0.1408179669842584,-0.24675718123407864,-0.0014616101340163556,-0.04856107358373596,0.8771263868837895,0.09279274686950513,0.017471930869988335,-0.1297319925483187,0.9491652970934645,0.5333762057877813
XHG,-0.28840969947821526,1.6358015287748355,1.5570399869204894,-0.12151057516920527,0.7055914313441665,0.444444334065477,-0.1268056494469262,0.07773142562670864,-0.4956709996922233,1.2414555310675228,0.5331189710610932
PLAB,0.011835459280064242,-0.006644985982242835,-0.4934649015743936,-0.02253006070820318,-0.17387224457536465,0.5588914824327902,0.33391861808913315,0.02229969938706349,-0.461790385435741,0.7410838886915029,0.5325401929260449
R,-0.042575382929654015,-0.13908301509246157,-0.05353948991525015,-0.029763777195046748,0.030862378808348856,0.812781584825654,-0.19508972986795572,0.011215508823617017,-0.1451837675888884,0.9050920073500563,0.532411575562701
AZO,-0.014813468783592132,-0.09187567430752397,-0.2991612819155036,-0.006424432258500312,-0.1086958000286875,0.7752031690859326,0.2018548679471093,0.01873237076668047,-0.2858610809491122,1.3650448248289944,0.532411575562701
VSAT,-0.07149664231343411,-0.0194228316812024,0.11236005531877491,-0.04898076667400664,0.15157030016117767,0.4152732592507538,-0.2378442005169956,0.03294308028463499,-0.20793893697836208,0.9538476605315899,0.5322829581993569
ET,-0.08797202830962148,-0.010520463088118825,-0.048462390618781104,-0.017672829720804195,0.07975835907420037,0.4127903301821408,-1.2688599237760512,0.010455669648586139,-0.05752416135906446,1.0143538481592773,0.5322186495176849
LLYVK,-0.012998177037987446,-0.10388308919700917,-0.14541640790383936,-0.027286129419459515,0.02277263321471934,0.638270214923236,0.22316723718338816,0.011654086071965409,-0.09480065806506055,1.0636433831718957,0.5313183279742766
ENSG,-0.026603619571347714,-0.012284829025167587,-0.2803622037529534,-0.014409522218794102,-0.044652241350760735,0.4869133734810961,0.06272256506604758,0.01303938309576171,-0.19574742818017665,0.9841042580112271,0.5310610932475884
FIG,-0.024124411627314046,-0.1002873625566757,0.07461008993472573,-0.08016742857376757,-0.07797292310001613,0.55464501947476,0.029436875071776867,0.0234555849746971,-0.6720635871942964,0.655824420771267,0.5310610932475883
RKLB,0.07655500860226927,-0.14844694439462758,-0.14432841972596377,-0.027642559963738322,-0.15955803508830235,0.4828056538029122,0.5509775351005073,0.03707195671336867,-0.5434340737108314,1.10936118618861,0.5310610932475883
AXTA,-0.06366365333827761,-0.016790230000637507,-0.012227579065982264,-0.0565063677363451,0.02179189105556767,0.5714287211421469,-0.387764566036556,0.015541499509537114,-0.13877977029708188,1.213001806983148,0.5309324758842443
WWD,-0.01603813390140396,-0.1911881607029332,-0.2817953054391854,-0.011665463840253687,-0.072420514941268,1.0,0.14924250293980668,0.01719933587093692,-0.2258836304756423,1.2364917788849872,0.5291318327974276
GPC,-0.08001555735273802,-0.0020210590823674934,0.05602184359943996,-0.029928328584404418,0.07928957890184751,0.2954262320900287,-0.6629784936559484,0.012592428492798883,-0.12171682827828445,0.7666385702093073,0.5287459807073955
SYM,0.00702174309084036,-0.03740998170002019,-0.3601388918727536,0.008965686373049175,-0.14784637033204662,0.31741590792438756,0.23491844972093476,0.027804602285018805,-0.5115693253255864,1.0103435267451943,0.5285530546623795
TMSL,-0.03814571869877492,-0.07427669254342828,-0.0893918482622309,-0.029701713639820992,0.02030846840474254,0.5555559836930973,-0.19685866613347922,0.007165397231301623,-0.07862408804495025,1.283844585611695,0.5284244372990353
DFAX,-0.04140192893641903,-0.014035097550039177,-0.10358810718001932,-0.013179809271780862,0.03525093062506657,0.21428571428571427,-0.2729974303764943,0.008660661584701265,-0.034264857713322217,0.9930234609090957,0.5283601286173634
MCO,-0.03791532318078972,-0.10463179060078087,-0.0620689857986243,-0.029723689716895096,-0.009940633185255066,0.6155320004739946,-0.10819224641919237,0.012331318397243008,-0.1346220478976965,1.0296777379596378,0.5283601286173634
UNP,-0.054452294765186426,-0.07319525716090558,-0.02787508231154301,-0.031635142958434725,0.05726619393684218,0.6012957640761262,-0.395572056821427,0.011718841552205204,-0.09788686240176558,0.9273408254752986,0.5281028938906752
NOK,-0.05540081856810808,-0.15655946684137634,-0.05765337819162686,0.01312012660753581,0.02349183593640336,0.5340905889008258,-0.13754236264477548,0.043340301558417116,-0.385459981732468,1.0003125999924678,0.5272025723472669
CHCO,-0.05397720748404211,0.011421173452444311,-0.03185984293684996,-0.022553641156017434,0.08629210946771138,0.19039859740600953,-0.5170432453476962,0.00916697292727483,-0.05210157911663793,1.0981402131073907,0.5269453376205788
ACIW,-0.05286466295138614,-0.14204030858708094,0.12136529781494354,-0.024790530237345898,0.08781822894929103,0.5455663555089941,-0.2749600874624819,0.01193418728863871,-0.1557826512538868,0.7961589359528157,0.5268810289389068
EFG,-0.03421531097065489,-0.0437288178656976,-0.12847318662307217,-0.021175901504338235,0.006132295238593377,0.3821753240766351,-0.08598732523997156,0.008752407216776706,-0.053755399154136296,1.8335471267049996,0.5268167202572347
ACGL,-0.03211102742654881,-0.11047491821362476,-0.15153281346758374,-0.013247784924152906,-0.0031155115517196297,0.6583189116299891,-0.02761556117467671,0.01144220338549499,-0.09804660135490528,1.4349673562541276,0.5267524115755627
TRNO,-0.022855350128697882,-0.11017851479356133,-0.14156197676732507,-0.02081771908839003,0.00906760802940454,0.6058893366313466,0.15414425221647995,0.008823639478979258,-0.12741526761858613,1.1023264508297312,0.5266881028938906
BFH,-0.08467768293264633,-0.00011487851612113076,0.13349806049442403,-0.04483700256328038,0.1303445417217699,0.335638705672383,-0.6180497372789981,0.019922924622108235,-0.10683143425557173,1.128391567689242,0.5265594855305467
CELH,0.04221459772356173,-0.08476624088609908,-0.33284166460769926,-0.02404273140753943,-0.20767937834462558,0.6875003612403549,0.36459068910032294,0.023820237213273542,-0.5595898818184919,0.709827735738687,0.5264951768488746
NCNO,-0.11257573460423875,0.08810051089083348,-0.02504161941996741,-0.038141805560198194,0.060035924182873845,0.4066192670189175,-0.5942820041293361,0.030994669587367314,-0.2741697490992001,0.9396809298780843,0.5257877813504823
KNG,-0.03859367649286616,-0.06455303370423582,-0.11520862031399903,-0.02247301382574618,0.006969450893005602,0.48817249855677014,-0.2506045409846353,0.005780298371614989,-0.05512336421803421,1.078503514228292,0.5255948553054662
DAN,-0.07071524899422854,0.04298797009313193,-0.33855194771594466,-0.0019673852427181115,-0.04540683703477888,0.6849110063636615,-0.3761625902326901,0.02328477564977387,-0.23791745138669895,1.0394954694311065,0.5254662379421221
PRVA,-0.007374754825335339,-0.2951380403231084,-0.22065740511538712,-0.004366648633996606,-0.08513430702448144,0.9775286316800109,0.2896761347587887,0.015299035362340582,-0.25836299396171447,1.071965690214765,0.5254019292604502
PDBA,-0.06255522873119146,-0.019808561729236285,-0.09644815486752156,-0.0023743762061261275,0.043002289017501916,0.2712085686004334,-0.8973680378002736,0.007815993283745016,-0.03889168007306987,0.8081099651379394,0.5254019292604502
DD,-0.008141835108800732,-0.05688783554703447,-0.22632630054241532,-0.03201594985162193,-0.0496210845318481,0.652948180359269,0.34987140999007793,0.012870398256998844,-0.14756382379237976,0.7390249930494205,0.5254019292604502
AIXI,-0.35335107931029963,0.19965249033135768,-1.066237614310075,0.1907598252739584,-0.6711119086346587,0.7523403318482055,-0.04052481736909055,0.192626235327225,-0.9461794877663636,1.2825432349238641,0.5253376205787781
RRX,0.026870960778538233,-0.24844443335034727,-0.35662354394260953,0.0013673031455190277,-0.12384555923624141,0.9338739614025409,0.3909289822564871,0.02107161686115906,-0.3052120218763782,0.9825075324098671,0.5252090032154341
LVHI,-0.037461703707821425,-0.027954170987381843,-0.11361170513834806,-0.013267877878152534,0.041213550571669755,0.23214314908365621,-0.3227040255731172,0.005700015543542665,-0.025495156645656825,1.0646403249776848,0.5251446945337621
SHYG,-0.03833932311565269,-0.04763724798160485,-0.14543853116641747,-0.007727817056662589,0.0011819116958409204,0.3563006847934239,-1.0491062618204476,0.0020358791215352146,-0.015496740379146168,1.2216732885655122,0.5246302250803858
AMLX,-0.1460134603071589,0.587824542330464,0.5825482587680431,-0.0586357958428978,0.5010922469281462,0.17529671449189235,-0.28463550092410433,0.031137113775948837,-0.2843797187762074,0.6160401252800235,0.5243086816720257
KMPR,-0.026376856545694993,-0.12453057524036804,-0.26079530184233657,0.004104944923610132,-0.09412985932535956,0.7344825658446431,0.03443775753239793,0.019525779736184697,-0.4388032675817878,0.9995179323711384,0.5241157556270096
LZ,-0.01944954903200058,-0.26839554914164976,-0.08719985863642088,-0.012853572255093315,-0.12279737490144538,0.6325299301347725,0.04921169654958142,0.022457350420752427,-0.453339456742451,0.9851780344755801,0.5237942122186496
ORCL,-0.10054072068128794,0.03883280891388785,-0.11877112527565359,-0.024309250753777656,-0.1172479124800545,0.5347415419273414,-0.44252123475769006,0.030292760874277434,-0.5412402543707671,0.9817702367899547,0.5237299035369775
CGDG,-0.045512197532208254,-0.04723471730190276,-0.12978221721029382,-0.01918323063862515,0.012913903396561954,0.47237557607360986,-0.6708526067254738,0.005171273878741222,-0.0397697225493846,1.219578098865693,0.5237299035369775
GFS,0.012196299884052353,-0.292907823253427,-0.1714941451598061,-0.0007038426289002198,-0.12085588574826145,0.685133040806749,0.2766662311370766,0.032124511596800916,-0.46655196911791275,0.9938690125841139,0.5236012861736334
FCFS,-0.08691726320770454,-0.04073661340088708,-0.08413846804659353,-0.0074994006917246114,0.05661560411897426,0.4684750495295393,-0.5110930050464905,0.015026658527327071,-0.09258554357638715,0.8496453576475141,0.5234726688102894
AKAM,-0.021393435460107524,-0.17845773922845776,0.031098498783995954,-0.028307630181158228,-0.035807588672994606,0.4104901124530938,0.05683603662014386,0.04150761778761973,-0.3291547791760424,1.4342234803403848,0.5232154340836013
WTI,-0.15455287263675466,-0.0058501255147243025,0.18391133670430193,-0.015547434732727239,0.13433928290871466,0.28125005820765137,-0.7302360442475107,0.02777697968877313,-0.2489126061374578,0.978398683408469,0.5231511254019292
TYL,-0.04903322424445167,0.005457508240788389,-0.11461641924027899,-0.023321122078712953,-0.03824689525637792,0.3000227753650933,-0.14982604686486906,0.021850452718795668,-0.36523743745305637,0.8114593127042858,0.5223151125401929
NEM,-0.0924424739956079,0.23117777444509358,-0.1692750454685542,-0.014028868356494861,0.06124393556171004,0.34839638148748714,-0.49678577248728856,0.020379129061525388,-0.12264094797353786,0.8250383202138197,0.5221221864951768
JBL,-0.020870507204937327,-0.09265723943513249,-0.1311099370344515,-0.03466362545401447,0.006848467965894445,0.5874656237212976,0.0662239591227491,0.0320896404850966,-0.20709989572246823,1.3372432421709655,0.5218649517684888
AEM,-0.06669959508528867,0.2813875750964956,-0.2816848058424528,-0.009960300603121697,0.004490956368235821,0.39550959471977465,-0.256432642544706,0.022744994330854678,-0.24485977138410175,0.6597722639872576,0.5218649517684887
IBKR,-0.0453997570558754,-0.10004691239263042,0.08705871357568573,-0.0257827477625705,0.07708693917360421,0.3418487421294333,-0.13286095752012206,0.019144252338078722,-0.10212096931177395,0.9333307418521523,0.5216720257234726
INVX,-0.08231721312186469,0.06156226527534625,-0.09039878068287632,-0.03570793634200087,0.053177007854294356,0.40594035098983816,-0.3801331627808912,0.026493351495030074,-0.11002211933514272,1.046268198386002,0.5212861736334405
HPQ,-0.10912183247469098,0.1868717526068313,0.5355124471322725,-0.023167357097280683,0.2882891539177084,0.0,-0.5160509954945388,0.029074955612384764,-0.1500845243600356,0.9443710950362442,0.5212218649517686
SHC,-0.0381148651922657,-0.04511103505462133,0.02742537612478535,-0.030175833883747005,0.06486764316799265,0.19333394368489584,-0.1094289127588761,0.014356590028005559,-0.07409294216669349,0.8158350169267871,0.5207073954983923
ZYME,-0.046146713803698614,0.0009446370517289804,-0.16366035231776943,-0.017961250845338173,0.037212300157146494,0.36024865814323037,-0.11667596626813341,0.02867271730390217,-0.16199674405444708,1.3730666293366487,0.5204501607717041
AEIS,0.015763957647053406,-0.08265726514370253,-0.39739241478527676,-0.014189531436702874,-0.06735677984376742,0.6669151558919504,0.23114865483310643,0.0348127230015021,-0.26338835010440353,0.8921603330366432,0.520128617363344
ELAN,-0.028479359728664555,-0.1312613869312692,-0.16198976572328116,-0.022753329743514517,-0.038056681668011016,0.8224644341459841,0.018559622890880798,0.012605909952378777,-0.14660951727166716,0.8993179870343487,0.5200643086816721
BILL,-0.09196372333245406,0.0005711858581971541,0.13555116135270895,-0.053214813743149625,0.03913374846372908,0.3708136438387168,-0.48504275701992894,0.023677630091833927,-0.20618008039791003,0.7958229242323991,0.5193569131832798
IE,-0.050254622134168314,0.10656489568672578,-0.3974258377301624,-0.02494108438463094,-0.20314340534558617,0.6694448609410539,-0.09167154723381521,0.04573019752855518,-0.49071283037609714,1.044440886546249,0.5187138263665595
DBA,-0.06387213545112336,-0.01999273519657363,-0.09833878368892202,-0.002520089322262664,0.041879213036908114,0.2530132664152643,-0.8803713448788046,0.00803767231661594,-0.038996257289108494,0.9922868611125485,0.5185852090032155
CNP,-0.04003375678283805,-0.15913825227945044,-0.24906015317745367,-0.00908030504138524,-0.05574998101288686,1.0,-0.18126157003042295,0.010601673447301601,-0.13462380158177356,1.084223623807323,0.5184565916398715
SWK,-0.03476258309699043,-0.006669863983141733,0.10242865337045126,-0.0594802234329751,0.07182363636585953,0.14005332587703093,-0.0502413783451122,0.015159416260312732,-0.13828649790337766,0.9526585885373207,0.5172990353697748
FSM,-0.12173420421680092,0.2658844343054312,-0.10741484919783417,-0.03176177005811642,0.06047104037294715,0.39712912110476545,-0.5960915453655171,0.03313353883843156,-0.19838946328102502,1.0159282700855576,0.5161414790996786
NNI,-0.031004391799527964,-0.08662659557616637,-0.19707735060037634,-0.010122418116463527,-0.036535317908160225,0.596371795781166,-0.01172346203859271,0.00532622860211831,-0.12388968569359748,1.0553463267984702,0.5161414790996786
NEO,-0.09773925435655428,0.12170872271391198,0.9836284472444672,-0.05897118154359926,0.3193750732346543,0.11548198438830137,-0.38413061478104893,0.0453882786946765,-0.1750377015098039,1.066469892522086,0.5160128617363344
COLD,-0.026075826842915317,-0.1384884664820598,0.04566752392857487,-0.02535448402420304,0.04985097964824203,0.28123451318168174,0.045390965693049366,0.017921120319712602,-0.1272779606989316,0.9415267215724425,0.5158842443729903
NOBL,-0.04138920951830238,-0.06858100968616165,-0.11121874181353975,-0.025516658417612637,0.008284588774160495,0.49930044887132646,-0.3135272568420163,0.006375669529596693,-0.06100543129024494,0.983122197595327,0.5156913183279743
BIRK,0.06762968849104523,-0.2872618212984377,-0.26611963731168375,-0.02265580918298782,-0.1325633485264831,0.9248122169750214,0.747385824043583,0.02048449022664028,-0.31182356702306857,0.8533738740797171,0.5152411575562701
BNS,-0.06888963075693522,-0.027915432056761835,0.08353301111700118,-0.020536474100354973,0.11299475582319696,0.17181964809691702,-0.5498118567716959,0.012123979513852039,-0.06375393367013349,0.9365381788835595,0.5151768488745981
SPIB,-0.03689073840189705,-0.05527893456378652,-0.16684606983887096,-0.00942552274089925,-0.013499580056042793,0.39436720079094334,-0.6988648913867314,0.0024053866569639115,-0.023382765894195745,1.0529835886191443,0.5151768488745981
BKV,-0.05769139350381591,-0.10090912070262259,-0.2906582153952556,0.005932874566183299,-0.09844006781227765,0.9767442892021897,-0.20072239089825603,0.02788887628863035,-0.24502485068888147,1.0617300550864543,0.5142765273311897
BEAM,0.02392221142292006,-0.2134883304949522,-0.21551414039121708,-0.030925905303046064,-0.09653329436466229,0.9169609128314692,0.3204754956621586,0.028916645698203427,-0.32238921583421354,1.0069938662016311,0.5138906752411575
QCOM,-0.04407294381385796,-0.08888846281361984,0.22262046662314172,0.010423435830557937,0.038532694146247604,0.0,-0.10397534042099246,0.03533141368052616,-0.2985919348107722,1.1022244653000537,0.5135691318327974
AVDV,-0.0513250469841674,0.014966275037735288,-0.10562283504599912,-0.014567787007975785,0.0411530919338976,0.16280851485813636,-0.5121856363562962,0.007923022306010018,-0.041667989178651,0.8508648182944429,0.5131832797427653
ORIC,-0.03293334613280219,0.10869232900174586,0.0339447324940052,-0.07339710864312998,0.10142686640861243,0.03947394838615767,-0.01149006303250853,0.029703724167106205,-0.17815697779104023,1.1106246177309067,0.5131189710610933
VIV,-0.008294211500490478,-0.1359827147355186,-0.40278739049599943,0.031929524550669,-0.0864699924259279,0.5845069571209246,0.23655305732149948,0.025450075481248287,-0.2505251856151215,1.0291778160681568,0.5129903536977493
JXN,-0.08691936462776151,0.038324510845878956,0.14332674377009313,-0.01958796128496698,0.127426611907139,0.04274349270101182,-0.6207743470755961,0.019297417566134262,-0.07170160755803567,1.3198682692251238,0.5129260450160771
GPN,-0.09811497790199519,0.03191640073473523,0.11416026526744738,-0.05951718430306552,0.0821111987881813,0.3340387774627397,-0.6344078099553074,0.018907188315802424,-0.12940968977606615,0.843124250837814,0.5128617363344051
GUNR,-0.07258408515647397,0.03262733984933042,-0.17197809406521103,-0.010820749687930675,0.028027463101498284,0.36156117296541457,-0.9588564080616825,0.010034884436090522,-0.058103405443701406,0.7340927367509813,0.5121543408360129
FSS,-0.021457876815782484,-0.06220097893584409,-0.1546152494643277,-0.03775070984910578,-0.008675729349110206,0.5020412527157017,0.08535125437839756,0.017426856471642008,-0.14373440131404447,1.1108784102080407,0.5119614147909968
FXU,-0.044085337718374085,-0.12225377860333131,-0.24604937650113712,-0.014252761536849179,-0.03874524796376755,0.9969630507585912,-0.3603244822525822,0.008294316314684925,-0.09943676527755285,0.9522950789975583,0.5118327974276528
VIGI,-0.0419045946734492,-0.036883946679054924,-0.10263853824554392,-0.022808694025158616,0.017484896994013566,0.29245785634272287,-0.34347827437714384,0.006781367333389369,-0.047306517667422554,1.0428283412412938,0.5117684887459808
KEX,-0.048306232706570085,-0.08890586495008579,-0.18264402024844972,-0.0031410773903294276,0.006143973722996687,0.6595259621938158,-0.21618664286884354,0.014874551872805581,-0.10796901002766157,0.9654453137945108,0.5111897106109324
LMBS,-0.03863858692866051,-0.05184394087869859,-0.15871150157368552,-0.008240777848679826,-0.0068446769775060146,0.34649284493448174,-1.2467207965749518,0.001795877878271755,-0.01558926452086129,1.4360281706823543,0.5110610932475884
ITW,-0.024487667476540853,-0.05974182548629514,-0.16011286561369542,-0.03583875674550696,-0.0025938749654562665,0.5095489094382148,0.09426465946666458,0.012789030140772198,-0.10271546927907982,1.0686301738460418,0.5109967845659165
JPIE,-0.03900109614642078,-0.04891563843256075,-0.1516151771549139,-0.00792403232720662,-0.0020575259870039275,0.31547718869536745,-1.346605808014659,0.001860493965481951,-0.015303427160520355,1.196998601688971,0.5109324758842444
ZVRA,-0.08849104593758572,-0.180447346537986,0.0473153385568712,-0.00863087532589657,0.06910852072393348,0.6650483526668386,-0.2930613910453238,0.029885142067545046,-0.22983053175069523,0.8872997601498497,0.5106752411575562
GEHC,-0.009977716185687546,-0.03804088611485623,-0.2559512412513403,-0.04527844787945279,-0.07392604979204986,0.6276597101523214,0.187442550324206,0.012507523576482807,-0.2553311346235262,0.9310464113361901,0.5106752411575562
CORO,-0.04368117091124302,-0.02477347004980368,-0.07783857309559128,-0.016218166480044927,0.04258622697845427,0.16538482982038635,-0.2973987596167513,0.008876389805117534,-0.03662759633634616,2.676458257571577,0.5106109324758842
AVGO,-0.024850937703720932,-0.09756163559522169,-0.1741331788757695,-0.02480101486070574,-0.013398785889843112,0.6217311251700943,0.05065991533154357,0.023906909251497327,-0.24533544085710546,1.065546989873763,0.5105466237942122
VSS,-0.04295659126305884,-0.020865823105530534,-0.13705298488216977,-0.015128241006106102,0.009558301129474867,0.2504042714732244,-0.3075639945062727,0.008447125034231031,-0.039208195906714316,1.021774630659858,0.5105466237942122
CUZ,-0.029209645453993183,-0.125159445628375,0.08313163695664616,-0.03320420105055266,0.05499531757119103,0.2826321709113317,0.021843636922205808,0.011057348626538975,-0.13391341299468118,1.0176179748249286,0.5104180064308681
SNDK,-0.09430855855516951,-0.09580706360292235,0.7079817150354268,0.0012302300012310141,0.3410504343332985,0.17579757887994765,-0.20141167234302926,0.042104051513667376,-0.32141327623126337,0.663758026840734,0.5100321543408359
ARMK,-0.056082082232156716,-0.08939434732954354,0.14368348256269536,-0.03395516003869248,0.13615005870008146,0.35240988542885093,-0.3559094487562083,0.011266020328001083,-0.11179812879271867,0.8880580293847029,0.509903536977492
BBCA,-0.05066988266907879,-0.037143833963023676,-0.10133003014591502,-0.025979527990957152,0.02609108623200984,0.3779191348815662,-0.5460160172841957,0.008639017369252325,-0.05697049906568352,1.5269240349334807,0.5095819935691318
RBC,0.029785186588303647,-0.17533284643844316,-0.3051035531549541,-0.015025050686434671,-0.07924143189534716,0.7631296170812075,0.7471541374196718,0.01605468425505411,-0.21888918068659535,1.1750944731034692,0.5091318327974277
XEL,-0.046270034670552684,-0.120181787423979,-0.2445589280134718,-0.014443492823587256,-0.04357532980494472,0.9984435307560122,-0.3209998117551714,0.01199544042431878,-0.10226076653618232,1.1112065311498427,0.5090675241157556
OR,-0.056782385612714426,0.1722654949270006,-0.26566886559774205,-0.005363381680316581,-0.05327158321744485,0.25570521739316854,-0.24036167043700196,0.02095466066980646,-0.2662500073330992,0.8549909483870268,0.5090032154340836
IXUS,-0.044261762338148936,-0.027611000929444796,-0.09915179693668996,-0.018050521394985086,0.02962747306750635,0.21542476021191848,-0.33382464972270515,0.009231767580927598,-0.03809140078111828,1.1446032369715964,0.5089389067524116
EMLC,-0.04954455725583751,-0.0486613035613942,-0.15850680896901004,-0.013359528018587197,-0.0043009823875657105,0.4626644137236634,-1.0070845526040635,0.004968695448458079,-0.031215162894149606,1.1414492393710491,0.5086173633440515
AZZ,-0.024294949344326966,-0.10468439277130814,-0.1478577664119154,-0.024228067960268995,0.007502782829088117,0.5263158794059148,0.0840959175013687,0.01466331179257303,-0.14097544343608104,1.067000454118522,0.5086173633440514
RPRX,-0.06180954830029106,-0.03019290456506729,0.04584520118232627,-0.03735429611932395,0.11071005669296596,0.24559933054752991,-0.4704095440757509,0.007992729684959843,-0.11026419582112912,0.9938311136243693,0.5077813504823151
TSN,-0.020154292323195433,-0.11876147716590357,-0.33042097385858427,-0.022869969113068045,-0.10132223625211034,0.9405204724554609,0.13234025620621936,0.009981962741069569,-0.2153358631054072,1.0294912323869188,0.5071382636655948
H,-0.02939452926180164,-0.16699882626021212,-0.10989520787852092,-0.03426798994597813,-0.04429217407023034,0.7584261861124588,0.013079210682311666,0.013747581086030306,-0.1998783040738663,0.9782880461094647,0.5067524115755627
RBA,0.02908774410530146,-0.2547946102070774,-0.32046641932672004,-0.009298234109371695,-0.1541760278883768,0.8642729159123007,0.5009866945100065,0.0152216155044751,-0.2787937542475939,1.0207645375923295,0.5067524115755627
OMAH,-0.0452658844350774,-0.07694744217909089,-0.11003904903565465,-0.015706100338448215,0.013495642611610847,0.39708374642620853,-0.5125547928908187,0.006387433357794874,-0.04907095794648619,1.0450966565049093,0.5067524115755626
EWC,-0.05151272743286284,-0.03742142158188755,-0.10755610534055782,-0.026252567896232537,0.02291236399897989,0.3829794141598331,-0.5708957723102572,0.008655940469345666,-0.057790532681310736,1.0228605689230381,0.5063022508038585
REAL,-0.011076195511025011,-0.13084249265239567,-0.14761823395800566,-0.062021283737174415,-0.1481151192856205,0.8513513397409957,0.15534451657991144,0.02515782095371848,-0.423964504354003,0.9182126802464229,0.5061736334405145
EWD,-0.048478116507777,-0.022012750345589582,-0.15228931749175156,-0.028751982688849487,-0.0016371279463696098,0.4460439650913881,-0.40827172918522436,0.009640491470324863,-0.0680772226700973,0.9325672513698401,0.5060450160771705
BRC,-0.03556953407487484,-0.09689468907792098,-0.12915865526429315,-0.045642120008490994,-0.01235586041873138,0.7454068504260241,-0.09085671541477873,0.00948049811491314,-0.12998775367213156,1.3342347117579227,0.5060450160771705
SAM,-0.02319211130792409,-0.0518725977228337,-0.4884077448187323,-0.027758008806859524,-0.14626643348532353,0.8685593352234346,0.07617599066526323,0.010997973715593815,-0.3433954700434839,1.0187473369645195,0.5059807073954985
HTGC,-0.07788886088652625,0.02743977639891315,0.021739207057333454,-0.028704977006393517,0.05917250418384867,0.1464285568315116,-0.8962971357852556,0.009922309103516075,-0.0672860179855671,0.8148254612321765,0.5056591639871382
NVS,0.01515879923589658,-0.10508338973864795,-0.219123632000079,-0.0351908702216015,-0.039942594339225757,0.621065232169775,0.42870932009930746,0.009597616434595608,-0.1215437734305036,0.9656335350417704,0.5051446945337621
KBR,-0.047164001112332876,-0.039822209743712644,-0.17035690528070313,-0.02316780604198454,-0.03990232751933054,0.5218661096986723,-0.18646165318404492,0.016881237993135907,-0.1978245812405509,1.0770658309988286,0.5046302250803858
CPK,-0.03426066042511222,-0.07830959459540832,-0.1654195146297005,-0.021323214150785752,0.00823277408865608,0.5316212923537146,-0.07313847675587752,0.01203276584634653,-0.06397983165825705,1.0652552951433223,0.5043086816720257
DFAS,-0.046780587129344964,-0.06722335198810503,-0.08753719570792917,-0.02903053483914919,0.020670172275538468,0.42748199449314045,-0.49376853972091655,0.006095969619305346,-0.06838052254058935,1.1241746494861122,0.5043086816720257
UBER,-0.04946657284706135,-0.0838352073590114,-0.14233035308034414,-0.025910926691762204,-0.04422891409541374,0.6947374845805921,-0.1867228407868521,0.012960590455187646,-0.2862013694961937,0.9116248948553688,0.5040514469453375
DFIS,-0.048006036811250485,-0.011256867622476019,-0.11956373686939359,-0.020115267122359892,0.022973676023912537,0.22361899216732462,-0.48092950068651125,0.00815798528668929,-0.04350069259719802,0.9181663060499171,0.5036655948553055
ACWX,-0.04578122809472529,-0.02749710440311315,-0.09671817594990406,-0.018677042267217225,0.03074748206488942,0.20234240440923182,-0.3699257144389782,0.009180449582490022,-0.03878978559166002,1.9128488425490375,0.5034726688102895
OWL,-0.10187642531688645,0.020157837448090632,0.07533889537714233,-0.09808924681965969,-0.07186269123168687,0.496621867615873,-0.5702609003462948,0.019733875639069247,-0.39104150102954605,0.9651215633348696,0.5034726688102894
BELFB,-0.01793760651379639,-0.10753578937350994,-0.10795622424931817,-0.04748191826046155,0.001860476727039151,0.5239366742594483,0.08484911923417077,0.026771309539450658,-0.26104479419074833,0.7745442775493362,0.5032154340836013
ADBE,-0.05367657223835931,0.011584610000803464,-0.0737177341959665,-0.05755997845793226,-0.05421482197237604,0.34807760937777776,-0.1685535542409183,0.023556318939318924,-0.324692282574235,0.9467216347661026,0.5030868167202571
HFXI,-0.03907983993221276,-0.03648353940433857,-0.09778779114696423,-0.019162560210558954,0.030166849152024833,0.19287831384818047,-0.20502156783078654,0.009447681992198129,-0.03966836243406702,1.2447890062612916,0.5028295819935692
MOG-A,-0.028402709889301825,-0.1042770067533566,0.027371468929991316,-0.04737439637630192,0.06417301950634924,0.3191373150951762,0.017596909284444028,0.01814333515921196,-0.17492928018313014,1.105925245238529,0.5021864951768489
CRI,0.0510360995384842,-0.1894829614098248,-0.21964917392955186,-0.03585273096497543,-0.09096798549888774,0.7541666616996141,0.7816498017536279,0.024038988371991626,-0.2479776939639834,1.1258987391041035,0.5021864951768489
CSX,-0.06307434042013149,-0.08406210471772046,-0.022629261459395922,-0.0313430929708538,0.06919693307208186,0.49657460873200426,-0.525844716595396,0.010857934844979543,-0.10633344229797592,0.9288282451805756,0.5017363344051446
VXUS,-0.045767532624384044,-0.028296040313428694,-0.10217485789398051,-0.018926473057863547,0.02739179529572011,0.20796517934706774,-0.37687224777744566,0.009067438902998198,-0.03904288833826952,1.1094387631075822,0.5014790996784566
WES,-0.08471219436890609,-0.026077289839452344,0.004036223386538529,-0.036459140881896834,0.0680300292829179,0.34330515603297806,-1.0388947198267666,0.010687022807175383,-0.0848393280893246,1.0627337920510498,0.5014147909967845
PAVE,-0.0252942367399851,-0.08850905260785202,-0.1691139949399867,-0.028187754421147626,-0.014645786264088079,0.5279058214013236,0.1010191053949096,0.009921965292466868,-0.10436653461574963,0.8673646886298839,0.5013504823151125
SJNK,-0.04001267609203185,-0.05179782608938899,-0.15047169734052201,-0.009575184533492043,-0.002786346014347907,0.2941156208172585,-1.1842485125475644,0.0021616629763784234,-0.01707425917656069,1.4652447468073302,0.5011575562700965
IAGG,-0.03439922866997991,-0.05570735984174202,-0.15944401535788288,-0.008506037678855494,-0.01004867485576233,0.27777609581534474,-0.46123550277005565,0.002118485288871944,-0.0217974553971807,1.7105658474904955,0.5008360128617363
TNGX,-0.02467130226569103,-0.21355115528593993,0.025933196716858786,-0.041320533080092425,0.1034407891757474,0.46428540792780737,0.0319630678364449,0.04616074848922889,-0.2855623686741249,1.3022861252241584,0.4996784565916398
GLOB,-0.03834979908948477,0.09120238838789718,-0.31060706710689934,-0.03121608318227531,-0.1732440855899886,0.3910445721703632,-0.04995729748054682,0.034175205535792647,-0.48869540351740703,0.6322474645379395,0.4996784565916398
PICK,-0.07059957684975693,0.03119091928794271,-0.1532421836645318,-0.03182598961227934,0.010190302860693334,0.4264710997218635,-0.5133608283563419,0.014794201889468608,-0.11170841300159196,0.8702949848309962,0.4993569131832798
WELL,-0.06621218621767944,-0.06969677840714106,-0.049526803239992256,-0.026784489962529467,0.06255377445094568,0.46038874544973496,-0.6023450611847829,0.011879348780045223,-0.09494193904651071,0.9484108805534627,0.4992926045016077
DFGP,-0.037196266253389454,-0.06357724784311869,-0.1678618012033939,-0.012206280535362324,-0.018016635243660373,0.35643693162504353,-0.5070037180170963,0.0033877791774662635,-0.03278040368654289,1.285417821033487,0.49922829581993566
AAOI,0.042550495414583445,-0.05174430312382694,-0.4163392477803639,-0.02707304242615638,-0.0012339117188544524,0.44565528223397055,0.20259747191256922,0.058998240827169604,-0.5032272577364658,0.9186991550836775,0.49909967845659164
EWA,-0.04746990410778107,-0.03407009263092564,-0.18085583440119146,-0.02638653845684591,0.0042139208046581,0.5219295016798062,-0.360079559605889,0.010995575328659886,-0.060630995800197596,1.223633772971592,0.4990353697749196
SMMD,-0.04588732771297188,-0.07232452501207953,-0.07079703682850225,-0.030328431103273545,0.026144605869253157,0.39038023580095005,-0.4587646747897429,0.0066709859973302,-0.06988510959183114,1.409840102609624,0.49884244372990355
EWH,-0.04735926759046527,-0.005270042203578518,-0.2122657841895519,-0.02111102530476494,-0.019855696221762975,0.4094490317580942,-0.3683474866661312,0.01113954585521843,-0.08565728496427583,1.0025916164042878,0.4987138263665595
FUTY,-0.04836195699574919,-0.12711255768540863,-0.2549535275229703,-0.013659549852293673,-0.05287123354753376,0.9807561397078075,-0.42861527764491214,0.0107631753417912,-0.11039585633853166,1.5174761071352147,0.4983922829581993
CWB,-0.039902140767694494,-0.06624401914075684,-0.09799768880583382,-0.016854814410211416,0.017275968241057926,0.25176012069399045,-0.19486415604803403,0.00815867090514944,-0.08375493881698903,0.9576149587170133,0.49813504823151133
IEI,-0.03824443680401146,-0.058306216819939194,-0.1755537556462745,-0.01089196689146299,-0.01925301762793674,0.35499424294761084,-0.8314288397325155,0.002485100946387068,-0.036332758625045924,1.748074803174388,0.49807073954983927
VEU,-0.045827670287267086,-0.0301216836512308,-0.09946313976490195,-0.01912557253307523,0.02815920888396728,0.1932505645982284,-0.3759070434617547,0.009006125154413918,-0.03942270165219264,0.9933397553645557,0.4976848874598071
EFAV,-0.04819393966540986,-0.021349456575926018,-0.1506001443429319,-0.01695232108993039,0.016912460939536578,0.28188874313451484,-0.6263833418778666,0.006472671985380209,-0.03735813543890498,1.0439535760425835,0.497556270096463
IFRA,-0.0421766972957075,-0.11238184500525894,-0.18893738023917184,-0.022623647907209055,-0.027601412710163253,0.8203129540195115,-0.2966558663772574,0.009271416497780467,-0.10427801921483004,1.0055993246670196,0.49755627009646297
RLAY,-0.06644576674659486,-0.07012226065479021,0.06661327008118101,-0.044766462953274355,0.27711271775600155,0.40404011212900615,-0.29400040370951824,0.033062543849989565,-0.1224096826760166,1.223100291777171,0.4973633440514469
IJT,-0.045924276101674155,-0.09709115744723995,-0.08444692258517383,-0.036113334191909985,0.01855370941416079,0.5707555997005815,-0.4141190060744739,0.006881259471528787,-0.08914947902705028,1.006709266468641,0.4971704180064308
PYLD,-0.04069422088730579,-0.058708130302730366,-0.16191362048086588,-0.01207794185107558,-0.011721936122796706,0.3455371907428562,-0.8254812671448796,0.003189301177400338,-0.024960590873522537,1.5359963246881283,0.4971061093247588
BWA,-0.08966545044532825,-0.06869208804844118,-0.012188796267015967,-0.038689935000458586,0.036385127653906446,0.6069467923075635,-0.5868084666419988,0.02365474656200723,-0.19558376177936954,1.1852706555336723,0.49665594855305467
LMB,0.028960099315233467,-0.34260538174400246,-0.5325745601958105,0.037477295506042285,-0.30842206664780747,0.7006505671568676,0.24053338430088755,0.024251772247284996,-0.5514854085406695,0.8158241276006123,0.4963987138263666
IDU,-0.048040435970130635,-0.12606652538365337,-0.2501604990079558,-0.01310776301815586,-0.049775031313775475,0.9396331572599094,-0.4417737144733815,0.010157903966763623,-0.10939770205390509,1.5373288385119346,0.49639871382636647
MFG,-0.07068300543294392,-0.03044317755100323,0.07774933977202059,-0.015735269947550368,0.13355738495859115,0.07142777522501155,-0.4021847981653454,0.01859111709972646,-0.07292576873855539,1.0034963245144914,0.4961414790996785
SUI,-0.02648905591215356,-0.08718555226594649,-0.2515589547198507,-0.020579394536171414,-0.061594487101870654,0.616758440402692,0.0669913701504344,0.012075558736897567,-0.1434337446378633,0.7034706175821868,0.49607717041800636
IAG,-0.09092572376288666,0.2312574719770597,-0.20945503363127116,-0.01442722253434392,0.029422391638499246,0.2954544393559561,-0.3701435525235045,0.024588262854242003,-0.23178672224501073,1.0059056874535803,0.4949196141479099
ACT,-0.09650848225891406,-0.020037961125377146,-0.03808875320782734,-0.04019186207423153,0.06313683683642024,0.4361234393213985,-1.0173611495087402,0.019562988325846842,-0.07669263383248703,1.1157084691052084,0.4946623794212218
VPU,-0.04920219630215361,-0.12804377753460205,-0.2563888681711338,-0.014193087525652182,-0.05378660776419186,0.9772152066796006,-0.45157780934118624,0.010658430671212143,-0.11126795380720789,1.4755395008770507,0.4945980707395498
TRS,-0.02508423508739588,-0.09336826608563664,-0.15331006062944175,-0.01766884271067659,0.0021640233907123108,0.3509306910048999,0.08944300433923677,0.011090599926474003,-0.1458448127934311,0.7931498095207448,0.4942122186495177
FNV,-0.08711173584088028,0.18612233452253446,-0.20858313095864867,-0.017942660460544158,0.03365605399097227,0.32155364595452873,-0.5481754482263439,0.020424421671647222,-0.11961900056238539,0.9521266098099159,0.49408360128617357
VBR,-0.04843969086685851,-0.06656536272380797,-0.09792940447586695,-0.029559969778392148,0.016934584357786164,0.404068340991212,-0.5652322560816716,0.006192120249302253,-0.06251508742117695,1.0127732078071812,0.49331189710610934
GRAB,0.031013908253989975,-0.23144561152906984,-0.2840557170320296,-0.0410876851529145,-0.1573645064276138,0.9876540375453363,0.5081969747911543,0.02865958749407971,-0.48217181625030103,1.4322385785553313,0.49273311897106115
FWRG,-0.03223513279857504,-0.12678549733301692,-0.1792656437574961,-0.03706895735686233,-0.12242107323026086,0.8486059258504989,-0.013925164848402226,0.025163218991926927,-0.4013933457859554,1.2232104077006298,0.49266881028938914
GLDI,-0.051861049278852156,0.00861619964586513,-0.20613799026238622,-0.01767917679032671,-0.030079358426625125,0.32931950292541984,-0.43960527326588733,0.011900319144565654,-0.10787735393483289,1.3335176036030374,0.49241157556270104
ITM,-0.039865648571638324,-0.08574146024902984,-0.19071744705434335,-0.017475592821539543,-0.03604318633624637,0.5731279557279403,-0.6587802961400203,0.0042438334954970555,-0.057954070818540204,1.945435133029673,0.49209003215434083
KB,-0.058183955860763636,-0.04406313491966918,-0.026037940207858767,-0.005875540921175593,0.12646140925145732,0.09225088874671757,-0.274700933864861,0.016318466411610413,-0.07405180317357074,0.7497928130122954,0.49183279742765273
XLF,-0.06370102151168311,-0.06181898877164749,-0.06556761561630031,-0.028509379285869163,0.02731092826343251,0.40392253281385937,-0.9503666660744609,0.007999172370826969,-0.061152784458457066,1.154138679306481,0.4917684887459807
SDY,-0.0449966977302354,-0.07093414214378413,-0.1263629664127861,-0.025614610367754476,0.002623148030265643,0.42371471874553457,-0.4645218583259002,0.006344429105912162,-0.056708172848422,1.031152346126136,0.49176848874598067
ACI,0.01912477690938208,-0.1995441939111099,-0.423546824132074,0.013552529238223698,-0.17997436645061993,0.5882351703710352,0.31320917632430445,0.022501253463082002,-0.351413988107111,0.9534236673979959,0.4917041800643087
SCZ,-0.04690948153070118,-0.024844140576456564,-0.1244164536882073,-0.02058013168580508,0.01658489532198848,0.21450622007992032,-0.44851754373994407,0.007627483181465627,-0.041395455208780296,0.8832204595374751,0.4915112540192926
VTEI,-0.040851520762772875,-0.08212798153926715,-0.18558340302356158,-0.01717450004298815,-0.03149180143371677,0.5446299883410295,-0.8879454404349095,0.003628364143756482,-0.04782225192368661,2.1136111996705065,0.4913826366559485
KALU,-0.06595474780534205,-0.07287964252423162,-0.0716608408737327,-0.05037114868491377,0.007823463088826976,0.6971153653777155,-0.21396032444461469,0.023393292496388413,-0.21561497225669923,0.9059626831018617,0.4913183279742765
BH-A,-0.029783859402068957,-0.146768721735002,-0.12682132678100788,-0.037918122315324765,-0.02119903167924786,0.673016566436418,0.0070271498814725416,0.015242451826818793,-0.2719215233881821,1.3558460964387686,0.4910610932475884
FLXR,-0.04032205808017042,-0.05418840847428519,-0.15766844905129518,-0.010474279096288619,-0.007667754546218153,0.27394430644528694,-1.2366180105970723,0.0020111806647525213,-0.02030796622247344,1.4349357126062239,0.49086816720257237
WHD,-0.09952684624020913,0.15106554312365272,0.024895032737898948,-0.06051527816885105,0.11586698809914475,0.1938643133071683,-0.47513772375619884,0.018987258183078348,-0.1345120347903781,0.9707242947573708,0.49080385852090036
XLU,-0.049273799487583925,-0.12985883977793455,-0.258183794538956,-0.0142658662012356,-0.053788982823622766,0.9559584226758454,-0.4385159830294889,0.011116184131754803,-0.11419518362181746,1.3952130942920244,0.49028938906752406
SCHY,-0.04689899065841385,-0.0444094818022257,-0.15998705540309943,-0.024554894855983833,0.004017839204171203,0.41650832835448526,-0.5980649377119457,0.006666000305316744,-0.051681774462342456,0.8483120782508996,0.49022508038585205
NXPI,-0.02550439653172032,-0.22483872056928889,-0.03486941248780706,-0.014610611949895547,-0.07170871431730508,0.2988192464924322,0.04437204456633976,0.023620667141360553,-0.31354927829827994,0.905240078201253,0.49016077170418004
SLF,-0.062247752030161196,-0.05211774891412735,0.049684342447583685,-0.03186870463373803,0.08263657529386959,0.2153022229764127,-0.6806363178074517,0.009226546292642555,-0.07571958603051177,0.6018957985640933,0.48958199356913185
AVY,-0.03506953406883029,0.0187201385043414,-0.15875241050903766,-0.031593717806687294,-0.01599281191471269,0.17926253687315635,-0.06362903729110309,0.009919515226831422,-0.1345061774981211,0.8757811211564039,0.4894533762057877
SATL,0.04295644816211763,0.12276777054192323,-0.46399479303850666,-0.03858979012978647,-0.029928936736627332,0.14772738356234158,0.2674037133129522,0.05578512564372004,-0.5302606905206014,1.0803259281066269,0.4888745980707395
RSPN,-0.03334384020341152,-0.10170708192214517,-0.16499082400450926,-0.03542141084765282,-0.028502656797733228,0.6592600257985022,-0.07049505266698074,0.007365708846217062,-0.09142533049106683,1.3355115637381463,0.4884887459807074
BURL,0.12671067773117728,-0.2015216093233334,-0.32689438317090425,-0.05919951683967162,-0.11423672946970287,0.9719535068738446,1.291378786477125,0.023579616377982678,-0.25992098014401865,1.1918461883170661,0.4884244372990354
GEMI,-0.024753084233525735,-0.0035357679565013456,-0.15226220488087794,-0.03030969165934083,-0.23493149077968845,0.12983433201303005,0.019138185736064423,0.08437275489553528,-0.8262495085255708,1.2499684318732216,0.4882958199356914
PSMT,-0.029061514416977685,-0.1507835525970067,-0.06707543649420189,-0.02378351894365227,0.042673338114737946,0.3551095257928949,0.018102022982150332,0.01052434877815284,-0.1389242583014828,0.9706730145165826,0.4880385852090032
CLBK,-0.09153971496065438,0.0823451397944559,0.16629276654949732,-0.04544144043721876,0.1739725493913915,0.04374979883437184,-0.8122521432944769,0.016413196815801587,-0.08333330643896386,0.7625414753128673,0.48790996784565915
CNO,-0.06642823377152152,-0.022726647511268183,0.11217036773898337,-0.02634823244112139,0.12002137846599559,0.0498218225012727,-0.7545251207537529,0.008906152072925791,-0.0621176145602651,1.2641751262561154,0.48771704180064307
KMB,-0.035321986980730635,-0.14223255642693589,-0.11876937883462291,-0.0494323145728337,-0.023649793456465562,0.7705270867598685,-0.07107155429855481,0.011271222933295001,-0.1517053323127866,1.0909275080546248,0.48771704180064307
JNK,-0.04387395591523224,-0.05656818562787869,-0.15516684478969434,-0.013372961989360665,-0.007341227630925484,0.3062747986226522,-1.366739571824386,0.0027737321301365575,-0.024122547043490483,1.5513433433347028,0.48758842443729905
SCKT,0.10066325078329208,0.0681861927139582,-0.4581712603843171,-0.09540054418545496,-0.2680243275950388,0.3350000695387495,0.04984113047811158,0.12582666451069205,-0.7132394389529821,1.7020856199402028,0.48758842443729905
LIVN,-0.05200066244833601,-0.12051065436024233,0.0661991559659143,-0.02860898116902255,0.06717582025790714,0.30269910724509397,-0.23172425206184788,0.014683408523183856,-0.10348660436538193,1.0149638965463876,0.48752411575562704
FLS,-0.028647871047903672,0.024947438519337117,-0.2850451253166234,-0.04802717007653601,-0.042480326656337164,0.4242678322320884,0.018233721876517953,0.020818074890297873,-0.20254930309637564,0.9401636186484574,0.48733118971061096
EWN,-0.04355318536056996,-0.04899216541016371,-0.0744532386624237,-0.024621251138606248,0.03757279478578668,0.19374835093920967,-0.2314971876399944,0.011604026634010214,-0.06933394672485793,0.39397529843599727,0.4871382636655948
EWBC,-0.05711554167000854,-0.07824926458619108,-0.04880573550866374,-0.025494112621658793,0.04010980974019085,0.3384351689301845,-0.5498828572947208,0.01014705994708545,-0.0781845348270116,1.188124636076848,0.48700964630225074
TTEK,-0.08785473588413595,0.039719817676670655,-0.032077095243229437,-0.04500149284148236,0.02318442559842704,0.2349996566772461,-0.7162509566080081,0.014866854305387592,-0.20504906275926793,0.853377700143916,0.4866237942122186
USHY,-0.04265832190710772,-0.055270589463556896,-0.15347691948754083,-0.012714482970673124,-0.006174831705564987,0.26977999054320917,-1.249107440154523,0.002699458223919004,-0.022876100315700976,1.4163600506094536,0.48636655948553054
SCHC,-0.04870187400986603,-0.007862160062683143,-0.14328070415402516,-0.019860319268033777,0.007647826990273554,0.19905156719210737,-0.44779725544769394,0.00863708622944806,-0.04589280833213438,1.1574953691469305,0.4857234726688103
HASI,-0.04864607182487679,-0.06807005726600768,-0.19295248895710293,-0.041574645654993025,-0.01394534745441911,0.8276158948144162,-0.244694458123015,0.011986539435276998,-0.13792819098602216,1.0692835612722582,0.4854662379421223
NI,-0.04227784969876747,-0.16697647606141652,-0.28936019384958833,-0.005742536074179627,-0.07882894882859903,0.9323674346433534,-0.22544186235901256,0.010576563439580342,-0.16046727219862178,1.0061457197797188,0.4854662379421223
FBP,-0.06757838948639006,-0.03254950964992953,0.045861075842623,-0.04174420716341887,0.1012974807407998,0.2044193596997137,-0.6768618489438899,0.010758249308512073,-0.09423130595471518,1.0782811849675353,0.48520900321543403
AMH,-0.04039736156384299,-0.11792162996886035,-0.09181752156922873,-0.04267439983793575,-0.004706119558482436,0.5679009874644875,-0.20793885051385366,0.00925868336125076,-0.10238456624940695,1.3645365078873055,0.48508038585208996
NGVT,0.005899556574505249,-0.07071122725505663,-0.2277439365111209,-0.028018009538447575,-0.0139272014045837,0.32641553977215476,0.4476394072182965,0.015163510261138146,-0.1065879383460292,1.1111315646199005,0.48463022508038583
WCMI,-0.05276697783053763,-0.05377300137349228,-0.08928435840121574,-0.024586245561486697,0.025901907025380755,0.2808219893919996,-0.44468531770215786,0.009333674285449645,-0.05246147554230918,1.0774674742596677,0.48443729903536986
SCHR,-0.04013010559697905,-0.06199026058804169,-0.17939233465408444,-0.012822800217052621,-0.022557616789299018,0.32445675058376183,-0.9317421452487176,0.0026734805820447065,-0.041530844562056246,1.32195070114195,0.48443729903536975
BHYB,-0.0431362732691416,-0.05462531751373767,-0.15398805598232257,-0.012466433054170167,-0.0054483564611020885,0.2629396482813749,-1.347004970260504,0.0026510570980426726,-0.022488307331690938,0.1754266805990944,0.48398713826366563
IJJ,-0.05017291997978135,-0.07761984627250806,-0.12213085101886612,-0.0300302543274088,0.0011538329672962089,0.4844618079483973,-0.6067194782983519,0.006984981082862109,-0.06884541436301128,1.3256130009175584,0.48385852090032155
ANIP,-0.0007109508125082709,-0.13479888604075718,-0.213198926278097,-0.013072756153547416,-0.0599016555461771,0.3769229241267726,0.3482489046993591,0.019092040946719888,-0.2285070119161099,1.1510566780652192,0.4838585209003215
FOX,-0.06558394802660383,0.07863974093499237,-0.12729047913119507,-0.030494234477337012,-0.0036310257737285356,0.17684920786784222,-0.3873280643784487,0.017128238595291185,-0.16471190016931792,1.0216386578963674,0.4837299035369774
FOXA,-0.06941688971267646,0.08316381421202812,-0.12117823207145029,-0.03221710460692806,0.0004002033367467295,0.18758629108297414,-0.4355968753185552,0.015765836423390165,-0.1692894651878828,0.9670129389428187,0.4830868167202572
KRYS,-0.07078936003073677,-0.12993912791492068,0.1280852289089387,-0.023820916509654677,0.09222353107009962,0.32622323710339163,-0.3290500372356104,0.020019845310974324,-0.12307287927039301,0.8014006728628936,0.48276527331189706
JD,-0.02693197828493732,-0.10347422748316337,-0.21499986526496373,-0.04985336513496652,-0.048016495359201605,0.834375223517631,0.04519556219675547,0.012093416229246312,-0.1970684215704691,0.8347843379124701,0.4827009646302251
SPTI,-0.03998296078850483,-0.061538708874946835,-0.17924495710079835,-0.012730773434295517,-0.022427771356616777,0.31280570518340906,-0.9023979548509519,0.0027112161203282515,-0.041438328705786676,1.4791264006810314,0.482443729903537
KSPI,-0.07934132989851894,0.02259264696956298,0.1650281588630469,-0.048294007483043466,0.12292099328108752,0.06155618370800953,-0.5698437787782552,0.014074587854379539,-0.13168472930420372,0.8848901369497281,0.48180064308681664
AMBA,-0.045771292225940785,-0.11416481851674809,0.11393717701961892,-0.06872456751561529,-0.01697889903533145,0.4096873295463513,-0.08074629489815598,0.035683081331376834,-0.3002826893906685,0.8053327906188048,0.48160771704180066
IFS,-0.04462379043946374,-0.14080355807642253,-0.049011468118011825,-0.026081385949140334,0.06967677064108746,0.40379769939998206,-0.222699137436605,0.014704679944594883,-0.11181608130007492,0.9403780511816169,0.4816077170418006
CGMS,-0.041713851555899906,-0.05768209064999308,-0.16119258906347045,-0.012248473439720686,-0.01155634704300279,0.26583290650413993,-1.1024785983131464,0.0026477809482938278,-0.022554084813744102,1.1348428470814922,0.48154340836012854
TARS,-0.12543062792413617,0.19545894151210685,-0.1404788065112299,-0.006109673577082253,0.07337835763722134,0.15459254273154188,-0.6772217739640934,0.019609268311986106,-0.19128660605060244,0.883038230365084,0.4813504823151125
DOLE,-0.055146614238355984,-0.10901386132870183,-0.3037188722460089,-0.009890037270277041,-0.07669417767599407,0.910713859966417,-0.3636213324015662,0.009894653079715588,-0.18195506510947057,0.924342690140692,0.48115755627009643
KWEB,-0.011421674543568239,-0.09287392349409307,-0.2844921691808949,-0.038695339060457634,-0.1374376266755395,0.6920529257586763,0.2636413769810698,0.015166384680136263,-0.36100866666777587,0.9003318415842814,0.48115755627009643
RVMD,-0.0927542994435302,-0.005773282199571073,0.825130640419639,-0.06275394067613549,0.2804368105845323,0.1308792371228598,-0.5568787784501898,0.025151902642887042,-0.1377797967969444,1.172191957043185,0.48115755627009643
ARCC,-0.058720125539899026,-0.01641499040179606,-0.06810602021155043,-0.029818615849301233,0.018524825814774104,0.1749994039529838,-0.6223055144100961,0.009034032608784475,-0.05281815048466609,1.0962825494350172,0.48083601286173633
CZR,-0.03668730938976583,-0.04893378926329017,-0.05609401021834626,-0.007748747461955086,0.0799320168108466,0.0,-0.38222586925338753,0.0014571913983829764,-0.031075294296807998,1.3715990064101946,0.48083601286173633
SPLV,-0.04725641119097912,-0.09088164138093957,-0.16680240400102342,-0.02115487781192993,-0.0161490657019695,0.5622990566810792,-0.6015190028947662,0.0056259786176245,-0.06927606491535698,0.8936223964340209,0.4808360128617363
VGIT,-0.04011441440875463,-0.061568327194857164,-0.17913363493768797,-0.01275734841130216,-0.02254588648953937,0.30371883728147303,-0.9235069431356466,0.0027883721847254813,-0.041796419840728904,1.1876857228136257,0.4806430868167203
DECK,0.010989355155089031,-0.27065242302753745,-0.3809846045595747,-0.0319089242280981,-0.174521783847139,1.0,0.4096545179297503,0.016385075657536104,-0.31213824407097523,1.1933950890620317,0.4801286173633441
SCYB,-0.04410920337778579,-0.056262797455838065,-0.1548633298528933,-0.013363555146090556,-0.007252905476108684,0.2679449565595957,-1.4283987968026368,0.0027329737428066847,-0.023159936695694827,1.0940491155060352,0.479935691318328
COF,-0.06308750041545141,-0.052025762198838366,-0.10604165482325678,-0.045176232886541934,-0.014662975224726704,0.5283018450070093,-0.4719429456535698,0.012219734297649682,-0.2141848615172477,1.017358553252983,0.4797427652733119
CGXU,-0.0560801828525721,-0.031614132740043654,-0.05440364155321897,-0.023288568165359624,0.042880628225134165,0.13906086856852215,-0.4311184399059123,0.014089578172614721,-0.05173881196087993,1.0208340353833194,0.47948553054662374
AHCO,0.002030775838821386,-0.4553816417215215,-0.6559598282179231,0.0050083968374363685,-0.3644630713993887,0.949494745156971,0.12109064449590909,0.016458000208533233,-0.5485799768167335,0.8586098002679136,0.47929260450160777
TRIN,-0.06495963920927317,-0.034347830170107896,0.055361600866315586,-0.0341654624895289,0.08014426851283618,0.13440855804490676,-0.584356952027487,0.011322135800363549,-0.07269139311428996,0.8829053923416338,0.47922829581993565
FXY,-0.05533677513413571,-0.016471911824586627,-0.14737669212705562,-0.0034484668256350437,-0.00025299548787993675,0.13805716378348215,-0.8727416910775914,0.003907925694316396,-0.05279478501265056,0.6645720531687237,0.47916398713826364
MUNI,-0.04201090182060141,-0.08144505371805877,-0.1852853387831509,-0.018883087530523035,-0.030959711293419345,0.4744164004533477,-0.9364977287160247,0.0036567300762635245,-0.04554915522565861,2.0720863476091878,0.4790996784565916
BABA,-0.008109960665611204,-0.054508802253729005,-0.272624401916733,-0.0455062566057417,-0.14085862720592057,0.4981153023641774,0.19437404727307717,0.02409264556605705,-0.3776502439125815,0.8335214474861778,0.47897106109324755
BINC,-0.038381167517516857,-0.054579970413732526,-0.15523807216863383,-0.010149961308150823,-0.007808770798168663,0.20140974255236277,-1.0554828056554855,0.0017794121553071768,-0.01923100631394814,1.3246642547299459,0.47839228295819947
OKE,-0.09041441302836917,-0.05469403002124529,-0.0834303893086803,-0.022891113087268544,0.04809742318342147,0.40256451889513367,-0.8310144834867832,0.015504792503031299,-0.07722283472803915,1.043003075581211,0.4780707395498392
IMTM,-0.0479028280331979,-0.03446556759442365,-0.1267777553882683,-0.018292237029724268,0.018900386112929324,0.1823514232180323,-0.37795619499986083,0.008959391693297207,-0.04191070536434127,1.0405591162959689,0.47800643086816724
MCHI,-0.035940308611877914,-0.04274003193388298,-0.22784781856307856,-0.028344754119389637,-0.06855707468673633,0.4219260303173551,-0.1149027263681071,0.011568439862467974,-0.18426478422857595,0.8255690434981086,0.4778135048231511
HYLB,-0.044239475858627086,-0.055523679280005345,-0.15623278889242354,-0.013537745521129518,-0.007876458544287868,0.26283243340129503,-1.397460227443923,0.0026508117297162582,-0.023772861675355195,1.6421446307095768,0.477427652733119
VEA,-0.0497761107285527,-0.031322809487998704,-0.10559614506340487,-0.02362643052472102,0.02518584075244279,0.17400115110224731,-0.4530293384600268,0.009161896333621578,-0.044180717504313405,1.031541197945806,0.47659163987138264
STAG,-0.039279799554959194,-0.10724253896827896,-0.18476365779334736,-0.012891475029283894,-0.028093264510031912,0.4572550465407608,-0.15042319454359962,0.010498926403581606,-0.130723926056309,1.0339815480966243,0.47633440514469455
DCI,-0.03671343580809194,-0.05758416765039842,-0.1568017701341058,-0.036994466012794436,-0.03308458575288187,0.3885468813421729,-0.11232518827465122,0.010091352011689978,-0.19971370746739392,1.0239893143685648,0.47607717041800646
CXM,-0.022175794189414733,-0.08511668538091077,-0.13652145735387466,-0.1178977251813087,-0.07486662446146597,0.6855671192687971,0.0515750423611893,0.029626048140841677,-0.3319122889124384,0.8634908952988907,0.47607717041800635
ICF,-0.04716209223585033,-0.10032427059253901,-0.1552097037131821,-0.028302152394829028,-0.01059373232697769,0.6018991582421507,-0.45145398169035683,0.00879590951153001,-0.08190377144233729,1.6505100043146659,0.47511254019292604
PDM,-0.07136181329750801,-0.0842913960957461,0.11529394169083029,-0.04106681042986682,0.05660903661597172,0.2945196352520053,-0.5659608240745927,0.01778877512253472,-0.0938755437786779,1.6625041167540315,0.474855305466238
VOR,-0.14571200058312384,0.05386914404942855,0.1253718641872108,-0.09581649405255377,0.170219028398368,0.3396413880937382,-0.6013580932215451,0.038339882384282445,-0.38789102417943844,1.4119725034792823,0.47472668810289387
LOGI,-0.029626228560539092,-0.06552533440955788,-0.05811392453281794,-0.020171028580050154,0.003423060267293776,0.04000543531160044,0.007591310544760113,0.023498186051334604,-0.21184015318125937,0.7463329012631419,0.4744694533762058
SMPL,-0.035818897490673796,-0.27714515627229197,-0.1766874128325855,-0.031134919371351488,-0.2483560941056886,0.9934221506129246,-0.0367747099327399,0.01921839236584799,-0.5996462183252864,1.0089059343153965,0.4744051446945338
RIG,-0.07029186764903672,-0.010683270567144465,-0.3025535984601486,-0.009918839985576411,-0.030875061143447846,0.4806493902986549,-0.3032380898147981,0.03416087295719011,-0.26911607474693033,0.9835695136797313,0.47414790996784567
NXT,0.022164288668086618,-0.18322415418420646,-0.4263997282566906,-0.021273030858833697,-0.204761797248449,0.7578740113134353,0.3287924221828995,0.03149925814276015,-0.4524936023329167,0.8730259476814933,0.47414790996784567
JIRE,-0.045832207005155,-0.042223648490996135,-0.1255299437971058,-0.02494167747432441,0.015759152048602676,0.21995924785306897,-0.4123264426457435,0.008045508450491614,-0.04757860389008561,1.2243622790111404,0.4739549839228296
HYG,-0.04369349264822109,-0.056663990932141806,-0.1572188709125787,-0.013462628155307743,-0.008568951336287545,0.24412561788857198,-1.3916770761734971,0.0025611209857854715,-0.02397659397888474,1.4929439443938322,0.4739549839228296
GTX,-0.0663066518832186,-0.20765930452266834,0.20078777657698943,-0.04023504899027319,0.05301772081038436,0.516949536094139,-0.36769164567283597,0.018943129060115964,-0.2742740633821945,0.981357842951897,0.47382636655948557
XLI,-0.034580023845491636,-0.10071008073417609,-0.15959005368403978,-0.03417855973171435,-0.014442271989365985,0.5239131444341982,-0.09633839547559479,0.008693300040115183,-0.08935038484520064,1.0863970177405282,0.47356913183279736
SPHY,-0.0441530369824078,-0.0558576899689327,-0.15422505728512947,-0.013313530020686026,-0.006610487800444487,0.23782751115511608,-1.4719230691693055,0.002556553596675675,-0.023040912713991668,1.1645210215181425,0.47356913183279736
AIZ,-0.07452734060189714,-0.07975045340606202,0.07991375575442183,-0.036583074792717385,0.07454948394994698,0.27731983932023196,-0.6706770530850747,0.012832664320197905,-0.10662542178002465,1.1332767488246376,0.4729903536977492
SPDW,-0.05015763425852027,-0.03174461925387195,-0.10036059625011462,-0.024048787225584123,0.02767466202154556,0.15853701653346236,-0.47198486911626897,0.00904550036846691,-0.044446581951851694,1.1134904897609292,0.47286173633440515
AMR,-0.19624950913632655,0.17909335861751363,-0.20882775208622983,-0.01994320591188614,-0.038651090077918004,0.49073789285984626,-0.9539719345135356,0.03688137859957124,-0.2724614086787276,0.935395140118423,0.472540192926045
SLVO,-0.05569813667054779,0.055322940433567114,-0.20673170747784375,-0.025146024964901925,-0.02315219127589896,0.23699461477356856,-0.3046528927348677,0.018461843562433192,-0.1197382721272986,1.060411453422077,0.472411575562701
HWC,-0.052087659656630425,-0.0774578717142611,-0.05441794574642622,-0.028924725624619563,0.04623553987230489,0.26806556654022146,-0.43465675587157426,0.010293085322334578,-0.08154150580033337,1.1121309476858015,0.472347266881029
RACE,-0.07638076353044354,0.002924597159950304,-0.03154406155591927,-0.04496296131499178,0.06553542997718687,0.1976779422226822,-0.6091785031602696,0.013061983892965652,-0.10690890299676126,1.0169811682789547,0.47228295819935695
TDW,-0.10523857695368954,0.10236165790281326,-0.16376043811333374,-0.03639092372157515,0.10290044815006572,0.3751170458762739,-0.458289002847358,0.021560901695944133,-0.1540602316466464,0.9406938296535164,0.4722186495176849
MUFG,-0.07000991220475605,-0.02282417896468525,0.08699551206181,-0.021469142022644827,0.13213206817282286,0.0,-0.4686666026826157,0.015235979002867927,-0.07299620292957065,0.9518769470208809,0.4720257234726689
B,-0.08636135881356,0.10365889443692256,-0.2025144462315056,-0.03771530750138696,-0.030734448359856947,0.39361663272668834,-0.4489523079594758,0.02142685430778631,-0.21273234540188368,0.8514487002528567,0.47189710610932484
MLPX,-0.07110698336207755,-0.07998772547448141,-0.13715400112849307,-0.021016022340229923,0.020845672718835084,0.5324377188969981,-0.8451005252245606,0.00909065560859002,-0.06006977220934995,0.8435671327570753,0.4716398713826367
HLIO,-0.0048821079793481825,-0.16657502585249162,-0.16782911150386393,-0.04902295598091866,-0.03759397831854383,0.6333980099138216,0.29196803339448907,0.02042561710833505,-0.24736663805470227,1.222733164768855,0.4715755627009647
VMI,-0.04298495814956982,-0.16970612338537516,-0.04453125302400007,-0.01735214849977662,-0.009016749274279423,0.3048923843912376,-0.15747806446184084,0.015056787105583658,-0.19171997220447,0.9937163700555127,0.4715755627009647
BVN,-0.06796623328186835,0.05019611618415687,-0.264622568207489,-0.0275264928728729,-0.02914073585908661,0.405028687483051,-0.3198633547092444,0.022950478199809044,-0.23228417483635821,1.101093015246917,0.4714469453376206
VET,-0.1374477025075067,0.18277109816749393,-0.17950345787722743,-0.01508691658667427,0.07035218424732159,0.2638887662455782,-0.8203556186542114,0.022491413142166735,-0.16350844533007602,0.9407404611550713,0.47054662379421225
ICVT,-0.04548973946685264,-0.0757285011848946,-0.10385010906429049,-0.02040031254621888,0.013075169789244612,0.23445000529314922,-0.29400621530378485,0.008258565165421918,-0.09384811869000476,1.0680204223009946,0.47054662379421225
TRP,-0.04786514377521467,-0.1469855011390505,-0.19055918423276408,-0.01839640497550954,-0.02953015274136206,0.7485231357625074,-0.3138229166097436,0.010769516123907003,-0.13823912143733574,1.2900083572139676,0.4697749196141479
ENS,-0.016552477699175006,-0.13974069569958292,-0.20091160395112295,-0.02128738238343708,-0.046863571396081216,0.4457837132017104,0.13079800797135166,0.0237188314464687,-0.2532363243527398,1.093685743259953,0.4695176848874597
AXS,-0.041146893476100566,-0.18808080845750463,-0.15135451950290135,-0.013171464990755943,-0.039916202177028515,0.5553319463690357,-0.13051036616063105,0.010600224469469153,-0.1797436419130357,1.0450326455567975,0.46932475884244373
VFH,-0.06755980806414774,-0.06775437991827027,-0.07150399952305797,-0.032297685201652104,0.022157284154868062,0.36855608435576126,-1.0539093989588668,0.007928348239451962,-0.06524014370511222,1.4000992091037552,0.4692604501607717
L,-0.04681203666219691,-0.12085590464483642,-0.17101461380370953,-0.02101003380327293,-0.014788102479413867,0.5993720910930787,-0.4323105503948689,0.007833266674783972,-0.10087819825411415,1.2925168341896986,0.4692604501607717
GOVT,-0.040540454987737284,-0.061335152844753216,-0.177808313012905,-0.012422709319821701,-0.021844735932110892,0.24432419392862822,-0.9281057167225986,0.0027056694731090675,-0.04050994326452839,1.118051744637404,0.4691961414790997
STUB,0.0014849167992168066,-0.44624280753955625,-0.17299587550869,-0.07860381455331544,-0.32243791233050123,1.0,0.1810754344334643,0.030253959514348956,-0.6949826069316255,1.0466635458376377,0.4686816720257235
ABT,-0.06866282189239836,0.04459247478364947,-0.14780322969586646,-0.06364759057358138,-0.03042562987278563,0.3885857718331473,-0.4240286232761212,0.012664798743551411,-0.23705761526507663,0.9694965117041183,0.4685530546623794
BKAG,-0.04237837710705272,-0.06431513791315624,-0.18038716606893945,-0.014275649573654792,-0.024138568280543282,0.28294860787440207,-0.9606251851014161,0.0034531599841842557,-0.04184017681861729,1.9810409806724056,0.46778135048231506
TPL,-0.046727548337377134,-0.1602352302176545,-0.27105202749588186,-0.0008533785648182635,-0.09395131309214977,0.7491269510752778,-0.12933564858791055,0.028476393819095877,-0.3307217206744263,1.1032049924363738,0.46771704180064305
XLB,-0.04919940568382841,-0.057618971212645254,-0.1900911455525358,-0.03094437936123673,-0.015517078928197092,0.5226140864077782,-0.4018092010025232,0.0090171040875583,-0.07195509431111491,1.035450133564366,0.46758842443729903
DLB,-0.09408569317738702,0.1524723934474077,-0.17308577165294226,-0.035169319048041325,-0.0063345690979172975,0.2849338549531533,-0.595940627578332,0.015190026398428098,-0.14406905755572197,0.9945771563284218,0.46726688102893893
MKL,-0.03777649809898309,-0.14102947740002725,-0.2333957575385338,-0.015582113532636388,-0.07818173807317885,0.6534415564140483,-0.12922372736904855,0.008533515025843227,-0.19309615191408536,1.1565609376357182,0.46726688102893893
TTE,-0.07500942905689467,0.030964856487226466,-0.21146731783272277,-0.016539752250701367,0.04884956730518786,0.2693634644324044,-0.6644922097130995,0.013464343089538344,-0.068753707055066,1.136000490300289,0.4669453376205787
FE,-0.05509650240241515,-0.10167775678275381,-0.2573161499549843,-0.015479205550764652,-0.035669335534250224,0.743771932801629,-0.5718587231019677,0.009597702883529343,-0.11332930736861013,0.9773496107726241,0.4663665594855305
TOTL,-0.04415804783332389,-0.068536260145027,-0.18476888933598357,-0.015248005360534611,-0.028271834481669256,0.33335775886364916,-1.2794396356156073,0.002770497471645129,-0.04862435707436141,1.3465837283741555,0.4660450160771704
DFAI,-0.05051183406713067,-0.03533490077704249,-0.1265686775003001,-0.025399105686374823,0.01773989124949904,0.20145859327605983,-0.5849288669589366,0.007514791318412014,-0.046390592137610986,1.0397209212133325,0.4660450160771704
HLI,-0.06994183671577792,-0.05164473206850584,-0.2815338492762738,0.0078028104680720745,-0.11159929601241025,0.4269843076751672,-0.3822189683214616,0.017895753576966503,-0.34298540942807654,0.9868138886409701,0.4655305466237943
SMBS,-0.04393673301930123,-0.06849591737807992,-0.18503533349107149,-0.016884085930895965,-0.02745125581662211,0.34259683955892056,-0.8574157198851267,0.0045668995359658396,-0.04392068595845999,1.4427902852526961,0.46533762057877814
CGMU,-0.043569355388133446,-0.08232783721499304,-0.18448885967382822,-0.01954342805190512,-0.03073924380370263,0.4036693908520009,-1.178582544017343,0.0032097793961295877,-0.04619637582769831,1.7567475442202316,0.4652733118971061
CNXC,-0.06637376744516787,0.021315859299481765,-0.12527500269735148,-0.04012092728192329,-0.09729344027110587,0.20987663457589079,-0.17344117935570066,0.049569465405167636,-0.4317079280876066,1.4589715399163423,0.46514469453376206
MTBA,-0.04396185681334219,-0.06589852112109795,-0.17948112576839892,-0.015521175090305817,-0.02460995181423986,0.30099204094431187,-1.043529198168486,0.003867895032424755,-0.04016378651473884,2.0360696185785025,0.46501607717041793
BND,-0.04174128404960464,-0.06359612278459148,-0.1789710736322746,-0.013904797176658934,-0.02336116408915878,0.25068796601847515,-0.9164652086073881,0.00323685567429301,-0.040360514683134174,1.3185066066179936,0.464951768488746
KOS,-0.12908730783791522,0.043706298993664516,-0.12113373631952262,-0.020911802432562188,0.11071530183715761,0.2413795229654671,-0.5424775574570586,0.03499900940936095,-0.18960241259188415,1.0319031036019295,0.4646302250803859
SCHF,-0.052147994656719154,-0.034786332130330555,-0.10292215379326652,-0.025548327930115855,0.02523884764372486,0.1594823192047013,-0.5098799760504104,0.009184878741933647,-0.045995121617324886,1.1561932496711191,0.4636012861736335
FANG,-0.09410723199801196,-0.033099863788339956,-0.11917325929741907,-0.020814462299861614,0.04463803184687176,0.3068183444544873,-0.6491679797663433,0.024096927805232888,-0.09083816219343377,1.441875828017357,0.46353697749196143
CNX,-0.10325938323818129,0.008970329405260768,-0.286681729916092,-0.025570192538611036,-0.06678908418946172,0.6658826338297379,-0.97641414776454,0.018687573027711745,-0.20206525433045575,1.26654888964889,0.4634083601286174
SCHZ,-0.04214845110994725,-0.06471198671969747,-0.18014882579512226,-0.014462708764397036,-0.024193441679336347,0.26347114371987534,-0.9320383561509265,0.003335885445246433,-0.04120164068273702,1.4625640887908113,0.4634083601286173
CRK,-0.1255762234180794,-0.004217285131863369,-0.36951731287689427,-0.00690004745956907,-0.18209718907522032,0.7160802370478855,-0.6622753247227244,0.031061217378490616,-0.497807838359421,1.0112225476311019,0.46282958199356916
FVD,-0.051642194287671694,-0.06871771515024916,-0.14510379973821896,-0.029313060038799632,-0.0023867922600436797,0.39235984852658684,-0.7459872166883691,0.00492924714850791,-0.06011644174299302,1.155330121889203,0.4627652733118971
PGY,-0.1289700381410226,-0.0019954976981568784,0.41317833352335964,-0.10650206140383256,0.08758147083451107,0.2801722862207197,-0.5131808400590944,0.03756101492768374,-0.39643801381091537,0.9880812526156788,0.4626366559485531
TTWO,-0.046741209284250074,-0.168025008526695,-0.06927141419890526,-0.04087745486762273,-0.04548219467768211,0.5582207698616546,-0.16694213764633736,0.01999123588925965,-0.18630143696379142,1.0405644036717265,0.46257234726688096
KIE,-0.05856526783989957,-0.10379743167358513,-0.06596638886298556,-0.03191272995082228,0.021610549355502107,0.3854575420822376,-0.5742831065821533,0.008963198336477818,-0.08954561131477745,1.0135762487105768,0.462379421221865
FWONK,-0.04904595454981753,-0.10232515060368141,-0.09711965156815028,-0.04412641865041034,0.016171528002552282,0.47131976770477907,-0.26160852821965475,0.014648547395186817,-0.12183576130138896,1.1702477718459607,0.46231511254019286
WPM,-0.11211432727623893,0.2451638787795387,-0.19229426239000402,-0.02568482032608055,0.04119339001885547,0.25649808161319604,-0.5697732668673985,0.025770239912327582,-0.15965908292203645,0.8727906972714092,0.46231511254019286
COLM,-0.021053988694710757,-0.1441380900583782,-0.14771698645416187,-0.00948023247159202,-0.03412960155677813,0.20909078298503944,0.12126796289978149,0.013915092783170288,-0.15570653464808992,1.0297389829174854,0.46225080385852096
IUSB,-0.042834535984866196,-0.06375049372933306,-0.17756423692468126,-0.0144358113848152,-0.022693828833834306,0.24605705035617345,-1.0294175958941965,0.0031568054890270714,-0.03829698831147821,2.0260032008728177,0.46218649517684895
TTMI,-0.03657994465788206,-0.15054616502775775,-0.15144073717474482,-0.020225644170787205,-0.04042812832124165,0.4414796302916473,-0.025993720638857232,0.03950384035328427,-0.4509875048383458,0.8034279320000828,0.4620578778135048
EWL,-0.03956891577343191,-0.08513401199500958,-0.1505035907125889,-0.03535056718429519,-0.02043961713911191,0.3940678240067242,-0.22789894561562912,0.006845056312036026,-0.07650691161858969,1.0595027302628157,0.4617363344051447
INVH,-0.04706923933409213,-0.14226253911815923,-0.10003201202605005,-0.04855256406890496,-0.017138819671021266,0.6385470828544738,-0.34287785041366015,0.010360400002218958,-0.11402698743394024,1.2590459189303873,0.4617363344051446
IDEV,-0.05060604677127334,-0.03745845977461171,-0.12151024932527155,-0.026908783986442808,0.016692747570349553,0.1912657212651008,-0.5602982207388467,0.007703497822411565,-0.04939786897346554,1.2828457730043252,0.4614790996784565
SPSM,-0.053297058291062904,-0.08878348760174093,-0.08716479324017512,-0.036949473757384554,0.017702647467596977,0.3634662470831827,-0.6903356962791377,0.00609584651765128,-0.08082989842342692,1.0996310024708067,0.4613504823151125
AVUV,-0.06122826439899354,-0.0714584522723748,-0.0993100841222696,-0.03131382143384076,0.02438593425950608,0.352000732421875,-0.982922893960452,0.006445086204785403,-0.06507240665592817,1.1292409740095684,0.4612861736334405
GSIE,-0.05333510432367439,-0.03532623708713545,-0.120590704168686,-0.027816390489951548,0.018837989056210036,0.19877272567429757,-0.6748817324506657,0.007618228090852733,-0.04990606925892083,1.1319665627082984,0.4610932475884244
USIG,-0.041810855549669346,-0.06475965476957968,-0.17850826900731587,-0.014415316626676833,-0.02420248119603463,0.2426327620727291,-0.8676360481868923,0.0033223412417581425,-0.03850806575970778,1.0692491013651555,0.4609003215434083
RUM,-0.0786487567358437,0.13976557363228448,0.2525475246616604,-0.11852724768609679,0.03443063504624089,0.004608400244351567,-0.21865067572449662,0.04569375290464762,-0.31476045527276575,1.4265092992807908,0.46070739549839235
JBND,-0.04321676629720583,-0.06434385193910452,-0.17964103528287834,-0.014704721375184526,-0.02381009064183004,0.25363206920756576,-1.062560190221241,0.0030532786635797133,-0.042511270218773545,1.4031723935900877,0.4607073954983923
KLAR,-0.02138989606125774,-0.31973345238093487,-0.08439408897054057,-0.08481481972736282,-0.2094614739805296,0.8280424601967192,0.05079220007339415,0.02166717324453013,-0.6628329189352802,0.8974166714044002,0.4606430868167203
CSTM,-0.03314119882591959,-0.14267166059733327,-0.2777682571736346,-0.03201230657134846,-0.06040657385561621,0.8649997711181641,-0.026082894107398877,0.01650409785676317,-0.28298758002158175,1.040140297230537,0.4605144694533762
VAW,-0.05137396759809487,-0.05030242499910065,-0.20507262816345917,-0.03073558956968825,-0.02448700274749127,0.4894611020666651,-0.4323858416664781,0.00963799812514258,-0.0801934073619821,1.6484435484640692,0.4605144694533762
AVIG,-0.042752534203542414,-0.06677124023317393,-0.18401328696247587,-0.015636987868945074,-0.02726619741776737,0.28159999204280967,-0.9524775863659332,0.003379126116253346,-0.0454811628941979,1.5517360025703826,0.4604501607717041
RIO,-0.07889340946967427,0.033341699469714214,-0.16862971698412432,-0.03971065403467766,0.008300415231330183,0.3297862293069202,-0.6152507774677876,0.013579788883343467,-0.13734620749243887,0.8309156110363447,0.4603215434083602
AGG,-0.04220905701616806,-0.06414143051724497,-0.18019818252757946,-0.014451022299246552,-0.0242499587974484,0.24466671042699137,-0.9291354273119521,0.0032612166670108723,-0.0416459721316601,1.3237691139420895,0.4601929260450161
IRD,-0.25944297469571986,0.1859871416928387,-0.2791279302982995,0.05400653313726411,0.15635496479880429,0.1886791038218656,-0.8183392687711134,0.03450029069722974,-0.22899510774516285,0.8548879633495632,0.4600643086816721
WDFC,-0.014269670905315834,-0.23470678937577283,-0.1986137326423183,-0.0424668956167904,-0.07057714816644867,0.78274606513115,0.22029550791188487,0.012242567908506674,-0.233445095571576,1.094431923181941,0.45993569131832795
SYF,-0.06318913339764598,-0.041333596270116235,-0.136070626745469,-0.04478511498201421,-0.013245502894597028,0.4267167555111412,-0.4466168416147155,0.014250001002290322,-0.1648921517103109,0.8876328632078482,0.45974276527331187
DFIC,-0.053748539612078594,-0.030950870570937372,-0.1302945409066294,-0.02575704672220447,0.01718738875619219,0.18248138598533153,-0.7065724009324603,0.007301984680715298,-0.04771812748348414,1.053639398297523,0.45961414790996785
WEC,-0.044686120597693724,-0.13828352997243132,-0.25339674968611314,-0.015173538294058653,-0.05450408664753592,0.6993166564130371,-0.3014230940912339,0.009958729239628096,-0.118592685702682,1.1651353128918627,0.45954983922829584
HYD,-0.04418457057054692,-0.09211457493458697,-0.18841043306734273,-0.020710954770991052,-0.03241019536926182,0.43777685593193294,-0.9471844080100016,0.004060443786217077,-0.05749138378982821,1.6053811989461535,0.45942122186495177
VPLS,-0.044060694285607216,-0.06483652380378568,-0.17703447778730197,-0.015271190234973808,-0.022706383438915956,0.2579910584740386,-1.1891525525060764,0.002931717320254129,-0.037762032467429374,1.4570224781764476,0.4590996784565916
MUB,-0.042811941414598875,-0.08813262225354612,-0.18982472985711918,-0.021312386809837824,-0.03530296479287809,0.40623621980310587,-0.9101529899867739,0.003945071242629218,-0.05171675004440868,1.8686776601281228,0.45903536977491965
EAT,-0.11913391813320728,-0.008650885159002142,0.10893799971062768,-0.10451849287153347,0.14444481086810623,0.35840534316665557,-0.6407002488554386,0.02891253860091016,-0.2295424430358176,1.2918202349835324,0.45903536977491954
IJR,-0.053227612147943026,-0.08906568118003888,-0.08738877633176512,-0.03706167629641122,0.01742555949640301,0.3566139794001425,-0.6861590373340105,0.006010085705374388,-0.0812414047238772,1.1254799971275165,0.45903536977491954
FSK,-0.08143715758675774,0.0014646608300106223,0.006788717405907585,-0.047607803938413684,0.004546257490735117,0.12121203363870185,-0.5602705461566652,0.012860769593578077,-0.2179402582384229,0.9734058584435682,0.45877813504823156
ADM,-0.10385719400129356,-0.0545349546728815,0.017613357628141202,-0.013934326933612295,0.083721841060717,0.13203233602274628,-0.9054703530750265,0.016343265415791182,-0.08582129495834623,0.9194214360529225,0.4587781350482315
SPAB,-0.04258585147700811,-0.06443900225118449,-0.1808605407266719,-0.014625117041576208,-0.02447816498461053,0.2454614559984407,-0.9877871215065981,0.0032814304655361054,-0.0423327714877455,1.2578353282220516,0.45871382636655944
SDVY,-0.05123184834413608,-0.07525206534307305,-0.14406400836691824,-0.034062938329653014,-0.005289344075652624,0.42605601100970103,-0.6463158178919696,0.006609442551355529,-0.07765420918364085,1.072386062206312,0.4584565916398714
ODFL,-0.02045067700166614,-0.25816770675340994,-0.27455773795698435,-0.0499573540304733,-0.08767002004445468,1.0,0.1144158845740347,0.016847929530033008,-0.2657169605512977,1.068193929851259,0.4584565916398714
DOV,-0.01646478297631715,-0.15332504969432403,-0.27274557512213926,-0.031324615331502215,-0.09098844149257457,0.6735757166876617,0.19134387014878904,0.009486270801047693,-0.17963726682996806,1.017273829372274,0.45839228295819934
AR,-0.11341953281539385,0.005482002390702734,-0.20425484812281292,-0.021045395015965696,-0.012218077716039666,0.46507309629862337,-0.8142020199440185,0.026295153781003163,-0.204429746290112,1.0780024337053253,0.4581350482315113
SUPN,0.001694138248008903,-0.13359476535213832,-0.3032093532592026,-0.02957509552568427,-0.10408576995477503,0.5271084821869707,0.32780149838725,0.019338573764892533,-0.2450877407140899,0.9214449622539524,0.4580064308681672
CMC,-0.06309576491044422,-0.03018712649260502,-0.16952201048599558,-0.0469662568986432,-0.07237822660457727,0.4742575880383162,-0.3242705588782312,0.020656372914670266,-0.2204732235521335,1.013139378658003,0.4579421221864951
CGCB,-0.042866095918992486,-0.06585505297208083,-0.18093249502848185,-0.015603661321748286,-0.025456294910770172,0.25832506172352876,-0.9296454586245125,0.0034450562842722418,-0.044251645961515096,0.9334388371143223,0.4578135048231511
ETD,-0.09131742761353911,0.042349593073012226,-0.057837465064366045,-0.016598220282806664,0.06546737142213277,0.0,-0.8272393583347756,0.01108995240268226,-0.10192947939425256,0.8870603197266912,0.4574919614147911
CMF,-0.043760314256451105,-0.08942757315005856,-0.19095290774596052,-0.021286801361903862,-0.036308768019094884,0.4176647378100749,-0.9688969676412411,0.004078844506786501,-0.05315435733671381,2.0532820274072274,0.45710610932475887
FLR,-0.08675037736332725,-0.02412437483579022,-0.1253367672139316,-0.040584593544301883,0.03026524983550849,0.3749999326501,-0.35927799666646965,0.021785314739810227,-0.12113043743631113,0.9394636581571969,0.45710610932475887
LION,-0.028205663088680444,-0.20150148381680844,-0.1251482275655289,-0.03419843120092492,-0.021969564851557433,0.4887643278795328,0.023821042402692942,0.02504706609515305,-0.3185975334957759,1.1607299258097867,0.45704180064308686
SYRE,-0.06742226457368794,-0.13091154225459856,0.5133645991793463,-0.09431889735140087,0.2401865181221916,0.4161022120650054,-0.20996765519254929,0.04044952437938367,-0.2156628558452076,1.2954981674710753,0.45704180064308686
SCHI,-0.042200136268441324,-0.06785175542318378,-0.18333670359006404,-0.016257770516674097,-0.027494658399019434,0.2686186054842566,-0.8736750592831783,0.0034570268781004333,-0.04415815217395924,1.333652968415597,0.45691318327974273
RGLD,-0.09592441254561346,0.18444730563608247,-0.26057968901396644,-0.025261994434890633,-0.014576080355786614,0.3004494589788868,-0.6254160941922687,0.019701698181447742,-0.2167108606086906,0.9834656044333768,0.45665594855305464
PHYS,-0.05876122420660901,0.01019379515657226,-0.2726556461383983,-0.030772823371769342,-0.07410038094846194,0.37922795675938653,-0.40711866371900796,0.013388710788591392,-0.22440751032149142,1.0261540596305396,0.45639871382636654
SPBO,-0.04313103102431959,-0.06627462055745037,-0.1803354374448931,-0.015312134944480915,-0.025674963552909214,0.24961317273833059,-0.9130285885732582,0.003482021821411764,-0.04037701587890874,1.3905354756955648,0.45633440514469453
FNDF,-0.06145492010561371,-0.023249171161108917,-0.09915401362179987,-0.025196277869357964,0.036231404860394445,0.12268491128179135,-0.8672607065254573,0.00785669741346331,-0.04821523861435517,1.1187182726877143,0.4562700964630225
SHW,-0.01980017019899094,-0.06487949349847355,-0.19306637012530625,-0.04781476285495179,-0.033216143442939106,0.3271503388839046,0.12089658224275773,0.012971901032002704,-0.132828277870637,0.9418952980804324,0.45620578778135046
SGRY,-0.04000878975338962,-0.1672028392503252,-0.06899343478243147,-0.022854805362347963,-0.03362950839201351,0.29377428946642864,-0.05530520367702285,0.04676866515286093,-0.3903662017830134,1.0066469516373429,0.45614147909967845
HON,-2.938155108589413e-05,-0.10217885762919265,-0.2999236123720177,-0.044399192663052145,-0.09046782802176945,0.5446708417091286,0.4114419214071444,0.010720038481936676,-0.1923333661058776,0.9596779246457806,0.45601286173633443
VYMI,-0.06231402079343529,-0.02904063863269868,-0.10890394641459444,-0.026743430425398396,0.033384747738615106,0.16696253841735118,-1.0004744627636877,0.007950081484851518,-0.0535548808659021,1.1016447750383174,0.45588424437299047
NYF,-0.0438749764968962,-0.09099070112109098,-0.1913927127470898,-0.021927375402169158,-0.036349559989274915,0.42539014644383905,-0.9704634645586016,0.004277314978357158,-0.05304738053045022,1.8756879104767883,0.4557556270096462
DVA,-0.04031941896537272,-0.2802402974312578,0.044272214543310984,-0.02154736051159889,0.04616763046095995,0.25377772264788856,-0.07759591319424494,0.022003633170401958,-0.2548971269770457,0.8842115496210651,0.4556270096463022
VCRB,-0.04342213644417525,-0.06518805989987142,-0.17900039442895066,-0.015019666567455792,-0.023816100368035165,0.23707004004561488,-1.1168397451445173,0.002958914127771275,-0.040302000756503364,1.356515102497603,0.4554340836012861
NCLH,0.03097975669459707,-0.2545344889143225,-0.3774625624992072,-0.05162844271302092,-0.19713532683614454,0.9676258523890908,0.484729747408188,0.022120134954251535,-0.38189448962263617,1.287621148742429,0.4553054662379422
IEFA,-0.050902636476009566,-0.03877113222788964,-0.12336282146592059,-0.02741419748071361,0.01565206273498787,0.1736111846971235,-0.5513317538402709,0.008063756614254493,-0.048466627926607386,1.2210660358068823,0.45524115755627015
XMMO,-0.04105303565040286,-0.10191032963776381,-0.19210882112439986,-0.029046064312715947,-0.030143513375715525,0.5187800296904846,-0.17047168336941446,0.011201879792106843,-0.14146573562493803,0.9926726710243416,0.4549196141479099
MHK,-0.07495848248807957,0.060278599834244107,-0.00508405225745534,-0.08002704144754857,0.02763960992199488,0.11851870457292664,-0.38532207994647805,0.025730970170816377,-0.1526767029777183,1.1238808882599909,0.4545980707395498
EFA,-0.051741646430880195,-0.040711622914122,-0.12420861508901782,-0.02823389417920541,0.015047951423625028,0.1868698225564876,-0.58007185447024,0.008080277072895591,-0.04962682506676508,1.2986645582684633,0.4545337620578779
VZLA,-0.13169785979799964,0.14803807959267679,-0.04610834992388435,-0.059368373160953336,-0.08579420344250155,0.19886355631608665,-0.6293542932133263,0.03513154567750099,-0.47594752789479944,0.8888476777240932,0.45453376205787777
DFSV,-0.06467029505783106,-0.060187406673253174,-0.0918812248518368,-0.033421202047640874,0.02543072774750854,0.28934950377333973,-1.0554708401459663,0.006741069440147144,-0.06542226527639505,1.341353491403186,0.45446945337620576
XLC,-0.036600194342411796,-0.049313196117411806,-0.17725297129168016,-0.010080522825876792,-0.02279996556158259,0.10602801781567628,-0.10335401158425953,0.013740807802964949,-0.07181181034980755,1.1427412931938652,0.4542765273311897
IAUM,-0.059110870516253966,0.006918506597746621,-0.2698243895971826,-0.030209592851138556,-0.07260705266212886,0.36087880578995685,-0.4128951006271797,0.013469065427326362,-0.22206360154789195,0.9804480982580528,0.45414790996784565
IAU,-0.05917924606858316,0.0066107788313294336,-0.2708977597004133,-0.030197996683679618,-0.07319485819114113,0.36266883890189966,-0.4139646404033163,0.013425729117254532,-0.2228512573027397,0.8924125159972114,0.4536334405144694
OTTR,-0.031300783452113956,-0.0497114810035757,-0.16671168054284458,-0.024221816303010124,0.003850754957495317,0.15480583091012265,-0.014583828153217874,0.010302219234246795,-0.062312070835869204,1.1106903313195462,0.45350482315112545
VVX,-0.043816131191743435,-0.08476171894037388,-0.07539709172013853,-0.06778032613936946,-0.01684173543255274,0.38260845768421264,-0.10729043192528288,0.02367266999048007,-0.2116507183947639,0.9864035226133989,0.45350482315112534
LBRX,-0.2300154246205317,0.10554770254590085,0.3686909679081374,-0.1522823217915944,0.18403662932197085,0.26779031166933004,-1.128195898348709,0.03259291463223496,-0.25181890056075584,1.1403723994235015,0.45318327974276523
SCHA,-0.05114065486790098,-0.08217025100889463,-0.07506148167479765,-0.030727821646267306,0.02051783961267417,0.23365019564490086,-0.4512746702840523,0.007262459552424075,-0.08791341921842666,1.3693086081947643,0.45318327974276523
CHA,-0.1203264561056665,-0.08003056600905356,-0.008823765577155251,0.0016396746138291896,0.00878194559830403,0.16993471385420134,-0.727181553991579,0.02268868552924624,-0.3164094413729447,1.0754003973661423,0.45318327974276523
IGIB,-0.04317426361581678,-0.06814251216937117,-0.18292322107543768,-0.016570955642390528,-0.02751015262122325,0.26114882633850356,-0.9375460335067533,0.003557633418003921,-0.043972799500921034,1.396223541025829,0.4530546623794212
FIDU,-0.03666344686343648,-0.10362957410579043,-0.17283736886496814,-0.03607030483023099,-0.02482989428993998,0.46484216675011325,-0.13753760473983684,0.008853784655020687,-0.09670474688718955,1.792946816761859,0.4530546623794212
OII,-0.1431629311652567,-0.004182572414275221,0.08724050192075872,-0.07912507946170322,0.14847351693722355,0.3061723697186448,-0.8047399866882821,0.02585010445597201,-0.170763289119223,0.9215722308768715,0.45292604501607714
NGG,-0.02926949603511253,-0.12413159456942247,-0.28305665862319873,-0.02235528485062943,-0.0671048216450133,0.5767797646601631,0.023797892710564046,0.01167355024717552,-0.16447810995928203,1.139130525493389,0.4527974276527331
JCPB,-0.043678726752858776,-0.06470387278302137,-0.17824357388738277,-0.015235943585442446,-0.023257031032787756,0.22663112925468432,-1.1241001796057146,0.002980636048397265,-0.04014457037065167,1.672612932713308,0.4527974276527331
GLDM,-0.05904100966769743,0.006838695219278712,-0.27056171397091977,-0.030211507122293257,-0.07278596287926475,0.3567524370922517,-0.41063829189251916,0.013442950933238816,-0.2220192464827575,0.9401918339560211,0.4526688102893891
VMBS,-0.04589549828900297,-0.0690576207080007,-0.18443414797401403,-0.017932319496813842,-0.027289134207903576,0.3026423193873071,-1.0022490124886376,0.0042113279854040005,-0.04325659440098817,1.540566369863574,0.45260450160771704
SGOL,-0.05948090143195417,0.006590888855755761,-0.2708109473138488,-0.030326406874641165,-0.07311577425078541,0.36068705346547913,-0.4162899315272101,0.01351328539549559,-0.22262205269001456,1.1141986870200316,0.452540192926045
OUNZ,-0.05956938576380877,0.006522695821429503,-0.27128383960400293,-0.03033041124209701,-0.0733679362758457,0.36363610091610554,-0.4185354121690908,0.01354061627537045,-0.22258622803847372,0.8980020357303289,0.452347266881029
EAGG,-0.042890593829019275,-0.06511519141415378,-0.18134810726258987,-0.014893507279937324,-0.02495623737531938,0.22544466642851158,-1.0131739977061318,0.003149563612673975,-0.04229049346872504,1.2742279229314784,0.4522829581993569
CCK,-0.06837766948689128,-0.05026906891173355,-0.13072350477261585,-0.048071732081147456,0.01421911806568632,0.4525853894883153,-0.5752747102744635,0.012482900091801155,-0.10862963508892509,1.056653300715015,0.4521543408360129
IDXX,-0.0067375649408238925,-0.12330440132339049,-0.2312320485268038,-0.03874464436677816,-0.11119700304096591,0.44732829612021396,0.30275013370462533,0.013101586239736536,-0.3236552629766779,0.9029096201981938,0.45163987138263667
CTRI,0.0009101690436077448,-0.23505354616738616,-0.5323452835330544,-0.022919402505218955,-0.24966609711154664,0.8521124994851057,0.17849732058682,0.02070637444730058,-0.5003588370794787,1.0318208627413639,0.45163987138263667
ETR,-0.05839643157018448,-0.14207602272058462,-0.25973391609525254,-0.016984596896954418,-0.02732552272462585,0.8438632272884392,-0.5342224723586599,0.010775687691242718,-0.11904800675572502,1.1394317938954401,0.45151125401929254
FENI,-0.04670690153280943,-0.041346679979981316,-0.12707210977200956,-0.02666365470980614,0.016468560381869723,0.14230883220310633,-0.43714967255103465,0.007844015775360329,-0.049300353839730526,1.1463196383563052,0.4511254019292605
GRMN,-0.039944499719061,0.06438935531421608,-0.09807844520939901,-0.06796160635547854,0.08975338233542152,0.0050755539340705735,-0.07815353815347147,0.01417238221525784,-0.13905018791253376,0.9116826772711166,0.4510610932475885
VIS,-0.036236384714066205,-0.10504174114260434,-0.16972017719878996,-0.03640055577433943,-0.02444072600995606,0.44504844954804773,-0.1287370150988814,0.008823977249728852,-0.09735265703434859,1.5379257289287571,0.45106109324758836
GLD,-0.059247388721703764,0.006165763236254618,-0.27164316014745526,-0.030450944901333155,-0.07388699269483312,0.35844204739212965,-0.412583142815852,0.01349255713717897,-0.2237446822704069,0.868242377563843,0.45086816720257233
BCRX,0.003930884403309687,-0.17707170602141342,-0.2552957370060842,-0.057806220839849765,-0.014761366526993336,0.7530121174099582,0.267280866951201,0.02226940666012635,-0.22817281059847228,1.3428477037237232,0.4508038585209003
BEN,-0.0661621117767307,-0.053694783964480686,0.1638205790681282,-0.03589218003679717,0.10192297250601001,0.0084749323653853,-0.5459567439003332,0.010357633362973953,-0.09259553929978692,1.0689384178822328,0.45067524115755625
ESGD,-0.052402840269160755,-0.04099103790319969,-0.11804374246568528,-0.028542804520881537,0.01656352998911692,0.16666570335905365,-0.5957430605675806,0.00820445675526431,-0.04935980474186197,1.465467433736844,0.45054662379421223
EWU,-0.05306509766486611,-0.04031008176066142,-0.16379051900738906,-0.028863334194386248,0.0019757485855671497,0.27427284696592885,-0.70678250405014,0.007555306226946095,-0.05942493611791566,0.9820197825661497,0.45054662379421223
PECO,-0.053607948951966966,-0.14031698786504,-0.15691981261562005,-0.027966725113509172,-0.021516589817288212,0.6285697677516549,-0.5300499048540961,0.00784414199358608,-0.13827821441590993,1.3220650938064507,0.45041800643086816
EMB,-0.04968808457435503,-0.07340414923247518,-0.17218063516624893,-0.01998992135957256,-0.022437827024070045,0.32216208698321197,-1.1494392844607495,0.004511952123087496,-0.04148043771817844,1.412756996372984,0.45035369774919615
VCRM,-0.04606094138083605,-0.08899231567893306,-0.18638714594859462,-0.02272608965353029,-0.033019441242046255,0.3982376519693908,-1.0906214613772383,0.004290371782679469,-0.051171596547711196,2.186734982007845,0.4501607717041801
AAAU,-0.05954213947156983,0.006563405342618456,-0.2708990441633379,-0.030486467870661116,-0.07318228978885088,0.35294208394574156,-0.423021696729561,0.013208942535788144,-0.22232659687847212,1.0589458516036274,0.4499678456591639
VCIT,-0.042817253135571276,-0.06777771393565402,-0.1836624108129279,-0.01647223715729096,-0.027727318409936585,0.24201045237013688,-0.9013638507650419,0.003576524579212049,-0.044259496578661905,1.3133628755639708,0.4499678456591639
APO,-0.09955898972588861,-0.03610716634353395,-0.0007739701826541268,-0.06928918524956396,-0.047934848821540865,0.35339417272328794,-0.7233556696706144,0.016197471030915657,-0.21042769650945314,0.9451259464759816,0.44983922829582
CGIC,-0.054491508756722484,-0.034174108798112446,-0.11687031372116574,-0.024688564125881385,0.015584628992567628,0.1250005960470162,-0.6012870128364913,0.008836888843184568,-0.04210243111499845,0.9777029168895849,0.4497749196141479
CGCP,-0.04467580067122756,-0.06720517726108843,-0.17969614742031348,-0.01672606360191342,-0.025840945828273787,0.24422343645583552,-1.1126376125503175,0.003355736474308162,-0.04003930126192412,1.456592027652073,0.4495176848874598
DFCF,-0.04309986811498234,-0.06757940057849532,-0.18200191216525607,-0.016199898684941205,-0.026405583808093103,0.23576970230572242,-0.9685717193279977,0.00332020001222038,-0.04371443394458285,1.3946915914929348,0.4494533762057878
ARCB,-0.07008634998477803,-0.1745659555297735,0.0448530587975815,-0.03970479961923146,0.07225734281247131,0.42355099450219824,-0.34635758802282735,0.016997159011558863,-0.25103856666778934,0.8160060605874533,0.4493890675241158
PPC,-0.07755778452607665,-0.04200852624583806,-0.34752175446026556,-0.01745294499461414,-0.14331585217409304,0.657425781465403,-0.376193514520968,0.030696331760541685,-0.3482632186544282,0.965759184280179,0.4491318327974277
RING,-0.10548336132017921,0.1942414442223639,-0.2347890042765436,-0.0353581116883116,-0.0034691233136605604,0.32161908815142587,-0.5405526796108884,0.02486129300966086,-0.20729280388944593,0.6511931662290247,0.4490032154340836
IWMI,-0.052565237127828346,-0.07261646890895279,-0.0827954220592495,-0.029878785832152754,0.021165211059162248,0.202200192200698,-0.7278184966519338,0.00589020479237633,-0.059143013307181636,1.2097949026071566,0.44868167202572345
NFG,-0.06430816999384281,-0.05926350177576656,-0.299595116991738,-0.017821704162119256,-0.0400673855750554,0.5921341051545943,-0.6252454759470688,0.011256605272430456,-0.1653670189716363,1.388616509795734,0.4485530546623794
NBTB,-0.058150314350115084,-0.042883069259305406,-0.02313217606263196,-0.02645888299709087,0.08107161899738191,0.015150902137579593,-0.5452769115226032,0.009136680750119135,-0.06775722787127358,1.0950817607163263,0.44836012861736335
BIV,-0.04337523563849233,-0.06826453394459009,-0.185935819734232,-0.01666964690767636,-0.029107307103830138,0.24732495671091773,-0.9989270514329686,0.0033849094687231625,-0.050074163184449016,1.2761253776078325,0.44829581993569134
GDX,-0.09886398460483159,0.17694009467368943,-0.25217165619545356,-0.03467655053998708,-0.018064718534322233,0.3233629031412498,-0.5031014624877495,0.024447562060255622,-0.2277278840416297,0.9182923455182165,0.44803858520900325
CNI,-0.05768460310121648,-0.0967299516336877,-0.07002250268173404,-0.039496622396426595,0.045871376017575294,0.3328078594842815,-0.51086404267139,0.011597242321144145,-0.0925347354189251,0.788492071907692,0.4479099678456592
SPMB,-0.04694988541878853,-0.07085307239645444,-0.18901288810363348,-0.018885988378062657,-0.030266787143485074,0.3075860045956032,-1.0372278717731735,0.004443589802680021,-0.04778777240759002,1.6033992453785462,0.4473311897106109
REGN,-0.08836709489423411,0.08597562814726278,-0.15168117532428838,-0.05341554378760793,0.017968769698045506,0.2692111233204111,-0.6669344066716495,0.016812052595112214,-0.12290062938495638,1.0293020596353017,0.4473311897106109
VWOB,-0.04964363109369607,-0.07347376237828118,-0.17394304500400626,-0.019943724442655575,-0.023754434334922192,0.3125269167995948,-1.2363289520647556,0.004288512628199764,-0.0422925120484019,1.344310027049899,0.4472025723472669
IDMO,-0.05824542683962386,-0.01817446364498787,-0.12113787531652909,-0.02706561419023157,0.02645291835403074,0.10526227730856233,-0.5477484575049387,0.00989485600653077,-0.04768219970609233,1.0966219021608432,0.44713826366559484
JMUB,-0.04452800521012468,-0.08764822187847865,-0.18801896472975377,-0.02198799408386276,-0.034524551568867246,0.35596719891594375,-1.0498681958375176,0.003954715127756776,-0.04948001583338579,1.714228503019615,0.4470739549839228
PAY,-0.15723944988594774,0.05231934742484956,0.14823038589983217,-0.11800570269767374,0.10524030859178701,0.24581002758995105,-0.5388063626574604,0.02801669777335975,-0.28968606751056436,1.009281620308299,0.4470096463022508
NYT,-0.029407971112670905,-0.15430995130352043,-0.30619484889866067,-0.0014779585725297473,-0.09100088382946148,0.45144703778037776,0.008362919809721142,0.029021868521184175,-0.22143277722204624,1.4120414081068016,0.4470096463022508
SVV,-0.06364295378685436,-0.07954943291751093,0.0012031147758841954,-0.07790334834529844,-0.01191640471639377,0.3647054995629925,-0.22377871406121702,0.019321315254855514,-0.316214261440121,0.9386984681440221,0.4468810289389068
ERAS,-0.04042920158766161,-0.1557670971205991,-0.21928162451540034,-0.04101229567052267,0.1126028286761529,0.8351409700087051,-0.05627144587203188,0.04028591074520015,-0.2937249501326359,1.173614411446199,0.4465594855305467
SO,-0.05004902046284332,-0.14321575385795327,-0.2520196546134308,-0.023285413115150866,-0.05495250258889228,0.7913976553975898,-0.46642906660004535,0.009255091768400498,-0.11756066273314036,1.1254059901824356,0.44643086816720257
SYY,-0.07165643606561967,-0.09677911622197222,-0.061336679429352836,-0.027697136217978424,-0.005610241498007595,0.30140713882546416,-0.744152577302862,0.01412376167000762,-0.12198234920540474,1.3351974634521084,0.44643086816720257
FALN,-0.047879105664178634,-0.06697491801949396,-0.16195091403764195,-0.01957738604471604,-0.015299413332724776,0.23903026987288534,-1.4549652560235151,0.0031442711352343334,-0.03391327117915288,1.0576980324573457,0.4463665594855305
IGF,-0.05113155409915937,-0.10615575742093541,-0.22502276566281343,-0.025180430519210928,-0.03852158593158683,0.6222711970002116,-0.7712238029270596,0.00750059867241678,-0.0829191332233955,1.1585041266369456,0.4463665594855305
DFAT,-0.06303228024707619,-0.07036277481975584,-0.10028204512486649,-0.035176780135405816,0.016945265513147678,0.30335091972051903,-1.014407803206733,0.00670766635325467,-0.06850334968815353,0.9882008901740903,0.4462379421221866
COUR,-0.036184044713260755,-0.12525175059790727,-0.18211301090023524,-0.06140575901235956,-0.11350543732920615,0.7179484514717452,-0.033528335791648316,0.030092781427434587,-0.5153774435127925,1.1781369542087525,0.44578778135048225
FCNCA,-0.07045372516221726,-0.05435720210151651,-0.10541264205252587,-0.035593392945817315,0.01078484668239521,0.29340161387625135,-0.5417858612260872,0.011403186661596712,-0.09188480963449885,1.0016113522479713,0.44546623794212215
FR,-0.04128048158364206,-0.11883253942423189,-0.15358494547109347,-0.030269742803055277,-0.014202247689686365,0.3929603761413259,-0.2269779641814638,0.009883545222681681,-0.12690108010450163,1.205744615775049,0.44540192926045014
MBB,-0.04561045248525408,-0.06921718254620035,-0.18642814233968674,-0.018356800081733793,-0.029187335148372684,0.27078351568625536,-0.9254462434542181,0.004558721577495026,-0.046943663001371316,1.9835417976855876,0.44520900321543405
JMTG,-0.04577797570170039,-0.06791762412384839,-0.18321225272864627,-0.017036528501595316,-0.025295618532068187,0.24822779310575313,-1.2146884778676414,0.0035046526097792705,-0.04353241550080256,1.5180925474274913,0.44514469453376204
AM,-0.0820868249609672,-0.09219156044566712,-0.17347395108632602,-0.026844673849141132,0.002358399322431426,0.6575344792223249,-0.7977136957786286,0.01269825471548478,-0.08632601825109687,1.119756262523981,0.445016077170418
ATO,-0.04865064617779069,-0.13547548825110933,-0.2922794022986539,-0.017111149862130914,-0.06301454239180426,0.7328945756947275,-0.4617465721820747,0.006891615924169076,-0.14864875713916414,1.113078544360581,0.4444372990353697
ATHM,-0.08074782766815314,-0.0320500554116141,0.038631358739291244,-0.057968359214208065,0.04080023822104195,0.15671593990420543,-0.6352655625389089,0.009143129679359313,-0.2416579966822242,0.6456809746683909,0.4443729903536978
INTU,-0.05784064886464135,0.007483084306278753,-0.2816010434322165,-0.0545693190268538,-0.20480654753484084,0.5086099567174217,-0.21090307805384806,0.026273941915808632,-0.5506832209477919,0.9820672774067586,0.44430868167202575
STZ,-0.039332436014541616,-0.12289688752979167,-0.40292635932568344,-0.024762808496648026,-0.1316993705455647,0.8127554957514328,-0.10785072482106398,0.01630750993314999,-0.2530468449656015,1.247930184051826,0.4443086816720257
ULS,-0.03902734126058238,-0.23546350098558977,-0.3134269059534832,-0.02622176868745918,-0.1503684481924027,0.9758302725490581,-0.07398409151560183,0.025231854356234453,-0.32566887255200705,1.340428311133382,0.4437299035369775
AVDE,-0.05579247949895294,-0.03300733697267466,-0.13162832774932354,-0.027650889954456637,0.015817590680239135,0.14714268275669642,-0.7121479611348429,0.007648758025633966,-0.04882463317114594,1.2982120461908453,0.4435369774919614
AMCR,-0.05775018756397454,-0.042431151956066726,-0.10431017020081468,-0.05528549286561968,0.0007034792306506166,0.2858590568080671,-0.3770937476719844,0.010841977406081815,-0.13602694064337117,0.9188634467342952,0.4432154340836013
FDL,-0.06459388009103773,-0.04091112034083144,-0.13342021019992312,-0.029082536225204292,0.014582052063227824,0.22382287842266693,-0.9516344247977011,0.006896066150359055,-0.0596202445409747,0.9316794179185096,0.44295819935691316
PKX,-0.10033423727221158,0.0762466624755036,-0.24483428719327327,-0.018378344927254542,-0.0663248626371371,0.24503918771121816,-0.5680777209197062,0.024788239342340666,-0.3753271107020806,0.7600900166732475,0.4427652733118971
OMC,-0.05557903372437678,-0.10409973764365155,-0.10529982406716831,-0.048960280958145974,-0.001507127658552876,0.4588154422484268,-0.26407133867463306,0.01314805107664633,-0.12915078848125106,1.0753042737807468,0.44225080385852084
GMED,-0.008764869755884197,-0.09997685855806415,-0.32108547073769134,-0.050042935902694596,-0.1089179207978801,0.5632710344194238,0.2402053157783656,0.014485888133140817,-0.22376576103919887,1.1055199466925762,0.44199356913183274
VVV,-0.024158540905682147,-0.25377303105985294,-0.2520549438074965,-0.04380867156468338,-0.11271705586122172,0.8894114774816176,0.061390864034691565,0.02941727882638405,-0.2450956227225609,1.3377736014169148,0.4417363344051447
GRDN,-0.09638451042790364,-0.026226310075023074,-0.10654069706313618,0.0010318033288656547,0.09509889887907375,0.03551889786512439,-0.5335901183884632,0.026065787922251473,-0.14708336194356286,1.4074498693041593,0.44167202572347264
JIVE,-0.06653766932781258,-0.022857946911179816,-0.10139682970437724,-0.028417157447456654,0.03653007604005931,0.10586857427814886,-1.0193409359554866,0.007671066420749947,-0.0566047243393385,1.3148008328743075,0.4415434083601286
EXR,-0.034706072419493084,-0.1073954112500618,-0.16323365633909692,-0.03784049945927792,-0.033805821639976585,0.369680478703653,-0.07709717501663839,0.01197495856109878,-0.11109615155029418,1.2270748858996212,0.4414147909967846
AS,-0.008740485824443311,-0.22230078445527113,-0.3571174521798297,-0.07336024595761881,-0.18492677070518304,1.0,0.20316046775423746,0.020108467080530525,-0.33257865176813406,1.0169633016776811,0.44064308681672026
TFPM,-0.08293571859771698,0.09157363305901112,-0.27259362853784197,-0.033121441755163294,-0.05445128084313544,0.30555562914152895,-0.5076034178510063,0.0203044570701072,-0.24113626972042912,0.83582476119462,0.4405787781350482
BALL,-0.048064245704647846,-0.08192550194868986,-0.2036226391563064,-0.03645632283246181,-0.01981971445546915,0.5081454369871037,-0.2983394234632756,0.01243598266974207,-0.12533448222498378,1.1084803219860382,0.44019292604501603
ALLW,-0.05461960983196501,-0.04804309520010619,-0.1711269330840226,-0.02390841709055458,-0.015719887314216807,0.2418030992820872,-0.8549840610271663,0.007660745648864036,-0.05158533669701859,1.0391771290740963,0.43993569131832794
EPP,-0.056150457904825646,-0.033425772051143054,-0.16309664220967712,-0.03259417662244568,0.007295630187230451,0.23820817101368433,-0.6428509707006583,0.008583212357662344,-0.06447476960498699,0.9226371272995817,0.43948553054662387
BBWI,-0.035605468592560086,-0.1834659796738296,-0.17235444603428207,-0.04883594003211589,-0.11070417818203204,0.7164180945684221,-0.03414512812096968,0.03137381484747877,-0.3303696863097121,1.129942178437394,0.43942122186495175
XPO,-0.02803477903653251,-0.1696927739859012,-0.29309141396365146,-0.032972478190724686,-0.05586649021001233,0.7438082021907939,0.0252734506937627,0.01608103708074113,-0.19963216408747664,1.1240594801635178,0.43935691318327963
CHDN,-0.056308886765039645,-0.07985181841816069,-0.230794469203631,-0.04310933755651303,-0.10690890373679363,0.6901557107787911,-0.24128047983277093,0.02709103088049204,-0.31448249748455115,1.2193224274200722,0.4389067524115756
EVTR,-0.04591730287088025,-0.06749236103155531,-0.18061914569036075,-0.01763721939034657,-0.026465748037700965,0.21602883585276803,-1.1395109178274463,0.0034384590770178856,-0.04278467498861416,1.4777283332510924,0.4387781350482315
CNMD,-0.07069019843536062,0.0036204515262709958,0.05514113163967593,-0.07606045434616249,0.08098098595846581,0.04193579746187459,-0.31786572740676683,0.020443013625976766,-0.14462012942018665,0.8489228423704097,0.4386495176848875
SLG,-0.0782928614820787,-0.02582158825206382,0.1423896276288632,-0.0841752481292829,0.06489359449656806,0.12433842546603306,-0.5152059033189501,0.01622769554818849,-0.17834259794677176,0.956786282026707,0.4385852090032154
DVY,-0.06605596186235041,-0.0705763057979577,-0.12106602196347405,-0.02982472654526913,0.01209250113827931,0.2911690699124502,-1.145376270151001,0.00646930552054873,-0.05763463918031775,0.8777740873036968,0.4384565916398714
VIRT,-0.10239849756828268,-0.15555407662894272,0.03344691630133334,-0.03829872405847845,0.13976776917483158,0.47387701569690255,-0.5108525496180064,0.03210607179064492,-0.1557531445133593,1.0111025252377315,0.4383922829581993
GPOR,-0.10429927958291274,0.014606035889858537,-0.350258168747849,-0.022007232281229583,-0.09881841849852269,0.5025521177185266,-0.8229118226262965,0.024539547739088806,-0.2661243437997326,1.0306097607167821,0.4378778135048232
IYT,-0.05140662981697386,-0.13015175864097106,-0.11240211888657514,-0.03768736692277774,-0.01138992518011428,0.4092522273377835,-0.4667146285293362,0.008942980247218154,-0.10775740901317343,1.4640100095444983,0.4376848874598071
SLS,-0.16573325169699915,-0.11803281710615288,1.298367921368766,-0.059433486867200847,0.45646371431081656,0.38571396133532543,-0.5198529410553481,0.036309781342125085,-0.24547219061642456,0.8426618810845579,0.43742765273311895
DUK,-0.05235458918391089,-0.1139221767312093,-0.2508333310214541,-0.02170367312855448,-0.04626120762674568,0.6088079419585561,-0.4986374352683227,0.007778484853182909,-0.10985083048072197,1.0292387568306613,0.43736334405144695
AUR,-0.1197053810153701,-0.08946677851882623,0.23689435753003818,-0.07312134301287665,0.03381180956529328,0.38934409890694877,-0.49608256976291587,0.03379810141857712,-0.31369046091763,1.0823089241029562,0.43710610932475885
GRPN,-0.002001557821316835,-0.24371874013918193,0.43289797903835536,-0.08766212231981252,0.06406758124068035,0.10220967984985685,0.1456071800152482,0.04817917442496582,-0.3421973657366373,0.8967067469441661,0.4369774919614148
MKSI,-0.024986544403271527,-0.29380139905646907,-0.17107449067903635,-0.03689761610934095,-0.04114377181203077,0.6365455155794946,0.028950643246098133,0.0338654248778546,-0.40756553698571374,0.8905464458541561,0.4369774919614148
LNT,-0.0500761152007313,-0.17544880083030268,-0.2366852450270045,-0.020854176679622527,-0.05283371468497822,0.7331541487670608,-0.41128308789713025,0.01046344391551664,-0.1486434670999911,1.1320339356317635,0.4365916398713826
SCHP,-0.048879268027127276,-0.06784718392215483,-0.17895976319842022,-0.01605766761563865,-0.023771181903583294,0.20937935046855197,-1.6719173956805955,0.0030504275826637632,-0.03486878331667176,1.1721973186362729,0.4360128617363344
VTEC,-0.04674061077209779,-0.09140971168573686,-0.19286455541868264,-0.02366805726395893,-0.03822406383708965,0.3569614115428648,-1.2354437649017542,0.004036375095559771,-0.05427325662798954,1.8065026629949605,0.4359485530546624
DFAR,-0.054412966497273785,-0.10789700027076088,-0.15086085228861745,-0.034839175527807464,-0.013399148708180375,0.45656845093375037,-0.6815405031320124,0.00754802490093441,-0.09520858619369732,0.7679901336970194,0.43581993569131827
UNF,-0.06782274425528123,-0.08608372718803414,-0.13224943588036164,-0.04930942701045937,0.021854953828590373,0.5181579561499154,-0.7074035210541141,0.012725029806137175,-0.1334496853230609,1.4211838447562977,0.4353054662379421
TIP,-0.04888103774638619,-0.06806744550322208,-0.18001208729392004,-0.01620446214015203,-0.02442949427359009,0.21195661187865922,-1.6766872383314975,0.0030060766877020527,-0.03593880318859366,1.1223056276259855,0.435048231511254
SCCR,-0.04360882410938838,-0.06779023461229738,-0.1834594102154793,-0.01630296895532668,-0.027002554530781264,0.1823962994853103,-1.047934927945593,0.003131375747796113,-0.04534520649667406,0.7246805211096048,0.435048231511254
ELS,-0.03647564706573947,-0.11997514175264701,-0.20848773794471154,-0.038421442106676196,-0.04985977390944496,0.5208189517283182,-0.1185339937585702,0.009801229177458681,-0.11402035563171564,1.1514506714940513,0.434983922829582
TDG,-0.04564469352108513,-0.14377223990440036,-0.23296685911090353,-0.045035811835900996,-0.1072221331225841,0.8396378281840382,-0.22955200954383007,0.012618928876930733,-0.23465172077047414,1.020351496764713,0.434983922829582
CASY,0.0008200566074918481,-0.28837208886733345,-0.27414497188017306,-0.10421516139602816,-0.11759490272317108,1.0,0.2584149691557655,0.018755026079968134,-0.29306504070406114,1.352657365221088,0.43491961414790997
NBN,-0.06565593510787626,-0.07734797545560923,-0.1303110637789895,-0.027849978794064367,0.035496479198459774,0.2960722034752571,-0.39724850442400284,0.011532013341226426,-0.07927069484795557,1.0193742984931036,0.43485530546623796
CVCO,-0.007938972622844043,-0.07830007457253363,-0.11779474400597145,-0.05143281187528481,-0.03915013702679537,0.07561517516708775,0.2449649581426068,0.021178617681073125,-0.23307441327490142,1.023971537796004,0.4347909967845659
IVZ,-0.0982524674778048,0.01271401333975919,0.12840858049941217,-0.05329629428653193,0.07718284026031985,0.0,-0.7887627525073689,0.013358272537554623,-0.10642455231133885,1.0432348447273436,0.434726688102894
IWO,-0.052158246998342817,-0.09840289246317335,-0.07305411891430147,-0.04328280570816656,0.0007068206850464609,0.2671267882863286,-0.4270224476867014,0.008427935867642244,-0.09583934357365032,1.143519627553606,0.4346623794212219
VTEB,-0.046769357352890895,-0.09254810114325851,-0.19388440668386842,-0.024339094352007318,-0.03836521387330727,0.3621254590265904,-1.176064891354479,0.004270838731799499,-0.05526305471076598,1.9242544481484039,0.43453376205787775
AIP,-0.02777051459219404,-0.35708942910701824,0.009578495019415323,-0.08131227600937707,-0.09349107548878355,0.47139566826805357,0.013756621975543315,0.03798522491952816,-0.537559184136826,1.0077372646881446,0.43421221864951765
ROP,-0.09258533246222056,-0.03169729070522043,-0.08757154358660535,-0.06217806177667884,-0.004504744807977579,0.33240309300959253,-0.6372129896628617,0.016506710305373425,-0.2915430922700327,1.1207997496570088,0.43414790996784564
IYF,-0.07582014735366649,-0.07620158022835,-0.08920437986488472,-0.037682537957786866,0.011502755585846902,0.3066724259985842,-1.2819050993282777,0.008168944754262839,-0.0730615484169761,1.0451649543825334,0.43401929260450156
LIT,-0.0589257702853494,-0.04912179534819339,-0.2528411970027884,-0.036393703806902766,-0.06714953622453423,0.4967838796567509,-0.39931494585806415,0.01225165480673128,-0.2352663819674753,0.6239609211499225,0.43363344051446945
FBND,-0.045069063446093405,-0.06790384306820385,-0.18162540966430973,-0.017058743328643877,-0.026187334108844218,0.19231041257367387,-1.166489272940512,0.0032878203483502227,-0.043099173519000944,1.3210557083104675,0.43356913183279744
AEE,-0.05550739367655577,-0.13390581215732766,-0.23756635605570253,-0.02225242147591877,-0.04045863272801631,0.6540880402550167,-0.5881774254556023,0.008873776796741359,-0.12909162648382766,1.2889068990180135,0.43331189710610934
ACMR,-0.04951123571769789,-0.28757611711081976,0.32495856872100415,-0.06886171947913422,0.04583156450655612,0.3599797533616043,-0.07608139849694504,0.04488280507293891,-0.44038141320990976,1.2384828539495583,0.4331189710610932
BGC,-0.10082434743820146,-0.005878304994809458,-0.10814917638831756,-0.022180861412259723,0.06916930176004521,0.10655744753033583,-0.7203049685176749,0.019870124599827413,-0.10035088498405764,1.3301437529825229,0.432540192926045
ADTN,0.01203128520373431,-0.44018712831639784,-0.6562383441898794,-0.011163202932761629,-0.33708702447675687,0.713541578708427,0.24351357503563678,0.029215682108993796,-0.6141752432631511,0.8808803753498828,0.432347266881029
IBN,-0.060950503223673236,-0.07844364275698235,-0.13516257328670078,-0.03943306412679992,-0.01605579794601364,0.358208572819431,-0.5977090970872513,0.009984231063396055,-0.14377136508477018,0.8467713467493384,0.4322829581993569
XLRE,-0.05552734975385609,-0.10342583659703874,-0.16351606376041294,-0.035993307242262684,-0.02230087422363769,0.4794353047734339,-0.6678638237495322,0.008481482981338757,-0.08779983627869214,1.195837280573576,0.4322186495176849
IDYA,-0.0642262211261938,-0.0413911045492219,0.03413128276800781,-0.049251798244943856,0.05991364208447214,0.034246596817599874,-0.3533610128013322,0.022118226339700692,-0.1481873407904919,1.1291414317770618,0.4321543408360128
FIXD,-0.04619939550007801,-0.07051921030507768,-0.1842566107522201,-0.017975490353035917,-0.029610379631740957,0.2114209562141631,-1.1913725461682394,0.003521265783908785,-0.04915516097531625,1.6858915459474588,0.4319614147909968
ROIV,-0.17065299778377585,-0.022365012096768,0.09552233625064699,-0.040265215067547544,0.15434344856537607,0.14537466649413708,-0.9636246318789761,0.018935691781033548,-0.1580961586519859,1.061413786074745,0.4318327974276527
TPC,-0.06361498395173704,0.07420328642196772,-0.15025892693974918,-0.05557683769519395,0.03286831542911428,0.12997033402511168,-0.22917802660916958,0.020937834082579244,-0.15798725515880963,0.6840525484115892,0.4318327974276527
LSTR,-0.05068390294021685,-0.2410575194172736,-0.14045535860103064,-0.0316796980355597,-0.02792373661420222,0.6606590042649217,-0.2254563776704956,0.01176824990735744,-0.24314190822870585,0.8066254430572339,0.43163987138263665
TFI,-0.04813465796057548,-0.09443898272857365,-0.19653391239197093,-0.02488271086704308,-0.04067079763315107,0.36847431681596554,-1.2635098747434017,0.004317137474397977,-0.057875232382225805,1.6980336228397719,0.43106109324758846
PAG,-0.11839395899653726,-0.013120078307637728,0.13263916997327518,-0.07172793167640334,0.11340346343369201,0.14566059331620906,-1.1168694635085687,0.011462663121388932,-0.10996420276602614,1.028701812287398,0.4302893890675241
FTS,-0.05045521206337866,-0.10586931082338047,-0.2099260968949821,-0.02257076216894993,-0.02732805865771404,0.42931924624771567,-0.567829659879884,0.006209994441939323,-0.08515564756668126,1.0897605209246095,0.4301607717041801
SLYV,-0.060477074278106224,-0.08084417577274394,-0.0902185147521577,-0.03783812967236411,0.01571862207745145,0.23634799033776752,-0.908414205123375,0.005964553662176628,-0.07609894675159123,1.2482218042436835,0.42977491961414793
IJS,-0.06005659446098022,-0.08108536084562634,-0.09061303287729672,-0.038023814804113765,0.015385607400623336,0.23596019928269393,-0.8832048306496247,0.006017369366433526,-0.0763761306755707,1.158077922389556,0.4291961414790997
CSW,-0.03742422477348728,-0.018044425420992605,-0.15330507616262978,-0.07376405181500278,-0.00596687783579386,0.18454626834753787,-0.049095253229534626,0.019172489558799015,-0.17542485838198718,0.8995570233044847,0.4291961414790997
FA,-0.09998753742012068,-0.11913285153941788,0.5860726047716671,-0.07286319178084155,0.19111428849830037,0.29157668899184086,-0.39744701382935455,0.024712130589935974,-0.21227200087428055,0.9178669625027442,0.4286816720257235
MMM,-0.039811700247678106,-0.01483056895172341,-0.06871171568066736,-0.0601054926845781,0.011229871521283075,0.0,-0.12972141870018708,0.013213194479059755,-0.11828670654254425,0.9327485670479824,0.4282958199356914
SSB,-0.07995654084583015,-0.03463927862241367,-0.10942963670387873,-0.044299679819910565,0.017329826634517875,0.2347216011562776,-0.8881758577321136,0.009521215980498434,-0.09848551146549189,0.9029217120722037,0.42823151125401926
FSEC,-0.0480869344474576,-0.07101069785293435,-0.18412814537156752,-0.019426198701776642,-0.02873008346717365,0.21475613622035183,-1.1845505237361222,0.00407790939475033,-0.04459714754700406,1.3661532366138385,0.42752411575562704
CAT,-0.033056532274702954,-0.17878930898274814,-0.1329606852943661,-0.02328826317893884,0.004040898724083641,0.2500005671004607,-0.025605169161643366,0.0212397644687694,-0.24463382634847997,0.9076227550753423,0.427395498392283
IWN,-0.06163699168732539,-0.0771189635389099,-0.08420748922702992,-0.03615160521459637,0.024200418371064458,0.20131712649469918,-0.9908172440058209,0.006261533789423847,-0.06722716134410944,1.3234828119882662,0.427331189710611
JPM,-0.08313298628929067,-0.04115561699764059,-0.06651174932782333,-0.04382014115774613,0.044466809925358675,0.18941226112665527,-1.0243552004026588,0.011228649368269311,-0.0828286084205887,1.1822089063317687,0.4266881028938907
WFC,-0.09243778710845008,-0.07980977408738321,-0.15847814678204453,-0.021065390475479395,0.0010972535463162902,0.3986552696482588,-0.8980594094291525,0.01650218238531932,-0.11519572407735168,0.9927781542318465,0.4266881028938907
DLR,-0.059928358467234766,-0.031201467607750555,-0.19337670926649986,-0.03916062604544146,-0.005598446577674943,0.29166601911021506,-0.29647054395538136,0.018663307651313882,-0.11184007986328826,0.8425652784795192,0.42655948553054657
HIMX,-0.06600663187170208,-0.11103486403886098,0.3161316966308889,-0.05328394449828511,0.07469972492271393,0.10958895758151631,-0.20463380504217124,0.036254361056888174,-0.44092984514696576,0.8963338298092678,0.4263665594855306
LQD,-0.04542814765001857,-0.07307083193373232,-0.1921593721575262,-0.018688219782274973,-0.035142547033413796,0.20693104184183259,-0.8844939889780858,0.004263479910125931,-0.05445497800685206,1.1727075998261487,0.4263022508038585
GLW,-0.06919230205729743,-0.1844309624967191,-0.2334580791858767,0.009385882240407595,0.03200453725898145,0.5208660986871431,-0.17790394511080715,0.04674918853053462,-0.38560265741830124,0.7806631531216301,0.4262379421221866
LNN,-0.06778481473482623,-0.05650554759320081,-0.12022720177577062,-0.02201732088398578,-0.03690111768817683,0.14410459496437392,-0.5416434235215936,0.011735390710433414,-0.16599949831373917,1.1043895874549923,0.42591639871382636
IEF,-0.04675273452346573,-0.07414637573121596,-0.19470150727927682,-0.01994513907680351,-0.036095055058433356,0.23061846113097603,-1.0915572967210507,0.003927616093046499,-0.06321108007370613,1.3391663415667967,0.42585209003215435
SCMB,-0.04701232954729628,-0.09544606155141955,-0.19594098110369762,-0.025242114516983438,-0.041199018129648324,0.3328719761042485,-1.1203957765738328,0.00440157258640529,-0.058223221541291226,1.5881745872030308,0.425144694533762
OGC,-0.11208734526624042,0.10258584220342515,-0.3401271474612968,-0.03359078808931326,-0.0925869468631142,0.39333343505859375,-0.5608884648067805,0.022423428120228774,-0.34776504879243764,1.2118752273970468,0.4245659163987138
BOND,-0.04878724869901485,-0.07341820701944723,-0.18779247223897133,-0.02075451570473874,-0.031485500008543,0.23018321119253832,-1.2291681351714323,0.0037414269002339164,-0.049222254807588794,1.4868689710568233,0.4245659163987138
MAIN,-0.055624449267288045,0.00320174434231002,-0.09639296759505012,-0.041671725032395246,-0.004542461163690059,0.0,-0.4242142458170047,0.010060238293775045,-0.11573737551188312,0.9248594566384051,0.4245659163987138
STT,-0.10804943019666458,-0.051985961441714634,0.11967238592354135,-0.04943417663332328,0.1356567944835767,0.13742231285565396,-1.2393208254663965,0.010487409861196386,-0.09165640985105972,1.1689304016376456,0.4245016077170418
IRT,-0.04375081400081282,-0.14999616764103396,-0.165863460435985,-0.04976683784948832,-0.06612889565252611,0.588678238667759,-0.22351493739983813,0.010846330370741473,-0.13386768000717564,1.2012602414017581,0.42430868167202573
FERG,-0.03200917037996931,-0.09271252721137346,-0.28596337825549967,-0.0436106943237744,-0.06582028830087339,0.4881135983337039,-0.018533957247674048,0.015142884077524945,-0.16962040902636255,0.6295458763012923,0.42347266881028933
AHR,-0.08129305923895513,-0.09826891276798955,-0.1049497760962419,-0.04593056347318114,0.009224416670237767,0.44916522111834895,-0.7273957108340878,0.010347702184884067,-0.11103071996283254,1.1944942003886012,0.42334405144694537
MTDR,-0.14599475197655754,-0.008283048506560586,-0.2285582360472801,-0.008357443048443103,0.033249908755530244,0.30528858277572424,-0.9096957494365897,0.028599733228610837,-0.15518825304766992,0.8745729053792607,0.42327974276527336
SR,-0.056673986128608855,-0.0798094020543858,-0.30295818622786164,-0.019079757942537245,-0.05441055268770312,0.4629981903727832,-0.5310773729140942,0.009484144298521157,-0.15792303448257805,1.0966146797489351,0.4232154340836013
VTWO,-0.057047174253134436,-0.08742684431471337,-0.07679943635307085,-0.039515469613791265,0.013301767098748973,0.1962038939438411,-0.7119100707179215,0.006974750101755845,-0.08162002290511561,1.081305190136561,0.4230868167202573
BEP,-0.06191299263457839,-0.1032622047396553,-0.2798639211720735,-0.04588725275166117,-0.058684738200306064,0.8571424400839234,-0.3791873315079914,0.017236051190008365,-0.1933234695456597,1.0729843285832106,0.42295819935691314
LMAT,-0.004496114542602125,-0.23383691925653693,-0.4430748340656895,-0.014543737089649733,-0.14057574151711982,0.4912935630251144,0.15906511294962813,0.01375795459402706,-0.30754696538543824,0.8007814780124973,0.42231511254019294
AESI,-0.14039737171717526,-0.2065434532928,-0.06651019157540161,-0.009221561224687091,-0.0820964002939546,0.513257696855151,-0.5674111551625356,0.050020662477897604,-0.3749366953403135,1.064454525714986,0.42212218649517685
PRU,-0.07682702453740942,-0.058547977103806104,0.04326962993628425,-0.048320912719647335,0.059325799165783843,0.08753502148839455,-0.8473262302750643,0.009906426271805735,-0.08663502542084678,0.9114059016722564,0.42205787781350484
LYB,-0.09071230910895178,0.004430408269433528,-0.31548257262321144,-0.026935907359367683,-0.01622743856289255,0.37123094927506367,-0.6250244604561854,0.019606825519200923,-0.2511846985758657,0.9529024618491494,0.4216077170418007
IWM,-0.05679577453038753,-0.08788301296193235,-0.07768938769795164,-0.039605983677066026,0.012598144477309114,0.18879775106605926,-0.6970507162832404,0.0071236768919753345,-0.08184564925178617,1.1774702786992648,0.4210289389067524
AEHR,-0.13342192391800556,0.19477693152609032,0.04254116245198958,-0.1414106183346796,0.17921225500989024,0.10027311627906976,-0.2618943419115894,0.05405250254799073,-0.4220863871083824,0.8137560040946473,0.42051446945337617
EQX,-0.09315273593485551,0.1701293026252333,-0.391528022840662,-0.03723320625333393,-0.12133952638213219,0.31701059561368927,-0.37634976671328313,0.033533716838087604,-0.3879209500322005,0.9588362423663448,0.4202572347266881
CRC,-0.08769233309639035,-0.0405761621969829,-0.3439603144022543,-0.0003833397787047499,-0.049363012395710504,0.3260233176153681,-0.702591543925061,0.018680715091378055,-0.23296022427374397,1.0383791272655372,0.42012861736334406
JKHY,-0.1028676573979046,-0.045381705669989225,-0.12678727490694253,-0.04166941382362077,-0.037959257396288915,0.32666966157532196,-0.7547462793025845,0.020562389680801273,-0.21340310659401718,1.0703650599798715,0.419935691318328
HIW,-0.0777540597492884,-0.10180422157251667,0.1884001008250229,-0.053936810440343375,0.09146682143198759,0.14754120145740166,-0.7216578782030969,0.01440746772497462,-0.1433840684168105,1.006120204781111,0.41942122186495184
SRE,-0.05722271485789532,-0.1764456710827217,-0.3190791308592048,-0.016260461381723545,-0.08457967969773372,0.7728193438636383,-0.4085855777423175,0.011569321341918718,-0.17458495461851498,0.9624500002876681,0.4189710610932476
IAUX,-0.1084825426585706,0.14793921077147054,-0.2028573963043937,-0.05593368886550898,-0.00973192579000337,0.2763158431343762,-0.43299917216050854,0.038185478945642795,-0.23317303504111342,0.889766311840566,0.4189710610932476
GDXJ,-0.10647524547273524,0.15957990533405075,-0.2622823525467356,-0.046118871294465014,-0.041134057877317054,0.2934148161773941,-0.5061120544963615,0.028867996778907196,-0.26586209665664584,0.8208502692753307,0.4185209003215434
SCI,-0.0522662200301407,-0.06307214035847497,-0.19141428279038786,-0.04018904192726891,-0.019734903981598717,0.3241437228583281,-0.3635004794348523,0.009734422028454537,-0.10683739793374614,1.0461570139235803,0.41845659163987137
SCHH,-0.058664640565552206,-0.11019123394595731,-0.15458650622361647,-0.03814855710487486,-0.0163892772284866,0.42045649787034206,-0.7823746830148564,0.0079310224870398,-0.09857926069110623,1.4702408758975887,0.4180707395498392
AMLP,-0.08784698377458311,-0.045033151387164794,-0.10854756681563349,-0.03310066587241722,0.028137947662604024,0.18836570365830463,-1.5559742792673814,0.00847702051415885,-0.06478020072273549,1.0696348639363997,0.41787781350482317
CINF,-0.06050609837761112,-0.141869764256072,-0.12586336351015248,-0.03060546077940396,-0.01257135755460781,0.35888897021152016,-0.5272137501760646,0.009737792564665594,-0.14340249494527568,1.1097020150530634,0.4177491961414791
PFF,-0.044275032563328987,-0.0592267741041288,-0.16999606699688308,-0.01952616385277295,-0.02592426812249471,0.07830659820601399,-0.6105715972944419,0.004693344240057875,-0.05077726978890129,1.207642069395347,0.4170418006430868
VNQ,-0.05821216059179801,-0.10699361690510678,-0.15943186342097415,-0.03915213295811193,-0.022750597879170442,0.420385728031245,-0.7667445306407272,0.00786958182889599,-0.09354301253306163,1.331331767253938,0.41697749196141476
AGL,-0.12375239753392475,-0.31762903211004534,3.2620383768103007,-0.06143174135633245,0.40246666160985956,0.49123864061208505,-0.3873001010585734,0.033169587954604125,-0.35335796786393636,0.826121655792558,0.4162700964630225
DGP,-0.07968184133429967,0.10831181301883275,-0.3745077570347445,-0.03895751911868761,-0.13545484854544454,0.28961345050033016,-0.34698577268931635,0.02537838014556253,-0.3870727907988941,0.9054416556870344,0.4162057877813504
UBSI,-0.060692850136233045,-0.04780883494413768,-0.09638698826149472,-0.035498124186410185,0.04470044757704961,0.07539626674417162,-0.6745174949916491,0.00876665539250614,-0.07031586582512217,1.1987658765012181,0.4162057877813504
MSI,-0.06844046846699225,0.025085613071280433,-0.12020358730664427,-0.03774110649372786,0.03303650692629789,0.0,-0.5041934240933381,0.009990033439597347,-0.09157235540488318,0.9244071007101691,0.4161414790996785
CUBE,-0.050662506282065034,-0.09948779929190965,-0.1541351173459985,-0.03793207536422216,-0.014399516008868352,0.3214339508962193,-0.3799651036692617,0.012121474301800408,-0.0990585027632025,1.1922304710676117,0.4161414790996784
CNA,-0.05150936673238493,-0.13845611341711295,-0.14755317747215813,-0.04349791664022784,-0.0017338600767676793,0.45197734024864517,-0.3527472624060243,0.011757010309624295,-0.15166129372969828,1.268321832033845,0.4160771704180064
VOYA,-0.10349744456580756,-0.07614164182440186,0.22270880571403318,-0.0439213177044494,0.13085469246955816,0.07967611179094392,-1.316954143226065,0.012258815278960871,-0.09240894893195029,1.1823251343563514,0.4158199356913183
XPRO,-0.10500674507781638,0.0012864310237750143,-0.17802615283871792,-0.05637381137723929,-0.0036825610074038284,0.37765957176982157,-0.6254079791095364,0.024703007098239776,-0.1424050098083598,0.9714683876612022,0.4156913183279743
DPZ,-0.05429369243594273,-0.04273458222567783,-0.30064717136580654,-0.053846977968559195,-0.1121619613853233,0.529351562894147,-0.2372355116155973,0.018115051836702114,-0.2855649307554957,0.8966343750122019,0.4155627009646302
UAA,-0.02944180766444071,-0.305322265483979,-0.33935370853078595,-0.03892593999097671,-0.16793151107371962,0.9276311991948983,0.0074983875719864005,0.02382591151414539,-0.3888206763143981,1.1951369814314061,0.4153697749196142
PDI,-0.060368973359314126,-0.13967173566833735,-0.26164939277922494,-0.02899051279099274,-0.08829962318226603,0.7039482104808776,-0.6631317538956046,0.012393727518004652,-0.15774868318822122,1.2493836049206684,0.4153054662379422
HLIT,-0.07641013372946881,-0.22999648808102524,-0.013287892856639116,-0.05134933766564875,-0.03816801371909939,0.5186911306480709,-0.32457605039402804,0.024830909421838614,-0.35096439824100323,1.0251236320103811,0.415112540192926
SSD,-0.02932815035560532,-0.11227816916859568,-0.1708371404152319,-0.050328491927332575,-0.06387646015552273,0.2994957321076822,0.015102991752160748,0.011485968533133903,-0.17700647942214498,1.1723003108990484,0.41491961414790995
GDS,-0.032701559675213154,-0.09754220022310534,-0.4142293748652893,-0.033676343606760195,-0.1725485919469879,0.5119760359358172,-0.01571904845278807,0.03622907710430335,-0.3478535464522473,1.0298936397243044,0.41434083601286165
AOS,-0.030888665955762562,-0.08438416773688062,-0.28223052464075726,-0.049175799725033276,-0.10817766389046646,0.4063446110796741,-0.005500460613727877,0.012483107614258216,-0.2872811752879796,0.9937832682923771,0.4142122186495176
DFIV,-0.0703031840695586,-0.035352837487764965,-0.12678871749973974,-0.032002145866075415,0.02359625894798345,0.11150505716798592,-1.2565818415389967,0.0076474015700662805,-0.05708202017910702,1.1768766889991824,0.4142122186495176
BIZD,-0.0635379920535204,-0.035904639783679304,-0.11731229142393174,-0.04107603562353457,-0.012644269757184023,0.11462912245978228,-0.6664963030398312,0.00829732040409227,-0.09162639090865055,0.8648762708419234,0.41408360128617366
REYN,-0.011671756965599966,-0.19942217957200936,-0.14201720363530512,-0.06546582469230988,-0.04060944153380974,0.35000008669763505,0.28303500947769883,0.01326077358996309,-0.18435451590728402,1.010005036598429,0.4137620578778135
BILI,-0.027862219816582545,-0.16060828814592942,-0.49948442375828284,-0.04403242779533767,-0.286811286226632,0.8283585701149818,0.022538843085056215,0.022046877359947457,-0.5682070985657502,0.9215815883373146,0.4135691318327974
APD,-0.0651009521958873,-0.1035788537832768,-0.19737253072877958,-0.03723433598615988,-0.0050599763606800074,0.5410779581978856,-0.6583589598589296,0.011909593117993583,-0.0977620942156947,1.115446540660745,0.41331189710610927
EMBJ,-0.07910978664507717,0.06050235832727169,-0.11520630766157836,-0.04322481490038155,0.058655827247982684,0.0,-0.584451868817308,0.017661678750854018,-0.10664431244933326,1.1351869492279227,0.4128617363344052
CAE,-0.02706949183759,-0.08852547167531277,-0.2873186001196302,-0.0455147938712096,-0.12241011120193779,0.35672529622445576,0.04084248784350477,0.017522655756201985,-0.30220262081471405,1.110982356388405,0.4126688102893891
UMAC,-0.14647002461816716,0.16553850873049725,0.365985935750027,-0.153349589804208,0.0975065622521678,0.0,-0.3436034169450134,0.04371138495158874,-0.3893130241218553,0.71224897203731,0.412475884244373
TD,-0.07231567787823268,-0.08811902285946671,-0.0016772196901517766,-0.041387473121747065,0.0683725685351726,0.1219270488716446,-0.7069482595280325,0.012654910059764945,-0.07764424843313145,0.9467930167326358,0.4122186495176849
GL,-0.0616270881910731,-0.11595351179451563,-0.015552831479597184,-0.04542130384617771,0.049095320322347424,0.17952154953282243,-0.48119427676620036,0.0077946327904231776,-0.11044730607455988,0.8641242428921947,0.41209003215434087
LDOS,-0.08748790994390765,0.10382629003435939,-0.3503785398423317,-0.06748002817503596,-0.15860947254192137,0.4358090359597621,-0.49521485915065533,0.022694540257192922,-0.38273565369296214,0.9446997070330305,0.41176848874598065
JMBS,-0.05039138897184303,-0.07718163316551752,-0.1933984104804788,-0.02290404725302564,-0.035514015649176445,0.21556173688631355,-1.191736859559616,0.004695134772921601,-0.05435835597999272,1.4244371328136178,0.41151125401929256
OIH,-0.10219598414845632,-0.023633737225033036,-0.20036116411215488,-0.03635261354986297,-0.001746993564971988,0.35304788881808435,-0.8744302103726146,0.017582056070483257,-0.14066356233416166,1.0244844412371292,0.41131832797427653
TKR,-0.04365034782089683,-0.1972366479681712,-0.053537877226984776,-0.049038564171338006,0.01448308938879217,0.2790123991696211,-0.14171603565672009,0.016193986986658866,-0.19547025865826528,1.0133879006935231,0.41086816720257235
WTW,-0.08697758084551765,-0.03549081554999978,-0.08614119971057566,-0.07482717627667756,0.0024555233016696487,0.2564025035790934,-0.6970284913100413,0.013411056905754278,-0.15158950479871913,1.060573864004527,0.4106752411575562
SLN,-0.27274691126287864,0.04321660822303652,0.6077726999318569,-0.19395446054208343,0.21608585776332156,0.15960440295811457,-0.9857256584893218,0.028171397623108857,-0.34640312127770356,0.8631661785404994,0.41041800643086823
WSFS,-0.08348771388165843,-0.06683761044979886,-0.05386382528735445,-0.04094709861624868,0.06773738898328108,0.1607438848697969,-1.1437312112622475,0.01080545042628293,-0.0778244197547433,0.9651689215852752,0.4103536977491961
WTRG,-0.0942038708780526,-0.018949154612049046,-0.17200437206659336,-0.02793224115495474,0.011428399871874939,0.19579272244683807,-1.0912381218420355,0.010190718367619813,-0.06821432567778085,1.140343552255436,0.410032154340836
TM,-0.07094557238473287,0.014493344274695508,-0.27548192528660354,-0.030746274716049404,-0.07926734738317909,0.19881727709765726,-0.6405029767452177,0.011959247306513788,-0.2561722076903832,0.820326054531191,0.40887459807073956
APPS,-0.15460042024781717,-0.003665797310896224,2.512631512425868,-0.08851984526466639,0.4427053396618206,0.0,-0.38869503484671614,0.04579973888465342,-0.28179292622862107,0.9328438508673488,0.40874598070739554
XSMO,-0.04914524464120895,-0.1063131055165284,-0.14794925872089437,-0.03395613391329311,-0.010370652024722649,0.2455559856606695,-0.3909110260684539,0.008628643089942524,-0.12423742778403146,1.0961469842189373,0.4083601286173633
RDN,-0.09118780866215326,-0.14105027823227168,-0.14204109700345113,-0.04342976864368775,-0.024539947387263394,0.6507635949605208,-0.6968069106707523,0.023018613162223762,-0.13727644799477456,1.4596200227546383,0.4081028938906752
BLZE,0.009357149655073727,-0.25174781411809244,2.579516203752293,-0.1522729565858464,0.4450377839124673,0.0,0.14717824888416534,0.03235112428955495,-0.3734703867090945,0.656290227823788,0.4077813504823151
ESNT,-0.11224471561077987,-0.07099956017776843,-0.10360866300941529,-0.05555133874924367,0.007323936279694854,0.4444443276799466,-1.027939144051758,0.02274524927503857,-0.09880794951604344,1.3816011870326914,0.4077170418006431
XME,-0.1007042337812204,0.0028623782472374515,-0.21196914568677427,-0.05184372595743614,-0.06406037002507281,0.366945439846174,-0.669150410607955,0.018198526865985346,-0.1961178270340569,0.8058505027873498,0.407524115755627
SKYW,-0.02893393633551211,-0.06133040468108575,-0.13513776913735365,-0.05042894653490493,-0.006255352941391568,0.04141589625860892,0.014067233004868342,0.0159392283688556,-0.17263238716735074,0.9574110549697241,0.4073311897106109
ROST,-0.03856389438416574,-0.021297394544831594,-0.13706246048986537,-0.049384704833213,0.024837309157488496,0.0,-0.11719099554080703,0.011246263605618092,-0.12203795181007959,0.8894356531932531,0.40726688102893893
DTM,-0.06364638341126294,-0.18534045640248342,-0.22341017761269688,-0.02829046050366546,-0.06457512895108908,0.7101610841103176,-0.5231713567564986,0.010809138419220163,-0.16936148198362355,0.9779837237515586,0.4069453376205788
GLTR,-0.06664424869705587,0.0037726085144584864,-0.30736378383979646,-0.03955164186680671,-0.11165659253350768,0.28114963731636156,-0.44069783295036197,0.016427919996523294,-0.34089510596357475,0.7702465754974794,0.4068167202572347
DAIC,-0.17253419248711677,0.6734680605343728,-0.6553872266117371,0.009976958941946723,-0.5063808302980408,0.11398175597954123,-0.06450175135717245,0.3870561062076571,-0.9684105961528046,0.86815488922615,0.4066881028938907
GNW,-0.1288242432997625,-0.054911676882696714,-0.07340510997992933,-0.04478582779865725,0.0360021248267095,0.2883431167829701,-1.440019026329773,0.021544562006038586,-0.10943403390006179,1.3363458451522028,0.40623794212218656
BUSE,-0.0755432905756509,-0.04244718570215311,-0.04400568526625537,-0.042188592430394856,0.06576021951315525,0.025478264144433525,-0.9648087620852621,0.008532415933475309,-0.08138061117900786,1.1061070630115375,0.40617363344051444
GFF,-0.07278788303552974,-0.025592903881258344,0.02048862711310173,-0.0637799491879929,0.04149978383715158,0.0,-0.4026562315538566,0.01399432288556304,-0.14691009409010103,1.1308186142222518,0.4061093247588425
SMTH,-0.04740511935083458,-0.06927518206142247,-0.18255779033632258,-0.01804875479632484,-0.02747091567537252,0.10377402626379677,-1.3918412101432893,0.00330920984262348,-0.044338546218127606,2.2811873409042507,0.40604501607717036
TFX,-0.08465240315735156,-0.12480228902556922,-0.0923904723042972,-0.05584687277025058,0.010285925251403372,0.46572005445934456,-0.6997160151483156,0.014741808010098369,-0.12111933446974876,1.313710244942491,0.40598070739549846
IYR,-0.06077292063771045,-0.10945191391842557,-0.16847690533983828,-0.04163391460999111,-0.029100808417760082,0.4131279030370441,-0.8136918864600649,0.008192385968809045,-0.09622968847935331,1.1331327986559647,0.40585209003215433
ICLN,-0.06215384583571493,-0.11616498146498233,-0.23781654161433408,-0.022185746723279554,-0.08294205426852641,0.4362740148174743,-0.41396910762897027,0.015494573617647339,-0.2715236806225031,0.8944811991083443,0.40572347266881026
PAR,-0.1433877437955947,-0.1331097462837657,0.17007286432263768,-0.08529091541987821,-0.16806829395608291,0.4628820787934895,-0.7959763433154474,0.030919814729302508,-0.6064954774902136,1.086261327362195,0.40527331189710614
SHG,-0.10492777341040815,-0.012214086322807072,-0.03534045429351318,-0.03539204884240921,0.11278040272887302,0.0,-0.7761925869929982,0.019363842921384895,-0.10997988376079737,0.9453665197499401,0.4051446945337621
SPG,-0.051994765380043106,-0.12017869845079643,-0.13201989008308623,-0.04841196727219754,-0.0015923653739726706,0.31937774808763214,-0.4756645647741564,0.007454402379312552,-0.14486935517521193,0.939823216819317,0.405016077170418
UDR,-0.051191435497062954,-0.17956704224042275,-0.15249679768152757,-0.043956602649760756,-0.05857342344833705,0.5115094704102121,-0.4022645705946352,0.010489581584502973,-0.15938431094623406,1.1699907191681942,0.4045659163987138
SUZ,-0.12323683531567409,0.0125113241027901,-0.24205121773687022,-0.01728788551223015,-0.05820526008842286,0.20400009155273438,-1.1076365279784905,0.0193764217476389,-0.2534047001065808,0.877841963761815,0.4040514469453377
BKR,-0.07514487916927604,-0.054607773948876503,-0.24275708288633724,-0.05988073487084811,-0.0439252383980121,0.5894565575069164,-0.5224385430915887,0.016645740180003636,-0.17978748768194763,0.9913529455656407,0.4039228295819936
KNSL,-0.08815402214476309,-0.050957542308166626,-0.16959294060444396,-0.05386903436633883,-0.03286351465059212,0.40947220700176207,-0.5649629340957726,0.018337529029604133,-0.2806940897498488,0.9443855789870442,0.4037942122186495
CVBF,-0.0579832441062853,-0.07249371983369024,-0.08463857461391999,-0.03088792771436133,0.04974893384933354,0.03842357953435045,-0.5562856722848526,0.011241806222946411,-0.06551576088765942,1.1898241117428365,0.40366559485530545
VNO,-0.05037796819819729,-0.1630849431617205,0.0879808570682048,-0.07877640356452709,0.01005031560321279,0.20042267440550346,-0.25948793202130516,0.012083834542795565,-0.17660714986725023,0.9871041994613903,0.40360128617363344
AWR,-0.08721023002355532,-0.06629292223923866,-0.10066158633432232,-0.042183915284779494,0.05023155008311697,0.2198989551039155,-1.052393588096518,0.010006166307243481,-0.09434688654956147,1.0257722081932583,0.40360128617363344
DCH,-0.16535636691461253,0.0660392111350323,-0.20326552049389002,-0.07782053716124726,-0.09949576789217929,0.4956141433263913,-0.8268324465931088,0.029840019101519052,-0.3694444232516818,1.3259523567544311,0.4028938906752412
WIT,-0.01248374038169664,-0.13746043711877642,-0.35995449291381865,-0.05764963898087749,-0.19728371602664185,0.5294120946970786,0.18624638534620716,0.025742660513636977,-0.43813472489013183,1.0375558140538477,0.4028938906752411
PSA,-0.04163796178160306,-0.13729675629117577,-0.15561989709404245,-0.05002203406504602,-0.022781540583891924,0.34999976033323266,-0.18731509050215633,0.011960300473613702,-0.11851785440735985,0.934545483239827,0.40244372990353694
UNFI,-0.025006972358657897,-0.13688769001331014,-0.19355057316261737,-0.03797768245874389,-0.007434761072645069,0.23529363134429715,0.05551578191832959,0.021321890298079238,-0.20118879487654284,1.1201278333615052,0.4023151125401929
C,-0.09391352244610074,-0.11584742556815486,-0.09923399507064268,-0.029244597542214423,0.034014063632495706,0.29520793856587213,-0.8279157041982845,0.013432195513303623,-0.10503543936164828,0.99079380783183,0.4021864951768489
WRLD,-0.10376361787572153,-0.14537007169025484,0.03100394910552673,-0.0428938851294427,0.08949661446717383,0.27586206896551724,-0.6137106139345327,0.019352457328258528,-0.21337619673918806,0.6775712636072296,0.40212218649517684
IVLU,-0.06983494164752668,-0.03749113324204134,-0.117467363452042,-0.03556657151260867,0.020046803752714837,0.05707756194086006,-1.0347556181677038,0.008358932703464616,-0.060084446991341856,1.4415944772984206,0.4019935691318328
DHC,-0.022490314817520174,-0.17283855723885977,-0.08372882645981039,-0.05087795180684496,0.004051165818030444,0.12307678764390394,0.08886965640271645,0.01392149285603431,-0.21161829523203424,1.2181687751445236,0.4017363344051447
NWBI,-0.0788662020752876,-0.050528348228379594,-0.035585051310486504,-0.04038101041359654,0.07302372124008083,0.022726706236920847,-1.0751852099946124,0.009155663750090097,-0.06764177343396072,1.1389831144945577,0.40173633440514467
IIPR,-0.06374901423864399,-0.19977498531961713,-0.06573745063835834,-0.043425378110874435,0.009453308444725694,0.35870772593825856,-0.5388194726871917,0.01270579570480206,-0.16888115495322564,1.2787030976277312,0.4016720257234727
EBC,-0.057680736909267116,-0.0895928141640252,-0.1259673091175162,-0.043443325269923116,0.02254441566051213,0.21500015258789062,-0.5125814338682819,0.009256169284110312,-0.10282838718645715,1.064179463522065,0.4016077170418006
SIL,-0.12369104653334495,0.13229733492551454,-0.24857605194865895,-0.04933058225109066,-0.04406484113967202,0.26498225133693376,-0.6741360251124271,0.026176022917540523,-0.25993134108203686,0.8125142933203682,0.40141479099678457
EGO,-0.15036843138666733,0.2521395110592173,-0.11532882097521147,-0.07571361972998192,0.019416886949548573,0.12192920311938886,-0.6736182649579616,0.03192221254505644,-0.2382021558036258,1.218485897034636,0.4013504823151125
ING,-0.11975787171502783,0.004985754490165029,0.06345587925230012,-0.06234472690175197,0.10125966710709555,0.0,-1.1845112326918845,0.013872774361087392,-0.10397102099291233,1.1334407483418372,0.40115755627009647
CSL,-0.0524803299396398,-0.07114044648074302,-0.2226383076636016,-0.06823779342827319,-0.07912435469772894,0.4952521185711621,-0.19469389621998667,0.018510592060985907,-0.22251212748408322,1.0038972433238578,0.40077170418006436
SNN,-0.032858274657097564,-0.15582696021744125,-0.32928052261892327,-0.03545748109138547,-0.11672680899158328,0.5348487756666734,-0.031140325925779096,0.01240825493867121,-0.24747867471050589,0.7684388805064506,0.4006430868167203
AGM,-0.10719233162485697,-0.019202387076459715,0.17045663516748943,-0.07227999544927077,0.11734592524532772,0.0,-1.0496474765872672,0.013375350772217355,-0.1422056629069367,1.1412581708067537,0.40025723472668806
GBDC,-0.050437815552765275,-0.07903673821371238,-0.1480888856431628,-0.03828026806946305,-0.017262545223559744,0.17123298408799936,-0.4054400002845395,0.010322944822795483,-0.07514180413044202,1.2696185296375304,0.3994855305466238
PPLT,-0.08011922473334987,0.013343171535438625,-0.3290184073232879,-0.040317083097257345,-0.1302827627300993,0.2982609448315289,-0.4725639219613454,0.02055878343208717,-0.39231714689381947,0.8869990318768944,0.3994212218649517
EFV,-0.07048710276669512,-0.04069319990287168,-0.12000532349614512,-0.03617543789943101,0.022505660812000006,0.06796267524911252,-1.154086983431548,0.00831925126766339,-0.059220005542973575,1.0093297553162728,0.39929260450160775
BCO,-0.08159622380349363,-0.0749677155997075,-0.1650257410298006,-0.047330350507260754,-0.06704140402865044,0.4006441144655325,-0.5841916725423268,0.013128142873287996,-0.23164778784874185,0.9209981926760767,0.3991639871382637
WBI,-0.11816182575742418,-0.18250043054242338,-0.012714307671176206,-0.04544110715912275,0.05792470297154484,0.4663072693135805,-0.9494292541929306,0.019942320835369214,-0.17433600510867164,1.1757451572265625,0.3985209003215434
YPF,-0.1429166530854733,-0.03720775166290702,0.006177845975830154,-0.037890708589075506,0.09917848407296348,0.05815354933789389,-1.136112571596565,0.020573870346542216,-0.13634784688450285,0.974769503466233,0.39845659163987135
IAI,-0.08507596625071379,-0.09167716222085454,-0.09416528213492725,-0.04199313562406648,-0.004153688910648934,0.24447760392117596,-0.9756205614564808,0.010913334325886995,-0.09419759506876002,1.0810083587969392,0.39807073954983924
INBX,-0.1777266134784018,-0.011488572212852155,0.10999639400056993,-0.07942457249840273,0.040647710118138614,0.11671154080539187,-0.8134064050127772,0.03267290913649292,-0.33015931363847895,0.8941400677179433,0.39807073954983924
FLMI,-0.05176494754445471,-0.10050946426103857,-0.19870699767173294,-0.03011217483693951,-0.044185403175647675,0.28538569371916495,-1.4062915888266203,0.004406406324574538,-0.0630264301708976,1.805313311578788,0.3978778135048231
DRI,-0.07639304942150005,-0.035724519672272415,-0.11480524169917472,-0.06309373901730153,-0.022701871509346327,0.18740101677019982,-0.5373380466764549,0.020099762666969917,-0.1303803518689739,1.1364476844202007,0.39781350482315114
FHI,-0.09816390161945554,-0.05812537925959049,-0.10998764702308095,-0.06249908879023436,0.0036961958700973963,0.3216564030357184,-0.9808871125741515,0.012604036104533686,-0.13044806329585645,1.238271462353668,0.397556270096463
PLNT,-0.07356508982039245,-0.09532957031449873,-0.47292982240416626,-0.0237942978679625,-0.2768882733191055,0.6871482990422104,-0.31588153671429875,0.0384436191710895,-0.5728766612347177,1.271060907033936,0.39736334405144697
NWPX,-0.04685235400351906,-0.2770616051071767,0.05715879395063328,-0.06641949270757419,0.027299068202512267,0.2577702646157966,-0.19161396017506865,0.015135870412749813,-0.3201947535981392,0.8027777322602586,0.3971704180064309
AU,-0.11978170430769586,0.15116218109472546,-0.27028660233844826,-0.062053236247964105,-0.008633355148313315,0.31271456040253853,-0.5594800601657987,0.026930387480675468,-0.23612423058192544,0.8929162322394745,0.3969774919614148
HSIC,-0.07019587496203272,-0.06520576308135351,-0.03957298393789532,-0.04304306134389568,0.04212963202028286,0.03225773761525533,-0.7609706420570581,0.0129165583850356,-0.07737176680687752,1.0908651766724928,0.39659163987138263
CRGY,-0.14807449517905236,0.24305703159552183,-0.13494833163166708,-0.03649076511250815,0.1099081796865875,0.0,-0.9373370424230751,0.02626522629490105,-0.17273908605983157,1.2487543218053798,0.39633440514469453
FPE,-0.04828544857758865,-0.07621896123606287,-0.17799086945675802,-0.02139870468063021,-0.027168490305714,0.09319533201198105,-1.4863492608070727,0.003443372056313614,-0.03991979202635221,1.452050334478567,0.39601286173633443
SMFG,-0.08581507431765001,-0.07625756234479575,0.03299299854831128,-0.0323252741611475,0.08843773254288267,0.0,-0.6412329725234602,0.016434292108982403,-0.08998547134592727,0.9605385996671655,0.39594855305466237
SFNC,-0.06256975889888905,-0.06816343483971155,-0.04968140507870089,-0.03323346930507365,0.05103768210040971,0.0,-0.6218156627563286,0.010160783456428044,-0.07184828149539535,1.039116540773042,0.39581993569131835
SWX,-0.06186332505179304,-0.11924453197597684,-0.23602063960306918,-0.035700625235913885,-0.02952340842542278,0.5128675851855177,-0.6843034474286234,0.009162932500270612,-0.09223406100544418,1.4283591282174166,0.3958199356913183
PSLV,-0.07281264697637058,0.03665895178526468,-0.34495798347511586,-0.04468335823900649,-0.15111026472526312,0.2509875999662256,-0.36883501188511836,0.024091914609450413,-0.4498075130650232,0.894981106355128,0.3955627009646302
CADL,-0.16151579869609411,-0.021093736898202042,0.8860401600340162,-0.14097740653876067,0.21970863730881152,0.08447505685029756,-0.7019099443258185,0.03164000271434108,-0.283999980579723,0.8756053879356084,0.39549839228295824
LNC,-0.10540202446689839,-0.05594558768031255,0.03953153795747766,-0.06691494374758067,0.038451161508100684,0.13109012684085636,-0.7287442513288606,0.01440139105405546,-0.14265961342669553,1.0864212614419124,0.3953697749196142
JHX,-0.13864230067269667,-0.007365527911513459,0.04374154593555257,-0.10520436132814337,0.04681082372704326,0.14247281643150386,-0.9298083592368541,0.02109110908889755,-0.19111970877216522,1.4657503200728326,0.39536977491961417
UA,-0.03251402987753316,-0.3116482708213113,-0.3472622175965355,-0.04454819494939144,-0.1702884357976595,0.884058091200282,-0.015669360383915212,0.021323398054483043,-0.3870558561471873,1.0673442932347128,0.39536977491961417
LI,-0.03946070348913666,-0.09449395284009376,-0.5512731040731788,-0.042504660333305355,-0.24257955380125462,0.5777028442038208,-0.08071250400673324,0.027304401320401326,-0.5110122923405533,0.9694666103785753,0.39530546623794216
ANGL,-0.055557082733530994,-0.0703271839406937,-0.16983192448578432,-0.02452523834207332,-0.020545364259358045,0.12534524018242799,-2.1147650532594846,0.003152749812490702,-0.03859426164877877,1.1965816154225968,0.3953054662379421
SLVP,-0.13137345137149725,0.13893716808604628,-0.22862139272903648,-0.056094469321779306,-0.04061315390595954,0.25468404920292864,-0.6882022469202144,0.027396701404810774,-0.25463292075838784,0.7991539807988118,0.39491961414791
AZN,-0.032577636050973746,-0.1023698985045639,-0.3714946510660311,-0.017185965465838948,-0.12067350871183546,0.2339531359140971,-0.027222473226268747,0.01392739995923033,-0.23641066637800134,0.8291140524580348,0.39434083601286174
CATY,-0.0749353281933195,-0.07504080405750746,-0.029348262719859575,-0.042191304240976946,0.059049304656233925,0.05089765304758892,-0.9806795958357171,0.009138625180758959,-0.08139758549000442,1.0957549140383331,0.3942122186495177
LTM,-0.04800902291522158,-0.10873845197742171,-0.21396988733770905,-0.04154152588833182,-0.06719709909750471,0.35901918839797387,-0.16170060824410526,0.024580273968833936,-0.27085665649050783,0.9578057853863343,0.39414790996784566
NE,-0.10215758434521727,-0.01564966287850189,-0.265872497055076,-0.0312542267069017,-0.004751183795732694,0.30085449241038065,-0.5970714755849156,0.025839999032662913,-0.20229813917434747,0.9016044610409499,0.39414790996784566
TLTW,-0.052267228501954754,-0.08945387796004389,-0.21304569361854142,-0.02529596832842229,-0.0494370650131829,0.232931929665838,-0.8423011393794982,0.005766601811924586,-0.08588808990701147,1.3704198420565925,0.39408360128617365
DE,-0.10426741291453634,0.02979214380486539,-0.11172954789616774,-0.0387757111138195,0.062371458798379464,0.0,-0.7702847026619638,0.01849518377098405,-0.11499297026123856,1.0333784054628679,0.39254019292604503
ES,-0.0646261295057532,-0.15227067517452053,-0.1886635259713737,-0.037903581879437764,-0.0422399695375294,0.5250832168582351,-0.6941424395609019,0.010513567101027601,-0.11616873333275313,1.1899016753281455,0.3919614147909968
EXC,-0.066631312834605,-0.14581661081279285,-0.2748640357312998,-0.030385313682799064,-0.06821500248265655,0.6428566022255424,-0.7201621209936375,0.010210971765076833,-0.15261022602008645,1.0394612586456329,0.3919614147909968
WEAT,-0.1158091120814978,-0.009814890136820686,-0.03110574417751022,-0.043124025604709626,0.048221190869147,0.0,-1.0711729010146431,0.012295586139829623,-0.1274999891008649,0.743857218423492,0.3915755627009646
CDP,-0.07397283146025224,-0.1123728780876101,-0.09098957845753253,-0.04757683528275747,0.029420229907277218,0.24923865911808346,-1.0477412685502523,0.008988189417754715,-0.1156035161637119,1.1446135333088914,0.39131832797427646
EWG,-0.06823529951871021,-0.04770735893563338,-0.14668280003859668,-0.046565448774082085,-0.02045558609329523,0.16642170337376164,-0.9505021662370458,0.00896738421609387,-0.08029830778524183,1.1338322126042808,0.39118971061093244
AMTM,-0.04143969509258971,-0.09546751040004298,-0.41643114213150423,-0.05303867812479224,-0.23550469854333056,0.5917867897198501,-0.09064170987537815,0.01927750645347475,-0.48454569830612393,0.9198857470722058,0.3910610932475884
PAAS,-0.10961868660357543,0.05371261432076957,-0.3376297856928482,-0.04843740067618496,-0.10935803282321,0.35230783315805286,-0.5420641385131799,0.02741017443188479,-0.31471959958411455,0.7425041380413208,0.3909324758842444
CEF,-0.07764348177085567,0.009225994709564755,-0.290967882513646,-0.04599494261057213,-0.10496092764020049,0.2532299257661679,-0.534041680367873,0.017309058839782312,-0.2942070332426937,0.9257657665117915,0.3908038585209003
LEGN,-0.054939852756862084,-0.3153690237962167,-0.12142522962494562,-0.05248296228094673,-0.16170067708353564,0.5951555974424363,-0.1444396920712358,0.029141220501771228,-0.4840132319950068,0.9575789087127468,0.3907395498392283
PVLA,-0.10924304051002498,-0.09365015708917956,-0.062425906164641276,-0.06149788681491419,0.11196719699849011,0.34981717816266583,-0.39341739989668845,0.027759355807636457,-0.12388548024897306,1.1120573675180008,0.39073954983922826
HIMU,-0.052853574436333095,-0.1095628955606962,-0.19165897905518559,-0.03236865361015462,-0.04159098000110861,0.2881683851082221,-1.2171968808372498,0.005675720716656764,-0.07246513744110061,1.8999604075882264,0.39061093247588424
CMS,-0.062067243132574834,-0.1701623152111823,-0.3134859209260452,-0.02858857619281774,-0.08827486271921503,0.6966828414605043,-0.7397397964501542,0.008849162317779071,-0.1670995933743452,1.0978986359733862,0.389967845659164
CNR,-0.13276206249584854,0.01342712667316781,-0.18052944864060927,-0.04817613742634952,-0.027041442775613045,0.24856638954817384,-0.9671076039555652,0.017381648755748307,-0.21732740855811916,0.989024268461377,0.38983922829581996
EWW,-0.07543128404332067,-0.07317525083469179,-0.23511284027008095,-0.04027085653318263,-0.044619816999148965,0.4148514761736419,-0.9151302715899401,0.012401676786142374,-0.10227081574748154,1.030052010279197,0.3895819935691318
PPG,-0.030638293146461826,-0.11401041108737187,-0.18813404050731297,-0.04545838835798177,-0.05400054184879399,0.2034877918414148,-0.002548058493674825,0.009826163535944643,-0.18680749528056861,1.0337552105665087,0.3895176848874598
RPM,-0.045753442224281016,-0.08335173965401765,-0.24738368069023486,-0.06833835840157687,-0.07054280327090345,0.4345549250241664,-0.1760995592017782,0.015163638897981538,-0.1777254494304139,0.9172315173004624,0.3893247588424438
USRT,-0.06308984605948931,-0.11817400355263796,-0.14706203101941862,-0.0443408767595076,-0.016098535980563544,0.31358967842435137,-0.9232943064384334,0.007036285244340565,-0.11023011475189493,1.7702130798125735,0.38881028938906753
MDU,-0.05565054505047695,-0.15610425868745992,-0.3008332341566353,-0.03479342961102028,-0.08037575842429412,0.6519642236769504,-0.5195816516225968,0.009312089027705691,-0.1657489804830169,1.2349616926774336,0.38861736334405145
NIC,-0.0746769346703624,-0.05155441409416017,-0.10855528989381424,-0.042583399818639456,0.06138129743814602,0.08691115872490889,-0.8268501828517628,0.01056204809190704,-0.08911481225452844,0.9574927940583138,0.3886173633440514
FIVE,-0.13770916093989183,0.08226868252234243,-0.16132509886328372,-0.08264932253634782,-0.0004863264276599999,0.2460857917597139,-0.9794409250012484,0.02180807576328409,-0.1801157395872065,0.9773556277668926,0.38848874598070743
EXE,-0.11829758198043228,-0.02179821394460668,-0.24885304793400898,-0.04594121220447045,-0.0890135871861023,0.4211046663421292,-1.0823672602283936,0.017814465477807472,-0.26831491504502525,1.104200510160135,0.38836012861736335
GOF,-0.05270436564693293,-0.19053439716692155,-0.3055461303423912,-0.05069926144894321,-0.13550272653262163,0.8700969335162767,-0.3746256133646394,0.012393489515466025,-0.2913776332252651,1.1627992132529315,0.3882315112540193
ONB,-0.06775255091444166,-0.10110134090813383,-0.09078278210334778,-0.04040225239202311,0.017034500910254602,0.15625020696049538,-0.7133137303702153,0.010729066222378339,-0.09185340278810072,1.1595613967384655,0.3879742765273312
RWR,-0.06536684041403618,-0.11937373352937253,-0.1438359942891645,-0.04517548093375823,-0.015722451192336284,0.31946025435037173,-0.9519135582148728,0.006974040336516192,-0.1123263212632708,0.7281784172461928,0.3876527331189711
AGI,-0.10642205320190401,0.10094416007636298,-0.4708312881763026,-0.039475821451451676,-0.15028386706195973,0.30041981703077925,-0.5634981721367857,0.02502920396204687,-0.4024484198843552,0.884355583417454,0.387524115755627
PAYX,-0.12547304203151588,-0.09138586294854334,0.094377405298391,-0.09787222632483628,0.021614858950230076,0.28660669655640203,-0.968985640064185,0.024393893309094358,-0.18144335159419245,1.2152955959026857,0.3871382636655949
CLBT,-0.03353836125533183,-0.34242125062038087,-0.1286901074034288,-0.06911166004074198,-0.18759590675497384,0.4854370190540474,-0.014942621233832588,0.023061190265241473,-0.42280162218250417,0.8720726233884623,0.38675241157556267
IEUR,-0.06384294042623706,-0.06187903367267711,-0.14686694369727693,-0.04246386318022399,-0.007050670620564858,0.1498510341580034,-0.9711254162353877,0.008084196725487876,-0.072172118838019,1.4041564668310536,0.3864951768488746
AJG,-0.07154769885364931,-0.14685205092812392,-0.05316578809585093,-0.053734175545962604,0.008950104405888837,0.26480310046893135,-0.44152044362922016,0.019538071886781888,-0.22281342057767417,1.0734133152507352,0.38636655948553045
MAC,-0.037577984758231486,-0.1353375893894201,-0.09718523150091385,-0.049426082164770846,0.0316718209614566,0.10465149804718256,-0.09913918274929488,0.011934286868455516,-0.15319550950231664,0.9950811327746764,0.3860450160771704
RR,-0.036620700551681984,-0.04853212199363266,-0.3512671690878437,-0.04479382502021623,-0.3255696991822391,0.22222207505021693,-0.02672068915808328,0.04087279023307303,-0.7607726582849605,0.7873874817852141,0.38598070739549845
NMIH,-0.1196082821836908,-0.07318035309080395,-0.10978617888442299,-0.07121743308382833,0.0023084217681637043,0.4308824461636763,-1.193640338454486,0.02246680056830027,-0.11944868067887093,1.3904343372661965,0.3858520900321543
UAL,-0.027114189008448752,-0.16050885928000846,-0.043911587355003556,-0.06824496947360614,-0.020007312009633238,0.06116704956368578,0.03134162213762996,0.020767871818350974,-0.21500991299990302,1.1077333464369656,0.38533762057877813
REG,-0.06190117271280415,-0.12990935779000135,-0.21310154363587674,-0.0307936711635467,-0.03867009719063308,0.37801545516651736,-0.7959433526817039,0.00658572362705257,-0.11778850321436862,1.0205660012771798,0.3844372990353698
SAN,-0.10700288245281642,-0.05334022691416451,-0.03123212976549694,-0.06311977224086462,0.054104283675274534,0.14935097507008577,-0.8736318577546839,0.020694874035156487,-0.10232557756385197,0.6766773956237838,0.3843086816720257
WEX,-0.12585388178650359,0.03154579082888698,-0.07309840839744042,-0.08452904783856241,0.05990461444794981,0.10096574023442144,-0.8600664576646393,0.021571659268424335,-0.15424357246502152,0.9039097809678875,0.38372990353697756
VGK,-0.06596294849422568,-0.060749471218372486,-0.14813970221409645,-0.043487991701462225,-0.007591236725835615,0.14999961853027344,-1.0078969123640653,0.008436471615974744,-0.07453338561937872,1.3282164414192654,0.3833440514469454
SPYD,-0.07045452543024522,-0.09045299539417717,-0.12811403764821683,-0.047055544773150326,-0.008518562602399471,0.21546667788888949,-1.2073237484999666,0.006441277809871561,-0.08584695161675604,1.1458685717290022,0.38308681672025724
CM,-0.06894327125298105,-0.10461173674363133,-0.07822386520791547,-0.0474966363144802,0.03383079707574277,0.15742070375774006,-0.6013446206373021,0.012888857388568955,-0.11052661601359737,1.2687115293003557,0.3816720257234726
EWS,-0.08348947938896256,-0.036950440965104026,-0.04220526718791606,-0.05309839355247303,0.059993093951069554,0.0,-1.144239438664668,0.010550167260146922,-0.08591262191417248,1.1980415583596342,0.38109324758842444
VCLT,-0.05299535033910796,-0.08749733564270634,-0.2098208995679932,-0.026150053823635,-0.05148114617314292,0.17171998836530072,-0.8908674758598236,0.006281202504845107,-0.08370244325113152,1.5533468477436596,0.3809003215434083
AMP,-0.12355941706459339,-0.07067040826203874,-0.019947512799945333,-0.06890122384919406,0.022015627607440136,0.2269846186373922,-1.499150289749868,0.0169384926252318,-0.12036518420653819,1.2491722649685075,0.3807073954983923
SPHD,-0.07176456763301742,-0.09503181673100158,-0.14316616521033887,-0.0433892000002194,-0.0168425806655641,0.24010127732545783,-1.2808547207187082,0.005820383647567502,-0.08343502896705524,1.3406843812218776,0.3805787781350482
VMRK,-0.07846725594365589,-0.15455406248627668,-0.12935167517208002,-0.03589617400354084,-0.023212007619157426,0.32278401322241357,-0.7453559509718916,0.01546219051672982,-0.11763684338418623,1.1505860879753287,0.38025723472668815
CACC,-0.1296451638470748,-0.17129414192002634,0.020262854929049112,-0.05362410525862804,0.025509261625835222,0.35809893827155653,-1.2856636113645605,0.016436022034391394,-0.17011562038399586,1.0391783890975905,0.3801929260450161
NRIX,-0.15520568872437945,-0.04764325742475706,0.25697043298216826,-0.10302326430962794,0.14731639928751306,0.10982686681693923,-1.2807673619560114,0.02174035084375213,-0.18711768951522456,1.2408608312237548,0.3795498392282958
RYAAY,-0.016310833981880934,-0.20134439142985283,-0.2903433108888316,-0.04129139936620507,-0.1203865241426969,0.33333301936642107,0.14670183539629578,0.017440861737469816,-0.26706510780309556,1.1240456011568172,0.3784565916398714
SPCE,-0.05622107845281932,0.12912829374367552,-0.2135204644662917,-0.06813922720234111,-0.045976517146984364,0.0,-0.1537928634590271,0.0331329679574977,-0.6230053131200033,0.8107457759976551,0.3783279742765273
IGLB,-0.05344063458357606,-0.08848359919217696,-0.20886229579258642,-0.02663229822568247,-0.051259933959303394,0.16681638005928281,-0.9343860178039995,0.005969652290464796,-0.08242132335792296,1.1243183522100912,0.3780064308681672
PTY,-0.07371947546782076,-0.1034375489898689,-0.19785776922219134,-0.033691389905610825,-0.05167241321423843,0.3252769959270175,-1.1283913009180304,0.013095555354170419,-0.15625166886862707,1.41256544266767,0.37794212218649514
CARR,-0.043159753046281724,-0.22438684070553216,-0.2630771182754976,-0.045890124183061376,-0.08948525685739983,0.6035499285590139,-0.1442248543338657,0.013912740831915108,-0.26156465905597936,1.075952089608043,0.377491961414791
BTU,-0.1637582612907711,0.027028106035461796,-0.2573432908172961,-0.03612068267341162,-0.12036479447132997,0.26510037903759526,-0.9113128636608455,0.02871511810994555,-0.359056768609875,1.0341253399359152,0.37736334405144695
SYK,0.0008621757966476018,-0.20222046083622047,-0.3290057826262939,-0.08683589986827789,-0.14957458913103383,0.532212466157091,0.27998410306919047,0.014675849497048135,-0.2774404889052672,1.0331739131850552,0.3767202572347267
RYAN,-0.06328977807550507,-0.14401421314333251,-0.06254859939106638,-0.08393472366767674,-0.05306507459475629,0.2985443050866917,-0.29756862180008337,0.025154256139252748,-0.3525637960860305,1.1158951752999768,0.3763344051446945
BBEU,-0.06547070761341733,-0.06433848159676214,-0.15130318554129962,-0.04374720609888316,-0.00961512511257312,0.13702658276557741,-1.0159841322142165,0.008223596020094547,-0.07431519165064016,0.8910962952349395,0.3762700964630225
KFY,-0.10495377189903066,-0.08310592442059284,0.05199143060493383,-0.09336574730192215,0.031807763825429713,0.17424846699619181,-1.001951449755162,0.012974283661906198,-0.16182069051018755,1.3511359634635112,0.37543408360128616
SPLB,-0.05433098576800666,-0.08907430158358842,-0.21020200445324388,-0.02674203394068486,-0.05262389230665099,0.16431641991434776,-0.94645193759175,0.006190878268650321,-0.0857243895719163,1.0977004788860365,0.37517684887459807
HIG,-0.08505313781357648,-0.11966198711553455,-0.20120707293804962,-0.038864038322120376,-0.03939463743559257,0.4576495847664543,-0.921351242339307,0.013312316379146689,-0.10833797008012236,1.1728012471958602,0.3748553054662379
LMUB,-0.05499262400576066,-0.11881751835672438,-0.21682222127806916,-0.0361251068020646,-0.05760758048103065,0.30116441676425,-1.2377624501524527,0.005965963659644485,-0.08385659404952517,1.7784410455720128,0.3742765273311897
IMO,-0.09034389348295657,-0.04295817588412332,-0.1909554686934405,-0.04454411715788664,0.02682391320316091,0.2289716338689912,-0.8333678978715119,0.01720463632404947,-0.1049189152748835,1.098579329776231,0.3738263665594855
TOL,-0.02150313871376852,-0.14013182438378524,-0.19665403190884845,-0.05597751465169065,-0.07166030595613726,0.19123018279230114,0.10424576034208312,0.012863673879618351,-0.19245995219033307,1.2090822142417665,0.37369774919614146
SIVR,-0.0734372600358757,0.013267177688204512,-0.3551268160696618,-0.05002000537852802,-0.16246486707828445,0.22077929798678134,-0.3928105357309041,0.022735169664796894,-0.47794714860418275,1.358999334683764,0.37337620578778136
ZBIO,-0.15199129589847882,-0.06244535305532262,0.18433265720354242,-0.11236740879612661,0.09161013403775797,0.15859030960387924,-0.7608763404018234,0.04024945653593964,-0.36715309581650435,1.050161129589819,0.37331189710610935
TLH,-0.05712826484564637,-0.09087527673769158,-0.21479522253836802,-0.029107776723531265,-0.05472345634475961,0.19549327715678483,-1.0934928583756471,0.005893932018412427,-0.09557622243427766,1.8710915678699012,0.3732475884244373
HYMB,-0.05638072454547183,-0.10422974828160148,-0.19764182268779806,-0.033330344132308065,-0.04309628210054284,0.22109515943561378,-1.4867989914205695,0.0053169333223690085,-0.06741719179465411,1.8281287534418011,0.3727331189710611
SIRI,-0.10714448431917267,-0.16502314543609398,-0.005482331338752422,-0.04999860029092473,0.049131942552568475,0.2641755782755017,-0.8170566134617563,0.01682999403280826,-0.17435099204455573,1.1535116042604765,0.3726688102893891
NVCR,-0.07898212237199342,-0.13465267535762326,0.2281725444154492,-0.11476803511662548,-0.010650525346718398,0.1539997688292575,-0.21504998191655195,0.02376989047124696,-0.2693847068803953,0.9673117532405326,0.372540192926045
DKS,0.001624282166998059,-0.4064958690574202,-0.5018745499949945,-0.11305928650682484,-0.3013906962317382,0.9367953971557356,0.15078549027749438,0.028493417663021187,-0.4254710397991639,0.9468963839465558,0.37196141479099676
ARES,-0.11952144423594602,-0.054444526826999406,0.04416491581077664,-0.10370483555767718,-0.06585956620421085,0.13894003525654275,-0.8699344551252811,0.015821536073095693,-0.3122029048775986,1.0455534766877037,0.37118971061093253
WM,-0.05502684532350233,-0.15734741155576126,-0.23529110668943465,-0.03674013744577098,-0.06431448855086752,0.4119457733443415,-0.45428757724371527,0.010210041850570754,-0.14309518782338915,1.056572378119223,0.37099678456591645
ATR,-0.04621383520161215,-0.06919698925195361,-0.22436724776220374,-0.05644207329498663,-0.03966919155304627,0.21466864658000906,-0.2701829254145548,0.00817357754871065,-0.16265315979004147,1.0433862479703677,0.3708681672025723
YETI,-0.020883676045212463,-0.21787142706973206,-0.06620329676185222,-0.08301164656286675,-0.10056449903133102,0.1091885897828082,0.08735239494948359,0.020900829451565982,-0.24359340135582508,1.0768198269578024,0.3705466237942122
DOW,-0.06469211157098431,-0.08887939272054035,-0.40241242222011087,-0.031142084209105025,-0.09304883045208923,0.4271651606866758,-0.36330820871412545,0.016217437121696623,-0.30136996759470724,0.9963199525929481,0.3703536977491962
FCF,-0.09185964601765262,-0.059203926245627536,-0.07226822405527411,-0.049874182965134906,0.049584665077789136,0.0534585385632268,-1.2964005300146049,0.00918530014993476,-0.0853743677299329,1.2526873474997555,0.36958199356913185
SAIA,-0.04640159242359709,-0.2543205601828822,-0.30498086653340195,-0.029511948566697477,-0.12473083682130537,0.5496963200406075,-0.12810629180229913,0.01827946338968725,-0.30106334780966815,0.7869888040003696,0.36951768488745984
SLV,-0.0737522439673709,0.012280253065667601,-0.35593914663794024,-0.050700655114680915,-0.16366085358762872,0.21428541485887714,-0.39631078444702583,0.022558284795329012,-0.47907197806433444,0.9553521929600995,0.36951768488745984
BLV,-0.056596929561884224,-0.0929780603433562,-0.21700072579579932,-0.028922255904885397,-0.05616834332010223,0.18093207665820532,-1.0296682090556948,0.006137949795601437,-0.09207350347029686,1.1734421898559075,0.3692604501607717
ARIS,-0.13374509397417922,0.18420880190586875,-0.31306254824042157,-0.054553912113590286,-0.030992338091972993,0.2094157382275405,-0.602445451193058,0.03093773235217188,-0.2325837543012057,1.0629111812036671,0.3691318327974277
ASB,-0.08367791846657224,-0.10144279252271504,-0.08952449414403385,-0.04881188805145764,0.02344607668041898,0.16492175875533008,-1.0473210348646271,0.010265178641597128,-0.10448500392333337,1.1533303623265325,0.3691318327974277
AMBP,-0.11984492172269079,-0.03983680905463882,-0.03953248205282378,-0.08470974525743236,0.02192186212809677,0.14285742089616146,-0.9194658084922416,0.012936451772160882,-0.1658115475947869,0.8858656507892216,0.3688102893890675
REET,-0.065757498611278,-0.11292456186494948,-0.16384074802158322,-0.04606779863947852,-0.02831895044164434,0.26845624696976245,-1.1610855487080955,0.006566381739496079,-0.10209332639761737,0.9905359926587753,0.3684244372990354
EW,-0.05660894486789492,-0.12177971374184615,-0.06712033998337108,-0.04632706247035867,-0.007451747614299897,0.05158771607152859,-0.38577524276916314,0.01560703188214788,-0.11220844999929058,0.9636235591538765,0.36810289389067524
INCY,-0.11123955402952623,-0.05032570382949142,0.027294369021446663,-0.07585462603223125,0.056985526246782214,0.0396236643435185,-0.901435834039146,0.014968985762409766,-0.12783801983583976,1.0561878726314997,0.3678456591639872
PTRN,-0.10950122276998697,-0.3992509701059237,0.31799515303486836,-0.09297384949618248,0.0641207407777804,0.41758261336150343,-0.5456813152766924,0.028288308307337005,-0.3778911172502364,1.0455934221479082,0.36765273311897106
SA,-0.1215626176018596,0.0850955533143789,-0.2492124615340805,-0.07705131174244428,-0.07207655599493856,0.2465984000332164,-0.5036297107708037,0.03171495377767843,-0.2851334116501537,0.804767438656505,0.3675884244372991
TPR,-0.026909453012554874,-0.18493774829967857,-0.37345902827818966,-0.08433558762601923,-0.15501977001249556,0.6609392287403715,0.02718766400999944,0.015319910445190413,-0.2916568137539226,0.9640499367884592,0.36733118971061096
PLD,-0.05651640394816171,-0.12152267878104361,-0.19114105827748584,-0.0462744993422608,-0.04555865761888689,0.3001161303861469,-0.4551197337760814,0.009010805637120166,-0.1276413701609984,0.9083706897576908,0.36733118971061096
DTE,-0.07418387370594215,-0.18956787876997738,-0.28717116106323126,-0.03668977863449152,-0.0824600868417128,0.7101039822749493,-0.9298641385371358,0.010860965662805809,-0.1681376035972545,1.3239688441876727,0.3670096463022508
RARE,0.043163275250631905,-0.5769770045257598,-0.48874286821254953,-0.22953866457780303,-0.3453258112802715,0.9433273300079676,0.2516252179835534,0.043670389162880706,-0.5769020347348326,1.4376322171550586,0.3662379421221865
PFG,-0.09425266116495934,-0.08783624630122977,0.03846089739210745,-0.047802512689819276,0.06721145414061125,0.0,-0.9677081596056578,0.010926025553933981,-0.09184880550181629,0.9925499757382394,0.36617363344051446
SILJ,-0.13142663862673443,0.07367958196580426,-0.2749938050389067,-0.06516848448772217,-0.08611527462120538,0.2665974955956864,-0.6836711978575727,0.02873470137885658,-0.31625308122001783,0.8840193562089284,0.3652090032154341
GOLD,-0.11100560441071772,0.06657897866103557,-0.18823964493993894,-0.055109022578401556,-0.052717585968844904,0.07189011204366134,-0.5424815849612666,0.01672029798889032,-0.3367206869274997,0.9789899801105225,0.36475884244372986
HL,-0.17104232329237679,0.08607286011941961,-0.26775193923457385,-0.06801261113685464,-0.09972210928853376,0.3088256012299503,-0.7696861833199148,0.03062182681455198,-0.45878822390230634,1.0238347421193752,0.36385852090032156
HDB,-0.008698765386863094,-0.19741416673457468,-0.3174323913300968,-0.029685557443276722,-0.16520845884794633,0.18597586505270797,0.2251324812009174,0.01717373524610728,-0.39981171729707665,0.9810450231724599,0.36379421221864955
BDC,-0.07986469109334093,0.02813907610395483,-0.3011168477806657,-0.08098483677634427,-0.0798806086108137,0.24032235438308933,-0.3351446221341944,0.024099916598410966,-0.27399572068510347,0.9164934969421616,0.36334405144694537
MUX,-0.10333785634550308,-0.004866402737680575,-0.36558688891832425,-0.05184635349916844,-0.14282234921520875,0.3471760786816103,-0.45347191242876184,0.03269632698167588,-0.37607571511130977,1.2273095387036366,0.3632797427652733
RHI,-0.11890317749465806,-0.0712454160679431,0.34535655681490884,-0.14154827263765546,0.11187562070145485,0.08695698063023909,-0.5350723239780727,0.02334980255623497,-0.2476841531637125,0.8750246628185752,0.362636655948553
CE,-0.05046100980045287,-0.10673122369763333,-0.4417284323066242,-0.009521234153589297,-0.12627249063789558,0.20410355870801258,-0.17350947964832403,0.02745657629036946,-0.3524654016581006,1.0487080742124715,0.36257234726688103
NJR,-0.058448980109326976,-0.16672303195757587,-0.23409883528508524,-0.03312602184922553,-0.03386512840752853,0.36711426511842515,-0.5576498471880857,0.008081689134983703,-0.13661246838084118,1.2093547430610954,0.3620578778135048
PAM,-0.12756484416105018,-0.08514964775683276,-0.2372759339450603,-0.022569266253681608,-0.0383474826938186,0.3516794629817834,-1.1983911504657523,0.017510070820263457,-0.13449654800271837,1.0488880077278644,0.3619292604501608
HOMB,-0.07881872727689876,-0.061545121213744225,-0.1243378715575103,-0.04938486010597232,0.006551491438354873,0.07389148213292443,-1.0005256186164444,0.009089247440548927,-0.09748325981017658,0.9988144368798486,0.3617363344051447
BANR,-0.0901061342807935,-0.0639503862540226,-0.09534223937801012,-0.050797816183162814,0.02234919328659135,0.06661117236641162,-1.1043710717280795,0.008822076182117044,-0.1001891731049882,0.8154868181332471,0.3612861736334405
BPOP,-0.07518442716958518,-0.10889490391697543,-0.0593347226830756,-0.05747695384081253,0.046136718954771894,0.11485860630368731,-0.935583522391157,0.010120208912903694,-0.11460732269397866,1.1250589982154204,0.36122186495176856
EPR,-0.09710622005446057,-0.10713385320176061,-0.08851517801411268,-0.05814939998376634,-0.009825610456729361,0.22556091233380174,-1.203528975356059,0.011967922207660863,-0.13035081225531375,1.0954674208120179,0.36115755627009644
QNST,-0.1591223295209837,-0.15025255962202289,0.1590901021672373,-0.11632354532684741,0.09472393607123841,0.3512880970040999,-0.4985045754404994,0.03473356314837884,-0.28655768794009995,1.1272718315532668,0.36102893890675236
SPTL,-0.06014647637687165,-0.0976898803021482,-0.22237819657048885,-0.03150311453578747,-0.061032302835988594,0.19504689053387453,-1.1130779224719196,0.0063032305550065944,-0.10550551712226253,1.753997459935278,0.36032154340836015
MPLX,-0.08838853052874551,-0.04263009759130354,-0.1137838337542787,-0.040327788265325126,0.013034213712680431,0.0,-1.1080958772127503,0.011824272268830012,-0.06732525877461126,1.0159450138739452,0.36
ALGM,-0.023076210637579253,-0.34370627297386946,-0.20479557076629462,-0.06004050446676279,-0.1236157265255945,0.3855605174629385,0.04741290524301922,0.03331120810811283,-0.4896581818787531,1.1732918500086948,0.359935691318328
SCHQ,-0.05928890343390392,-0.09722177735640936,-0.2224638429680902,-0.031426008668065664,-0.06103976897977992,0.18675335954900518,-1.0828848061804865,0.006360581724290269,-0.10527464171995038,1.5405186415484864,0.3594855305466238
TOWN,-0.07676513737677126,-0.05568994807336369,-0.1380161951194292,-0.04556175877069568,0.011341256708817138,0.05192680692313406,-0.9963554683364381,0.007752328839234844,-0.08740723196662425,0.9745080718213707,0.3590353697749196
OTIS,-0.05048028148257022,-0.1307103714239608,-0.31000059246772316,-0.044963286445499406,-0.13409995316254308,0.4045671841298566,-0.3017431126886347,0.015471853861635585,-0.28072200491373256,1.238639971272842,0.35890675241157555
EVR,-0.07066011917411585,-0.22522056984121996,-0.3421136833299673,-0.042596940604298306,-0.1532662346430289,0.823545564262859,-0.4072640632562877,0.015758862557972566,-0.28363358547135054,1.0396105351381055,0.35884244372990354
BEPC,-0.06756295426353565,-0.1626036206702154,-0.4387117528335246,-0.05221083260272996,-0.18381167421668665,0.8546798145268508,-0.4270839754828873,0.01848530148614078,-0.30909925811674366,0.9963213553201973,0.35839228295819936
VGLT,-0.059728842017348294,-0.09757008873288908,-0.2228074366031758,-0.03177298177940635,-0.06129192088383828,0.18659637470928142,-1.1016084643987312,0.006337897531768831,-0.10547227591974484,1.539491246245353,0.3578778135048232
CP,-0.0756462941263647,-0.11379255900076013,-0.09847324395109114,-0.0573347426299593,0.0010302470776342165,0.16990062617190657,-0.764095626983801,0.010643162386827608,-0.12271623346799754,0.947958459010561,0.357556270096463
SKM,-0.10467189007143252,0.04583864114185365,-0.2102133342188126,-0.062139432364436975,0.03863540194337367,0.11071344395050156,-0.4949963124743408,0.020836582706155484,-0.2543478426725968,0.5630559802116513,0.357491961414791
GPGI,-0.05719200055959339,-0.16171777645446483,-0.3764090409839721,-0.04190774547182996,-0.2369967730132474,0.6057694835304769,-0.1659182860824071,0.030713061907833326,-0.5168234782103804,0.9848441578628174,0.357299035369775
KURA,-0.11947118243361243,-0.07627311889057564,0.0634240545312934,-0.06468244589964245,0.07418938394577057,0.016528528282376085,-0.5754407250390322,0.02032800597131107,-0.22442973925604137,0.9838147243284132,0.35691318327974275
ORKA,-0.14697814657264852,-0.08481430780523913,0.2067508654829333,-0.144373374836273,0.24208931609906448,0.18044017679299126,-0.7565922983779115,0.030115250854804456,-0.2839582604387023,1.178464822128254,0.3568488745980707
EIX,-0.04138323595375415,-0.30352269317533365,-0.4021865540453403,-0.09405200024990801,-0.1649170470698924,0.9998751892962341,-0.06248098252006481,0.016249692014949378,-0.30169919004779133,1.0479006097213135,0.35614147909967847
FEZ,-0.07444486998747812,-0.06411048623063964,-0.1351717185692234,-0.05370742553124275,-0.008155838872501264,0.09392977868134922,-1.109182391646943,0.009397816429036978,-0.08457074188126512,1.28687651334249,0.3559485530546624
MCRI,-0.07350448010664123,-0.11840578383602074,0.017601986391534208,-0.052671774196216714,0.032450521969494606,0.0,-0.664576423884752,0.010614061824691,-0.14285656336153552,1.2629461306867071,0.3557556270096463
CRML,-0.01779905135519999,-0.12893646925691038,-0.38506942966815316,-0.03498450019242738,-0.2894249280594423,0.152684537179137,0.03379125214059278,0.09869849330792395,-0.7729396067985111,1.2787826026766778,0.3553697749196142
UBS,-0.13765018653518235,-0.11380159655099398,0.039927090187713565,-0.07362578536597986,0.03393967302328482,0.19561547853541364,-1.4654178847893309,0.018550441327339774,-0.13460157637637182,1.2252323775995562,0.3553054662379421
BRO,-0.0762793283045059,-0.1257790530231524,-0.17465805742570428,-0.06506397995621227,-0.058484808984040404,0.40142521043124646,-0.4899639898950552,0.0181408606632745,-0.33393602995845706,1.0750437884565032,0.35524115755627006
WLDN,-0.11521534734791128,0.009176305178900668,-0.1936199210642846,-0.07233175781295587,-0.16560096770087152,0.1927342256214149,-0.5984433069854953,0.016110807985497785,-0.44430858712255017,0.8008853687790551,0.3547909967845659
MIDD,-0.02467790286326843,-0.2542626142589264,-0.2282029651510844,-0.06763890654236993,-0.12200315616145518,0.3603960336207072,0.06923356104627289,0.012666260074000065,-0.2624543151353106,1.0482217456250547,0.3545337620578778
BBVA,-0.1264950390416817,-0.015577078013526036,-0.021733137292331506,-0.08268826091348036,0.06901057970624125,0.0,-1.166506040114893,0.017227444019764917,-0.12044533631370502,1.080988882645603,0.3539549839228296
PWZ,-0.05965292223406349,-0.11885454452206168,-0.21379477638504618,-0.03882720187842048,-0.05622073936857552,0.23929528796744057,-1.6171196325880204,0.005029351158864994,-0.08250906831957328,1.879048870529465,0.3536334405144695
TFSL,-0.08489753377315423,-0.1108289725837176,-0.02001717811337711,-0.052196196569706976,0.056362068133753995,0.030301804275159185,-1.0229134664010435,0.011868787438446635,-0.11602231228428428,0.8809218247072675,0.3533762057877814
PSN,-0.06139821460931982,-0.23193277381307698,-0.35847537365756965,-0.028952352218493904,-0.1968219896155129,0.5967478918362347,-0.13032941213733468,0.020332057092925872,-0.4913625761150122,0.8575298237268069,0.35305466237942124
CWEN,-0.07634849233629848,-0.12046224119758908,-0.3986788540615811,-0.036803467153497804,-0.13788897695734592,0.549450641581884,-0.5159290282692651,0.018012861612900378,-0.25841584660237804,1.0702980413422578,0.35305466237942124
STEP,-0.13006280210109022,0.002215777114606965,-0.1596607663701909,-0.06898747543821515,-0.11876986635742326,0.15843358404629113,-0.7021226367236472,0.024952529865814397,-0.3989306761975506,0.9766490062852007,0.35279742765273314
MOD,-0.011341523333954884,-0.2625872271390335,-0.3956772944237291,-0.04017969837734625,-0.1503613181328346,0.33195829841084745,0.09917381215917406,0.039261906878232083,-0.4047215978406097,0.9742076334890054,0.35260450160771706
COMP,-0.10103030964654625,-0.22366363953572266,0.1663652654144705,-0.13237802004174404,-0.0639780736650215,0.3022598854836181,-0.4928353540913375,0.023893993533651105,-0.30670102984186,1.3233305180282893,0.3518327974276527
NBR,-0.13425580224520617,-0.07182383368754441,-0.14010814779680159,-0.06543615820691284,-0.019656079647990543,0.3257071151378051,-0.7955426306040425,0.02238876872229431,-0.266067054952262,0.9099446991845028,0.35138263665594854
BRX,-0.06850309076865513,-0.1595288918469865,-0.21082019929371576,-0.04341056214586558,-0.04928723401646107,0.3862981289206143,-0.8496546985801381,0.009644117689672554,-0.15281760665169342,1.3464038996807786,0.35112540192926045
IBM,-0.06244515972506215,-0.25623442830482557,-0.1562651787831546,-0.02303833260264332,-0.09722663471052673,0.22640617886689376,-0.1851609896485384,0.018304621823584576,-0.3069980957619711,0.7272632829307306,0.3507395498392283
ERIC,-0.058602860936135204,-0.21231083676323936,-0.33339284648099643,-0.0232185982676969,-0.10293867776171217,0.4289812411462528,-0.2694497046883911,0.016197884102350818,-0.2919819246111457,0.725085596717489,0.3507395498392283
MTG,-0.13874877927424323,-0.06938659264933067,-0.12980402534025348,-0.07818162030927045,-0.0034790034884862875,0.3300198053291238,-1.4398386407628283,0.023724769137954255,-0.12615187162300945,1.3890720359110964,0.35067524115755627
VG,-0.17886227840723534,-0.05436699393629951,-0.13315922349315157,-0.049163583250182774,0.08020419486434816,0.22727272727272727,-0.8689371454872906,0.026527568621155,-0.24599170490007782,0.9219554213378337,0.3502893890675241
VIK,-0.0633011233015669,-0.21488196911568014,-0.09939189351813171,-0.09368154081273139,-0.035158244321843335,0.37104654486862965,-0.3383594050111217,0.017857887805235336,-0.2494919786002041,1.2603121093441894,0.3502250803858521
MGNR,-0.11423804718868324,-0.008057712891880398,-0.214818169565142,-0.0515756059759942,-0.025980943672043955,0.16789644095266473,-1.260831212731613,0.014550876869907225,-0.11467684593952454,0.9263253801884098,0.3502250803858521
RJF,-0.11025729024142872,-0.08607307201508296,-0.05608690463557764,-0.06670816089670661,-0.003583900105782245,0.1453761704761692,-1.3091239860889297,0.013091052877176268,-0.11866273254946769,1.0697690708063543,0.34926045016077173
HMY,-0.19364747017670625,0.08472548250361656,-0.11365995471666612,-0.1255854612150351,-0.06633014433225859,0.11604604962932398,-0.9803069951120551,0.030469061140825746,-0.33870876348557755,1.128192450770991,0.34893890675241157
AWK,-0.10481853463389434,-0.05170333433532226,-0.1958923018213664,-0.040167607158102636,-0.008818799056185544,0.17850996746599002,-1.259446370006427,0.010056321830744952,-0.08566822795768647,0.8839639542114229,0.34893890675241157
D,-0.08087065619138711,-0.1610876445577113,-0.17111949838682472,-0.04562543803835839,-0.02539076347158853,0.35645970566601143,-1.2309374634306438,0.009205053993356704,-0.12966901737831027,1.1393265248112023,0.3484244372990354
HLNE,-0.11717673110644167,0.036868993532124916,-0.19721389795673872,-0.09392372362607304,-0.13676212005550603,0.18062938039659487,-0.7762562941886223,0.015874776562438003,-0.42404062403969345,1.0014184455704167,0.3484244372990354
CBSH,-0.0964969701989461,-0.10719607523493457,-0.06299925902887749,-0.05309005807206724,0.01144119722423742,0.11181404886512797,-1.7046415976625922,0.009363784436191038,-0.0933582870020897,0.9910492401634857,0.34816720257234735
NRG,-0.07043894537656337,-0.27117003793678596,-0.49464730349817343,-0.03775372626776241,-0.22839788849429843,0.8934975079016709,-0.2422707337317921,0.028125603402947584,-0.413710385044485,1.0758352331136956,0.34752411575562697
FDX,-0.09199274560471327,-0.10970703967367934,-0.17789151912446077,-0.061265661475461974,-0.02362440229639795,0.361068327778943,-0.8925502305045179,0.015220051638478336,-0.13773297636818238,1.0392239718565495,0.34720257234726687
TLT,-0.062154209850160624,-0.10351468587156054,-0.23041559458759797,-0.03406286508509859,-0.06756357294496496,0.1822605471209683,-1.1027693154579006,0.006727437953651284,-0.1156654776711068,1.3493736835448429,0.34707395498392285
EZU,-0.0744461782641257,-0.07115165639134446,-0.1443545389553338,-0.052186175469392304,-0.011376026091696745,0.08923565708851594,-1.1126863229721897,0.00956813831231246,-0.08396997288963093,1.285219344184452,0.3464308681672026
OHI,-0.08284401273325281,-0.11139993014437488,-0.15317727134483994,-0.04631857298301134,-0.025556302097295425,0.20442041348379966,-0.9392116570864912,0.010421415354508464,-0.12808059394772364,1.0838686551920864,0.3459807073954984
IPGP,-0.030830846378561816,-0.2947225029252034,-0.5372763170436441,-0.021631526826506153,-0.22787572678112744,0.3715848042497805,-0.0024594014404161983,0.026365823715165108,-0.4912611189091002,0.8983957491131176,0.3459807073954984
HSAI,-0.107459371661215,0.019107951823427394,-0.44352435959900705,-0.07218582621294256,-0.22430638282246473,0.341708092378899,-0.47523636919667983,0.027239169052989707,-0.44216745553207937,0.6883961518593352,0.34559485530546624
BV,-0.06272055260840503,-0.2995120787317669,-0.24861189086862512,-0.03653818957816701,-0.14653770901158525,0.5485078557133626,-0.22191659963226268,0.021914839434431236,-0.2831649707533461,0.9340386487095309,0.34553054662379423
BMY,-0.09450094530863062,-0.0368551276502036,-0.1229181223190583,-0.07048647399659791,0.012800827138311321,0.052882018549258294,-0.8768172931190533,0.01360776334930101,-0.12370951485468074,1.1783354311311693,0.34546623794212217
CWT,-0.09021049378572621,-0.11742728028179017,-0.1593826716595218,-0.05273449673496289,-0.0001727209834355703,0.2798739950432932,-1.0710917511771136,0.010894782249850982,-0.11810450644251402,0.9017026590398881,0.3446302250803859
URGN,-0.1429005139972418,-0.09348550274026923,0.5858000208437997,-0.14244863926251916,0.23523505803826272,0.07317102538168858,-0.7102248141867923,0.027681126540637167,-0.2545237423749672,0.9570212867422827,0.3445016077170418
ABTC,-0.07465702685609221,0.40986406304108947,-0.6147971954793721,-0.04865197961650869,-0.45553376798017353,0.0,-0.144624192077,0.05179300586435388,-0.9218829497126223,0.8973128101634702,0.3442443729903537
VMC,-0.047985792590692466,-0.1998752694543724,-0.3158169816460462,-0.05865630404741706,-0.12726641245090797,0.5535535252390965,-0.22869412086074373,0.012028289416671117,-0.25047349153484655,1.1817958604765715,0.34411575562700963
BN,-0.050992928323696285,-0.18285150459406907,-0.26649922849778573,-0.06926102685686941,-0.13772536224603038,0.5438601187687667,-0.3389639421292601,0.010305552898657196,-0.23951742778296414,1.1654160232459172,0.3440514469453376
ECH,-0.07806939975921323,-0.08248374167656192,-0.24774712235280416,-0.05123586222021237,-0.07082661008680269,0.29187844122167367,-0.8264944783929877,0.013592813140613037,-0.189430681758876,1.0644801566163933,0.34379421221864953
IDV,-0.089123514279149,-0.04298367124330482,-0.16952534454000734,-0.046356216897100566,-0.007030871541407913,0.05830290335060058,-1.996943379559685,0.007503989818309364,-0.06866326502052389,1.058498983117183,0.34379421221864953
LPX,-0.03577346749255517,-0.13327901819923138,-0.27089934238699964,-0.0592985851791662,-0.13686234871866432,0.23631158768653024,-0.04866064568468845,0.018005913501755427,-0.3288551318140299,0.9837327050793452,0.34302250803858525
VISN,-0.08826034820769046,-0.1703468304284136,-0.009579935258389405,-0.05616842007089562,0.0020805385515985098,0.11392424928323525,-0.36489450653596045,0.018043113488665854,-0.1787646518741839,0.9080232741748405,0.3429581993569132
PHG,-0.044679556307047785,-0.15538413541045115,-0.2623002164148862,-0.058446342754015945,-0.09704138801256168,0.3383853574441551,-0.21442835183023154,0.01162714430331454,-0.2344325813844248,1.0235179998610033,0.3429581993569132
AGO,-0.06630393315453176,-0.1966927831536739,-0.28399881121651516,-0.04288546181845976,-0.11746223051750959,0.5249994864827591,-0.5101577954978628,0.011900301478090335,-0.22460256147575397,1.3088452371194064,0.342508038585209
PNFP,-0.08118418740913946,-0.09813908807999738,-0.12508450023827122,-0.05870304629579337,-0.02051446529235823,0.14571489606584823,-0.7338222760439104,0.01411328575106085,-0.1327688694098973,1.0401172721502239,0.34244372990353694
EPD,-0.10863247462355885,-0.08189096055089151,-0.15293767203781206,-0.04640535030352766,-9.852400896703806e-05,0.19664655421058996,-1.6452336214900851,0.011216423944689781,-0.07888718226848102,1.0594790761441515,0.3420578778135049
EE,-0.13223497503265647,-0.15097477431581285,-0.1388553863993527,-0.055189174611406266,-0.02489584064822803,0.4532628791487369,-0.9677474555902503,0.02644937466572526,-0.18585706055765028,1.2251984281623427,0.34205787781350483
ALL,-0.11383082765991648,-0.13865283496770786,-0.048056180192548315,-0.07393123347836972,0.03210062215130116,0.24399221810311889,-0.9849512233736109,0.017419485988834745,-0.15758950685390194,1.2763361516561949,0.3416720257234727
CPT,-0.06488207556510228,-0.17564159279129143,-0.17259192567195802,-0.050682269511883926,-0.06365963949632647,0.30453402561164866,-0.6781970766650067,0.01007513897180144,-0.15827104731682007,1.1368772847431075,0.34154340836012864
PZA,-0.06046226867182303,-0.12190519480183393,-0.21755283533330783,-0.0395673024189418,-0.05999240712400189,0.2023692940200801,-1.5934046693909827,0.005669790778104187,-0.08618481304104941,1.7387615078726923,0.3414790996784566
BMO,-0.09596692229544657,-0.12767075756031432,-0.010456210015874268,-0.06738545473560464,0.04045286620008226,0.09763493474996045,-1.1431636225209418,0.010979667352884914,-0.12647328081789277,0.8635934252164479,0.3411575562700964
TCOM,-0.02553834180938619,-0.12427621876797978,-0.39446797999956695,-0.08441553710832628,-0.22919430439448907,0.32179948151785387,0.061418306733976545,0.01504224724152657,-0.5074721398103956,1.1842822687699959,0.3410289389067524
UCB,-0.07234015361120039,-0.09476533103982288,-0.15425162674593274,-0.04037778568911354,0.0007652128064905561,0.08173165095550747,-0.8399169821657643,0.009791254830736574,-0.09200620133577597,1.080568169600126,0.3405144694533762
SRAD,-0.051707670741449996,-0.24505331125866903,-0.3487715720030089,-0.028298910660589094,-0.2062630298613637,0.42647054011158925,-0.1357359372957644,0.037111769724657094,-0.5481642965554782,0.9068729601372848,0.34025723472668806
ACHR,-0.12677807555675935,0.04005829057015031,-0.24022514862972388,-0.11916724380254506,-0.195593291558114,0.259434066238083,-0.42211057080010084,0.03069444689032717,-0.6220260712459869,0.8105193001795162,0.33993569131832796
DOC,-0.0986673475965334,-0.16059339821379148,0.011017840122125033,-0.0771867051166435,0.01822369575526217,0.16590907317546835,-1.15180774344005,0.013677741184357035,-0.16415642359627924,1.1145205979995207,0.33961414790996786
KNX,-0.09397100491627286,-0.1701492460375882,-0.10053366051684853,-0.04935566694674309,-0.007050374424693806,0.2216594555483397,-0.6482938385531671,0.01772092204548995,-0.2136885571007231,1.021041651069714,0.3396141479099678
BCC,-0.0505678146498143,-0.055241239681957266,-0.22933660166371972,-0.06410472893181796,-0.043973065378387965,0.10197410524043879,-0.18802575796954682,0.016758980156108477,-0.18499753234146166,1.0244051339020588,0.3396141479099678
SVM,-0.16246102230559967,0.09863855901360696,-0.23651563452446467,-0.09702666999052367,-0.0653569723193238,0.20869585048046524,-0.770451277763076,0.03394270459936587,-0.3296571802178553,0.7860130083419017,0.3391639871382637
PFS,-0.08190579453608593,-0.09236678773984741,-0.12820619551878742,-0.055529061842848115,-0.0001448788630825648,0.10949009780376597,-0.9662422227457056,0.008638083525347175,-0.11652196157589811,1.019200474180816,0.3386495176848875
PFFD,-0.0546090542915707,-0.08455594623864915,-0.188471422436305,-0.03056917096887979,-0.041988524810299355,0.0,-1.1311472575353811,0.004282862581332576,-0.06430303240750201,1.4020631690774097,0.3385852090032154
IESC,-0.09169591865164561,-0.047351656846408186,-0.02630254130913845,-0.11214628843347707,0.023447463319014705,0.0,-0.22956848784584058,0.03269266108365102,-0.24442036398310885,0.7736872718305556,0.3385852090032154
DHI,-0.036791457449116605,-0.13465719888010652,-0.2021760946824236,-0.056828613486316626,-0.08688317518117206,0.13603036048872982,-0.06817144660897329,0.017347710989274855,-0.19227382609480104,1.2417843888173181,0.33813504823151125
RY,-0.09853697359873848,-0.1258063593816351,-0.02125596418945519,-0.06374420054064,0.0332830466890679,0.08925168500714614,-1.29531040491815,0.010474068653605386,-0.11365242785264551,0.8567456877917613,0.33787781350482315
SKY,-0.0528943389318739,-0.045415709742171906,-0.14221420006101382,-0.08716872089120264,-0.03823847830545457,0.0,-0.20205349647088888,0.02108567712321484,-0.1800225562667852,0.9191646439820269,0.337427652733119
DEI,-0.09200580813542192,-0.2202594111191022,-0.10094382439227378,-0.08742583945538052,-0.07285103333396292,0.42595540363114065,-0.8446881097649539,0.01673531450423431,-0.2682276968416346,1.250033782043769,0.3371061093247588
CUBI,-0.08719397954865515,-0.06553721819266167,-0.14692358771821468,-0.05435141271269062,-0.016926068702615482,0.07841178188960228,-0.8875969034618401,0.009835270692243216,-0.11075910604475137,1.123491487519174,0.3364630225080386
WFG,-0.07108790873896165,-0.0777060574811812,-0.1485644372751913,-0.06375403453997774,-0.029722626732265,0.1029266521915893,-0.37908132305219067,0.01926466481665054,-0.14827274485739506,0.989315114996181,0.33620578778135046
FBIN,-0.04529437242787271,-0.259192672446672,-0.16980947379799372,-0.09513953969813271,-0.14010570495666363,0.42181812633167615,-0.14675792461179665,0.017385815258576222,-0.3815464842064108,0.9811356362338604,0.33607717041800644
KTB,-0.03770305634542248,-0.26258010240982277,-0.2253896471403568,-0.0959614220065449,-0.07195060611679038,0.49625459870700434,-0.06138525762210751,0.018937239595719926,-0.24967145705722793,1.0335965090221557,0.33562700964630227
SKT,-0.07185181775090077,-0.15876400186279005,-0.1777266285072795,-0.0574329903754216,-0.03335663552952639,0.3188405530021856,-0.8730253527050891,0.00907928605237292,-0.1634067152179114,1.1007741474111257,0.334983922829582
CMPS,-0.19254352531142693,-0.13868089759580815,1.0023489180481677,-0.11147734532401665,0.1839934770776812,0.1196235959578558,-0.8652187608389079,0.034677553089395186,-0.21560235082295065,0.9371227417378651,0.33491961414791
CFR,-0.10237702399488102,-0.08018178459809144,-0.07798164752369119,-0.06062132858769498,0.03729997283554298,0.0453157759654228,-1.4746246237839893,0.009876175581597046,-0.10672737560922407,0.921002881881016,0.33491961414791
SW,-0.047386984886972905,-0.07194490297911116,-0.1453264645038994,-0.09552565026732274,-0.0293373523062308,0.0394226896692878,-0.1435038104116569,0.016782044838993912,-0.18303016219656443,0.9632491135687651,0.33466237942122185
ROOT,-0.10764053018729614,-0.260793449767478,-0.045103110503880384,-0.06513090550186484,-0.12883543072697123,0.32430797225691865,-0.43235598882010173,0.017664530882037722,-0.46384547847958246,0.9089720340519629,0.3345337620578778
AYI,-0.08148348639225667,-0.11942311371081216,-0.07307912660512961,-0.08193991040562432,-0.03954395604431826,0.14024892318980392,-0.5939919248404748,0.020558060596412832,-0.20276510846249007,1.455807282146699,0.33440514469453375
AVNT,-0.10940791300121089,0.03792712856597413,-0.13905568877118824,-0.09248613615862178,0.019830564983945198,0.0,-0.6428165349039235,0.017742650812440947,-0.17078576826697422,0.9753579727974847,0.33434083601286174
HTZ,-0.11825272145532495,-0.020501386253169995,-0.8563761362137637,-0.06751769521445605,-0.5358822564051393,0.5000001490116208,-0.2807861180347105,0.044151468925375366,-0.7605633779168957,0.5990492473777977,0.33401929260450164
DAR,-0.11437137574999479,-0.062188396347396924,-0.15993318932990075,-0.04379363140330916,0.06904011179825864,0.11963170621684446,-0.7853027867665826,0.018766780127746612,-0.1103306629334655,0.9738115173681368,0.3333118971061093
SHLD,-0.062263974087116036,-0.05320105270919806,-0.32686215923116113,-0.07004813629675155,-0.11721320388035994,0.24198161555915831,-0.5440905457322368,0.008579873948823032,-0.23088205546169382,1.5188292345291308,0.3331189710610932
SNA,-0.06204218758534352,-0.13178708440778097,-0.18383192531262438,-0.05665717016629579,-0.03497018885293923,0.21732720828657467,-0.6593228082540221,0.008128972972331425,-0.1289508405828772,0.944570821724898,0.3329260450160772
UMBF,-0.0965308961372483,-0.13708183580429767,-0.06226828214959279,-0.07006358277814129,0.004953235339106854,0.168684892739666,-1.134968316727399,0.010593578350169225,-0.14086757995466526,1.2106062037047594,0.33286173633440513
EWP,-0.08873503925736947,-0.06102231010528092,-0.1291942023824515,-0.05738479484269876,0.011197947565493527,0.0052357223459391445,-1.2278228648716747,0.011614052587683417,-0.08524433700253353,1.2866074833131087,0.3322186495176849
CVNA,-0.12215247433200715,-0.06013123511141594,-0.20321224948644057,-0.07118694722676289,-0.10449858296278358,0.32355743942885185,-0.5649224743799821,0.028289946645224218,-0.33289792605491186,0.912752127724433,0.33215434083601286
FTI,-0.1057323642190966,-0.08488648541083044,-0.20387567250463212,-0.05187081173739683,0.03503348243528093,0.27943267630386837,-0.8128403641101104,0.017708310891776238,-0.12724777982528235,0.992694732137794,0.3320257234726688
GVA,-0.05126195081129992,-0.09195356574382596,-0.2628729000599962,-0.05767007065817353,-0.11158734252628244,0.18973873489908838,-0.21951934142971308,0.020177078542729737,-0.2958193133529947,0.9435671516032179,0.3319614147909968
NOV,-0.13431032438110413,-0.04363200601660788,-0.16332812549789577,-0.05923425974340424,-0.013118887057119832,0.17234001798590345,-1.1898340820642248,0.018049908714617476,-0.1199607243289208,1.0260172148719893,0.33163987138263673
KIM,-0.07767845253358985,-0.14818063575647578,-0.17260635907534927,-0.04812025057030023,-0.030426322716437082,0.248175487348839,-1.0910781516511556,0.0077694380161117925,-0.14886933538296176,1.0338757366733506,0.3316398713826367
FFBC,-0.07917209516913903,-0.13609681785815997,-0.08219905673917882,-0.048796392158644064,0.027167935781358787,0.040106321888906685,-0.8486288133541456,0.011501580576144215,-0.13782325200554335,1.0419030872578698,0.3316398713826366
OTLK,-0.11728597136057928,-0.6529399053305946,1.271834301502953,-0.15749153045342335,-0.14304329866842758,0.3000001806201774,-0.2823007480612309,0.039586365644496545,-0.7556275230018423,0.3323548136637587,0.3314469453376206
EWTX,-0.11622875679401923,-0.09203215522851727,0.0427408903473101,-0.083021372374115,0.11328185185520234,0.003871302450856855,-0.5323894521356088,0.028300870155127444,-0.188831386588455,1.3342640267670807,0.3312540192926045
TAP,-0.06530739349738757,-0.10122486124289742,-0.3091585600586979,-0.06130927081263182,-0.11999954631605358,0.3463848846053971,-0.39962590529324166,0.014654930790859812,-0.2943567649457429,1.5290494147128568,0.33061093247588424
CWST,-0.09560241944425096,-0.1851872528117917,-0.18560321906753385,-0.05479021774078874,-0.07455406951657473,0.46661517219156184,-0.7917968298906793,0.01935603811353207,-0.2166945714588705,1.0635870794390812,0.3304823151125402
PRI,-0.07727530696568485,-0.15067137918048623,-0.08876951871763628,-0.06220083963830769,-2.6432803862941334e-05,0.13537562119441743,-0.8326638430314609,0.011209887559081906,-0.1525399353704484,1.1135332854446394,0.33048231511254017
SHOE,0.01270089947929054,-0.2094681338856802,-0.41697153985395996,-0.08485541817992504,-0.2226833175472589,0.28733281223383755,0.3186175963978967,0.020755337498995316,-0.3846354524795512,1.2270320932572327,0.3303536977491962
STX,-0.12882353180917983,-0.13898542656846935,0.3941614431912044,-0.09094495018010063,0.1720260907286486,0.032591042669754273,-0.4507542094409704,0.04284722465438789,-0.28882666837415494,1.0055659744011134,0.33035369774919615
INGR,-0.08006097088587749,-0.07484746965584932,-0.3067011071343687,-0.04803767542968285,-0.09273081365435165,0.2599855567859034,-0.905355723843582,0.01009412786326293,-0.19043415628936677,1.0662163617479619,0.330096463022508
DORM,-0.07546087391473688,-0.17179563482489946,-0.0474750559987418,-0.05937020750892219,-0.02022184603731436,0.08252461343785686,-0.35007954182649637,0.011661513955127795,-0.23476554300259522,0.9356421488531487,0.330032154340836
NUAI,-0.23365190718467843,0.10448538051004697,-0.05086361591873567,-0.16256072057063475,-0.06377247201959013,0.0,-0.526296136102006,0.0844857267267722,-0.4137717545109917,1.2452545426836275,0.329967845659164
WGS,-0.22184853238715496,0.020914024247660867,-0.013550353053908504,-0.17227607092509423,-0.11450983633870548,0.004298658255336324,-0.984670070037348,0.05084269614124301,-0.5947228628062563,1.1474233099087918,0.3297749196141479
DAPP,-0.12171904392151733,-0.05023289148917931,-0.09253118094815527,-0.07224947124434278,-0.04993768360231621,0.04528677088946819,-0.5157515024233639,0.03179484988804867,-0.33071726317573624,1.3797543106028147,0.3292604501607717
CVS,-0.11345766426519266,-0.21213301997295064,-0.03424053552370654,-0.059704187447659596,0.00200840548083403,0.22190420968191965,-1.095555773868972,0.016711660859315115,-0.20505459428814476,1.1482671256848083,0.3287459807073955
LEN,-0.04533003332981178,-0.11598697637654087,-0.27997303416259123,-0.07398991779435449,-0.17246424294033902,0.266900243465061,-0.13539711979927416,0.028585774917103936,-0.4144525601333092,1.6882713886594438,0.3285530546623794
TFIN,-0.08932411821347719,-0.2381197084447122,-0.13694702220096922,-0.08699762273175116,-0.06672100852463492,0.49177612488118283,-0.7621828244579207,0.01126628971021511,-0.2232363330051853,1.0307297694996636,0.3284887459807074
AXP,-0.06940828430611568,-0.172751741889428,-0.16642900917936365,-0.050748023139907894,-0.06448774860079964,0.2422541870058033,-0.6407428512890693,0.012408969036594763,-0.19269280519332277,1.2156982131359724,0.3283601286173633
PRK,-0.08658332495276244,-0.08306088854058646,-0.11347288029889202,-0.07830605873311558,0.01456750699354381,0.09519621208789598,-0.7160724603190501,0.010235406437680077,-0.16169705120189604,0.9918304361140466,0.3279099678456592
AMBQ,-0.07176834585668346,-0.32750371747604157,0.8655552905757671,-0.07796286383797935,0.11531622255143925,0.0,-0.20040479953673462,0.03878834735403672,-0.3572778796894782,1.1328342814032777,0.3278456591639871
ZBH,-0.06089473838709614,-0.08970736223321463,-0.18723162649720193,-0.06303169674407005,-0.01611476410298507,0.13179517110404143,-0.35934582650953417,0.019010068397167654,-0.13110996164107247,1.014297719534333,0.32765273311897103
FBK,-0.07358581728047553,-0.10984409626680103,-0.18754108467980357,-0.0693635867133674,-0.051847164719650785,0.2514448445345076,-0.779617862498386,0.009870054734378044,-0.15318946288228386,1.4564401631546626,0.3273311897106109
USB,-0.10557823720429871,-0.11645118295166679,-0.106356645362371,-0.06241029012841315,0.007981849342445502,0.17122667068225023,-1.3772612894227922,0.012855734359671135,-0.11768394865362197,1.1331641283551372,0.3270739549839229
ASHR,-0.06718197312509067,-0.10366368486980615,-0.19440958713101664,-0.04311243733780301,-0.054389789733273575,0.11722436076447258,-0.7257757928767701,0.008423942333901214,-0.13176946423751923,0.9505200193985709,0.32681672025723474
PGX,-0.06311575173018757,-0.1020574799829066,-0.2240806330541415,-0.0367860501723799,-0.06352108907548915,0.1016052798742477,-1.8779906775712778,0.004628027202188291,-0.09361382669539875,1.590462258124767,0.32675241157556273
QSR,-0.09173945235347425,-0.09222297750181552,-0.20374413804488734,-0.04542121427161738,-0.017911878145712268,0.19805196501758351,-0.8707348984198675,0.014611481855228255,-0.11975232715856154,1.1922234620075474,0.32662379421221865
XCCC,-0.062198104674474064,-0.08865388982920341,-0.18262818234089884,-0.033317664423631155,-0.04066021651970897,0.0,-2.41570114939978,0.0033224312601789086,-0.0581129051402407,0.8704385751533005,0.3265594855305466
AIRR,-0.03624855722355813,-0.1815111560017475,-0.2834737203091955,-0.060721136610787596,-0.10835580550803126,0.2701042474504443,-0.07322974923374682,0.012724142906587662,-0.21538459248211772,1.0678189758372876,0.32630225080385855
OBDC,-0.08563179369500373,-0.07843715390878847,-0.16168617852271594,-0.06080796258304755,-0.04950518584018537,0.1294150149671179,-0.9653041220461193,0.00994121085524683,-0.14843267242403602,1.0261464720194773,0.3262379421221865
HCSG,-0.08356141270640072,-0.18212636336717425,-0.09120522447900781,-0.05066195047669564,-0.02123881934134364,0.14465378626661132,-0.6769670873899422,0.010939047236600531,-0.18293161827193305,1.0327027734044267,0.3259807073954984
SII,-0.11102403420447493,0.07872643849075467,-0.34025315323926786,-0.055615165870213534,-0.0769202585642117,0.058823638274876744,-0.601375007596427,0.021749448402743204,-0.2973486262708027,0.685439682839343,0.32540192926045014
NWG,-0.10020898758518015,-0.04662081309129529,-0.0993664610353957,-0.07218827618482482,0.028241754699889432,0.0,-0.8763258605010282,0.01761792691484108,-0.10287958708599176,1.1403952887663622,0.32527331189710607
MT,-0.17366662993557147,-0.06478011096676484,-0.08698678107977154,-0.10705628536027012,0.030741484100480276,0.21685865201031507,-1.4546694705356664,0.022424160699835473,-0.18326137537038756,1.0047883386065157,0.3252090032154341
SLB,-0.15613965969827315,-0.002999330882805129,-0.19921565678507902,-0.0703842306293434,-0.02749239508173651,0.16185927316587387,-1.0811578751353976,0.020993258721490566,-0.1809635213613986,1.064653106945109,0.32482315112540194
BHVN,-0.07735954664244638,-0.23879966287658372,0.1770725256494503,-0.12449548992683035,0.009787195573661256,0.10437691517533317,-0.21095067735687273,0.048231582651732496,-0.3268912661761274,0.9744897567563258,0.32482315112540194
CNH,-0.18118859638849105,0.05792862606455418,-0.1517724428220164,-0.0654929198048324,0.029230938888398006,0.0,-1.011971080093724,0.02574929650645372,-0.2038194127564804,0.8625674546961167,0.3237299035369775
ARE,-0.09913995216527405,-0.08238382317275739,-0.05483732636263916,-0.08393325849958344,-0.06882287114136032,0.02525986065902153,-0.5536403241242143,0.02336893577203948,-0.3809986539484179,1.075167707985274,0.3236012861736335
TKO,-0.08830157709901598,-0.05502168741064595,-0.2434847439486869,-0.048946011280741164,-0.08440485345427673,0.13602304208258212,-0.7181096641117625,0.013818707327965595,-0.19946954751590318,1.0385108974413302,0.32327974276527327
VRDN,-0.19689025544040584,-0.06394959130739641,0.09054717042033489,-0.14938814032693726,-0.17376044944566182,0.08530817682834228,-1.2607601621318263,0.02963485771667861,-0.44997037906663906,1.1584714375659946,0.322443729903537
PFFA,-0.07605651078777842,-0.08365437790038655,-0.187156801940213,-0.04334768551790624,-0.04091089314225371,0.056033306257748605,-1.897171150462794,0.005952840174498018,-0.06887058508968724,1.2413451240582554,0.3222508038585209
NG,-0.14871331761774365,0.10661329085880578,-0.44445625950589684,-0.1079025720611182,-0.21130269864054896,0.28859053314882827,-0.5734305074668632,0.03713647137842276,-0.5274647796988794,1.015854685096504,0.3219292604501608
SNDR,-0.09854921374569381,-0.1780411334568217,-0.028663868507370793,-0.06726420191854976,0.0020545928264774638,0.13504831236373338,-0.7536720775903193,0.015514333090560148,-0.17991229631963812,0.9698709909761769,0.3219292604501608
NTRS,-0.12601920706658865,-0.11846301196618114,-0.029694251054988685,-0.06362434754245161,0.04308491529931868,0.08277969060666311,-1.5400812686575405,0.013283880003913734,-0.1116178127304478,1.0106234901861906,0.32115755627009646
VYX,-0.1481677982009174,-0.16873962964176725,-0.03976223933981271,-0.09294742816036305,-0.11082805608068025,0.3048779849563723,-0.6337904168031843,0.0371919192346576,-0.4021830414123668,1.2407250086983805,0.32115755627009646
AMPX,-0.03568348891246775,-0.18495856046701276,-0.6005780946130838,-0.06510785864481194,-0.2936409113228352,0.45454545454545453,-0.026610376030241214,0.019276457503018575,-0.5853339125590125,1.017400256680889,0.32109324758842445
AQN,-0.07700975648001718,-0.1372597772069376,-0.33314533746404285,-0.05756311761382704,-0.1317112123130495,0.4662334822484229,-0.7941203457285007,0.011541044930979646,-0.24212378383126232,1.1853294504811682,0.32109324758842445
VIST,-0.19428571443107867,-0.03403489311553054,-0.15324589797417476,-0.05464487383065908,0.010657324096461362,0.1250885409851489,-1.3172235106831072,0.020241229409604107,-0.16700316227572953,0.9343443267999055,0.3207073954983923
TCBK,-0.06590086781725402,-0.1805774131033705,-0.11511391402634108,-0.04949880338598234,0.007196406565331603,0.08745226191149616,-0.717638411217914,0.010111963250859791,-0.1598955485217104,0.8907083824225914,0.3201286173633441
SON,-0.032202958504078505,-0.13277529685578904,-0.277432301177143,-0.08804508132020039,-0.05887433142691567,0.20508480274761937,-0.02091467733295083,0.010294073917198929,-0.19420110498136856,0.9546938464007162,0.31999999999999995
SBSW,-0.20095054523204048,0.19597571054527063,-0.3389407024118162,-0.07469826224580767,-0.15829081840657033,0.15909073394407036,-1.0585104887192478,0.030140461744901544,-0.4919800796214081,0.9939394094445093,0.31942122186495175
EUFN,-0.1110506566154923,-0.0748284786867579,-0.09205016699746071,-0.07305148164765729,0.012906781708345472,0.05177076880220525,-1.5481714334136738,0.012957178240821182,-0.10749944511078391,1.3261295434360634,0.3189067524115755
SBRA,-0.11566148313066049,-0.06346330204606898,-0.19328684662007345,-0.05517058111991269,-0.024448769931931902,0.17897755289369677,-1.0080470666988974,0.009684102196248576,-0.13608820172401737,0.968130340232116,0.31884244372990356
NXST,-0.08166279763559825,-0.11410886129498699,-0.25828188965416266,-0.07619265246759532,-0.16273127452896208,0.3870860170938789,-0.5447599176812044,0.02112514369032702,-0.3517550003523783,1.084890965437323,0.31877813504823155
WCN,-0.07033748381561478,-0.14613679135862445,-0.2007942048266289,-0.052142614765277706,-0.060533921052678186,0.23336541064849148,-0.8025403531421393,0.009400894558931864,-0.13703598027791186,1.1928987584981927,0.3183922829581993
FULT,-0.08477157248785061,-0.1189848859301108,-0.10794261382056503,-0.05378102472028479,0.01650544628680506,0.0340135877886367,-1.1453363754747483,0.00919476174345331,-0.11401511715243329,1.1028818620141034,0.31787781350482314
HTO,-0.09851064949719401,-0.09541847697840156,-0.15330421747676148,-0.05701441635094873,0.01855963820468043,0.1472872400590539,-1.334205887956349,0.009903353295878208,-0.09589804622455622,1.1450098315124084,0.31755627009646303
LMT,-0.0719101409096653,-0.06040683992947582,-0.31372004982055135,-0.07184093751641196,-0.08920635636535257,0.22948308579854015,-0.4685250981960078,0.010191934318995607,-0.23950035954294202,0.9946338302185115,0.31691318327974277
PODD,-0.033009390418593965,-0.2134378473361016,-0.47011620523606146,-0.05441100552988609,-0.2910377174245574,0.3488271529280207,-0.017217864947899963,0.015517942233939071,-0.6121520602978592,0.9564279055337166,0.31684887459807076
BNY,-0.14779761447056972,-0.08988160611151419,-0.01826069035935851,-0.08086593832657485,0.04878718352679878,0.05288487071906266,-1.9252494538679634,0.010479331642799494,-0.12939757033122612,1.1952618543921194,0.3159485530546624
RNST,-0.06376715050259929,-0.12092069212926482,-0.15215965295404765,-0.05065120620968788,-0.013621223437407237,0.03743652621678911,-0.7006582312643834,0.009591103402031252,-0.11558532946138977,1.2501639633759019,0.3156270096463022
NBIX,-0.12069506770307836,-0.22420881482667165,-0.047133776640338576,-0.06268752817688938,-0.03255777068501009,0.2167460199375093,-0.9331633087087722,0.018112895124055384,-0.2321293668926887,1.1050739253445119,0.31543408360128616
USLM,-0.08817504338200166,0.014976769639647225,-0.3532819344110675,-0.053496620684784224,-0.061141831714696115,0.017064165079739818,-0.7523880913670274,0.015006352734486465,-0.21614458058303299,1.0221874627899676,0.31517684887459807
FSV,-0.07723503993267222,-0.13751225920742693,-0.26175092623356344,-0.0539045947702782,-0.0941540258579211,0.3159996675009929,-0.5212919870729783,0.015573566673655656,-0.2949174722248378,0.8882605294398862,0.31446945337620574
CDE,-0.178923797880156,0.06860925075462987,-0.2955700349430137,-0.09350696708690565,-0.09993359884338371,0.2055137197650567,-0.7695666972821932,0.03289051416874795,-0.3613462281266625,1.0383093514141253,0.3144051446945338
INFY,-0.04648821462997277,-0.10888105737709497,-0.32705042683084296,-0.06763250157325573,-0.18042859408578482,0.21363597743780746,-0.14396276339595399,0.022685867146473478,-0.4576130152873984,0.9286595500982135,0.3142765273311897
EXK,-0.20202583526173767,0.06924785229245423,-0.227102960506797,-0.11466216011272168,-0.12156252664681677,0.18036546184389182,-0.8454284673469408,0.038450263921855805,-0.38279035246303617,0.9035231867718652,0.31427652733118966
VTR,-0.10985803192488874,-0.1379691834992801,-0.16655352451690564,-0.0663187271230844,-0.026249772262572635,0.3189908709178383,-1.0883258613400122,0.01197726386735787,-0.17180792543497658,1.1628669181317846,0.3141479099678457
KBWB,-0.1136853673646826,-0.12253960549119736,-0.10666555779564924,-0.06348029339084627,-0.0016960438221743646,0.1552411659438817,-1.720474584766977,0.010977442742391055,-0.11459631841402929,1.4179342856070798,0.31401929260450157
AEG,-0.11829317739683132,-0.07315516264402211,-0.04304755519159542,-0.07654211815739176,0.03880290895032945,0.0,-1.6105108523808598,0.009531695256780735,-0.11012204884647347,1.0750464666476622,0.31376205787781347
TDOC,-0.08217201298142407,-0.4439136589980701,-0.01990922383048055,-0.08593043504433939,-0.11506796421647303,0.24056615868511697,-0.24935515068076536,0.02716820129918266,-0.4058642040415579,0.8291202948689902,0.31369774919614146
BELFA,-0.058823506914103874,-0.15359777464818092,-0.27194444965000275,-0.07120692046292554,-0.08775778064980211,0.34757913798419693,-0.19347609735340404,0.028327992083170248,-0.32553248557976566,0.5951966222111429,0.31331189710610935
SIGI,-0.09753043223344104,-0.1736619933239666,-0.08523118957268472,-0.06214302095468194,-0.02181084259755206,0.1520622306935015,-1.1480654642116659,0.009777615956685177,-0.15255396628220852,1.1439091483143495,0.31311897106109327
ORI,-0.09190717919725766,-0.12381171172933036,-0.1991146060577823,-0.05776857673291513,-0.047130963634140266,0.2537314282623487,-1.1133284042182061,0.011022766981379307,-0.1339820666359377,1.2430508039500094,0.31299035369774925
LTPZ,-0.08076364357473464,-0.11264937607851644,-0.23776830862618137,-0.042847976274181354,-0.07671125993595218,0.17704952478865946,-1.713772555488929,0.007366791954974273,-0.12790448902947915,1.6179328302966167,0.3127974276527331
JETS,-0.04786886579011629,-0.16615813067707152,-0.09567664338512749,-0.06987736888587626,-0.04101700283062204,0.0,-0.22680033707161007,0.013056563192206591,-0.1841634196799704,1.367787994406158,0.312475884244373
AUB,-0.07537464199558097,-0.13391578426429673,-0.13855048977192186,-0.05905469667991392,-0.014253221250093318,0.10256481316950786,-0.9070798134214314,0.0089168097271613,-0.12023975669217146,1.1462103256427711,0.3122186495176849
BSX,-0.04402093203602131,-0.09017568398642573,-0.46420590516063065,-0.08636107501928558,-0.29620104354004073,0.26945194742089995,-0.13527864123346026,0.016453221112412354,-0.5950181174495033,0.9717267853926699,0.31196141479099676
INDA,-0.07378603070073664,-0.09903072388675216,-0.21944904347952177,-0.055011538550086336,-0.07338290822150784,0.15816339108580088,-1.198532931983646,0.008557490205392714,-0.16757097551514966,1.0024619840447686,0.31189710610932475
RTX,-0.0937680692427334,-0.09428928122615343,-0.2246622333758478,-0.08650605635450093,-0.043113100902581136,0.3207604159376462,-0.9242035627552251,0.010279640529864513,-0.1770145353343917,0.9193705587028981,0.31183279742765274
VOD,-0.13229439615384764,-0.03621841497849987,-0.14169079507949456,-0.05191477376162412,0.03355636876208923,0.0,-1.1822746788023184,0.019107583630624314,-0.11962673576274307,0.9826113392014687,0.31183279742765274
ZTO,-0.06522006686447479,-0.2048645141545562,-0.3394593044784474,-0.05345342418621779,-0.11916954415291936,0.4681533460003985,-0.43924509546660984,0.020725685496089812,-0.22237246319122872,1.3727427186517505,0.3113183279742765
PHVS,-0.18467335879075542,-0.13773993688017105,0.03906341965047688,-0.08794009809627956,0.03660719659277678,0.14755083470991326,-1.2386109707471664,0.02200588618784898,-0.1836078259602808,1.0476814160861765,0.3106752411575563
NVTS,-0.06856439175780793,-0.2090259180088898,-0.028048323921225693,-0.11437557389693331,-0.19368174475797317,0.12373776660127417,-0.15840919439836387,0.037746562940067445,-0.6626297555017917,1.091772504029097,0.31067524115755624
AAL,-0.043288330526804475,-0.264615521686396,-0.031679098733216726,-0.08112334376814645,-0.07894996786826314,0.0,-0.1072326505841659,0.019405725542499728,-0.30110189056610637,0.9464253536870861,0.3104823151125402
OMH,0.08066324416055415,-0.8990928190116276,-1.1059659085845817,-0.2898130816498631,-0.9330423802443242,0.5714285019187829,0.07596006483795646,0.04725196588851296,-0.973404255319149,0.07271068508282579,0.3102893890675241
BXP,-0.08802510331466462,-0.14660777861834307,-0.007270981301641832,-0.08712850338696176,-0.030627544469997492,0.011239944121861679,-0.7796474420435496,0.011438479801767697,-0.17704285566833255,1.0634069403999566,0.31016077170418005
KRE,-0.08695260372022273,-0.11531742438903003,-0.13620981752611705,-0.05669450916689467,-0.009739967441820596,0.073954401328703,-1.2558122274506887,0.009037087031171932,-0.106385368953411,1.2161177666411567,0.3100321543408361
WTFC,-0.07834173906135722,-0.15059055030115653,-0.1615625651034277,-0.054102009364536685,-0.038302724237467056,0.16814078298457166,-0.9224063402496725,0.009915571433081109,-0.13708411592876568,0.9285420964786611,0.30996784565916397
UPS,-0.08093099833426987,-0.1881059812763426,-0.18803131039904175,-0.051424167701762946,-0.07259736980862452,0.2760038960496431,-0.6027780212021535,0.018645080373999603,-0.1807963104744883,1.0437760575111732,0.30971061093247587
RLI,-0.09778737368948753,-0.12260308602177783,-0.1345582743839273,-0.07459649331326301,-0.012886843808339044,0.17462893111800173,-0.8093962875762192,0.011503121209492614,-0.1514828407489247,1.0702785949763858,0.3082958199356914
ADT,-0.11760907109970675,-0.09113306652107733,-0.18603719242657046,-0.08936769532266264,-0.09237705030257681,0.31274534324095005,-1.0804643912799936,0.01847011838191409,-0.2531101588932406,1.091510935440646,0.30784565916398715
INLF,-0.06626872933122141,0.052555954612190314,-1.1480728403944012,-0.19027324588559824,-0.9952428943683519,0.22178986305403448,-0.03722618556843891,0.1784316844545211,-0.9992891725310138,0.861659434477527,0.30778135048231514
RYN,-0.08972254269445434,-0.1529462067941667,-0.24136573097167702,-0.06433398255115896,-0.09116506577670114,0.37555525037977433,-0.8758083166198232,0.014506775654597528,-0.2064280606132055,1.1984182313089422,0.3071382636655949
DRS,-0.028382404394630134,-0.20135261367267843,-0.3590708820519566,-0.07715744085760434,-0.13670800451993992,0.2788013775087764,0.02523538626799595,0.01268571106739221,-0.26629823535895936,1.1394861501945814,0.3070739549839228
UTI,-0.027535271570396036,-0.6123905022228457,-0.571598945066771,-0.1187209972470562,-0.36885871292411665,0.7300001780192057,0.011649658626100033,0.026975749106560823,-0.5964843839930835,1.1164714851181219,0.30694533762057874
FNGR,0.009874674283799179,-0.519386329569651,-0.9248826575665925,-0.08696269137788104,-0.7384613859870008,0.42045450568733234,0.04330094046826839,0.13135349420382067,-0.9087264114605568,1.187701459966506,0.30688102893890673
FITB,-0.0934599404386256,-0.15043463328129625,-0.11064625376766002,-0.06035542332189925,-0.0076049424904530705,0.1122092341592054,-1.1080206901946599,0.013364635326583553,-0.14097601184510022,1.2299772700413412,0.30662379421221864
FLIN,-0.07626924028562598,-0.0998999842190369,-0.21542241176266952,-0.057392927620739664,-0.07237981341025135,0.1497761421518623,-1.25184490974264,0.008911381196710337,-0.16597197855024481,0.8592906565541234,0.30610932475884245
AX,-0.08833308868654866,-0.13360059303462812,-0.19772168413552316,-0.0680450314507246,-0.04358827344073968,0.2687664208419539,-0.9011911355481439,0.01025943998807556,-0.1598953429986366,1.2519757536891745,0.30578778135048235
AVA,-0.07596368684794752,-0.18937980422825906,-0.28461975932086214,-0.04294783961201354,-0.09431449286831795,0.32994851120108903,-1.113264360512582,0.007438161733202095,-0.15405660484735628,1.1271923815265776,0.30559485530546626
AG,-0.16667610436255276,0.019769528888288423,-0.3050960772920972,-0.08822234356143654,-0.13667116851748784,0.2057223576075924,-0.7925623544131457,0.03300571952593037,-0.4553364621589374,0.9608949205583437,0.3046302250803859
GIII,-0.042075256681708084,-0.24965585517943956,-0.22472916453259906,-0.10704942062841238,-0.11338858049259204,0.3310344283277012,-0.11994672307343977,0.014632363457845271,-0.25704244102454865,1.1852904378040507,0.3039871382636656
OMF,-0.1253560698833498,-0.07876471300750343,-0.11255270105337933,-0.08361628347051764,-0.02866766820717459,0.09987178516566578,-1.3988443214622293,0.012648043045155844,-0.1694579788140722,0.9706776892396751,0.30392282958199357
HXL,-0.07999136464997436,-0.18027426864553941,-0.12718666137299328,-0.08134970776553363,-0.05070280889257539,0.1970511261539972,-0.6507881195047012,0.014435616574352038,-0.224529961750485,0.9966744212612432,0.3034726688102894
VRT,-0.05203130967980962,-0.24864132151909057,-0.3294332811579965,-0.06489980315417698,-0.09010180061457185,0.42635444868879524,-0.11739461978544938,0.026604466582632103,-0.35458359474073864,0.9159050803707959,0.302572347266881
KT,-0.0985601611259912,0.008561325624530047,-0.34479099745419217,-0.04588031657127001,-0.08582557160943172,0.0,-1.260414618568197,0.010855340251482184,-0.25570502411466844,1.0774490444201557,0.3022508038585209
HUT,-0.12316311714207084,-0.21347960233859797,0.09159038022955923,-0.08980081261666406,0.010275090043913027,0.09659512204488072,-0.31480359845960937,0.04886851752303297,-0.382047855149107,1.0328411989417168,0.3018649517684887
SCHW,-0.12548191524669206,-0.0908724013020561,-0.12100932926930419,-0.07959510378042056,-0.007479816145303908,0.126944761554847,-1.4438247429851923,0.01713403600498763,-0.14535859261470596,1.0545453309553419,0.30167202572347274
KBE,-0.09433685744811438,-0.11794632683346384,-0.13444309786349162,-0.0607442562455468,-0.014943171959085899,0.076030602566414,-1.4754868685434406,0.008673585530805095,-0.11234682132162421,1.2748104127814126,0.3013504823151125
HEI,-0.07537723578190236,-0.17504934415442464,-0.11979357211706132,-0.09566193089333253,-0.0722184351898213,0.18052818695977832,-0.6691701588197002,0.015031353754314821,-0.20343234977197955,0.991775384889837,0.3009646302250804
FHN,-0.08758494210009271,-0.1382040972691576,-0.17491555629413946,-0.04815717815008824,-0.03760372142783064,0.13175659130918904,-1.0185710097930554,0.011019484692236951,-0.10963815568287172,1.0143506850006174,0.3009646302250804
DBD,-0.05879164769621781,-0.3017310015404505,-0.40420842943741375,-0.05919563889418622,-0.15642460429110228,0.5892192913168086,-0.2082573963164683,0.017535637137717063,-0.3011570449702996,0.9235418215165494,0.3003858520900321
MOO,-0.10332497849469491,-0.05481641869718623,-0.2056151891409882,-0.03844664603803649,-0.01606323067111981,0.0,-1.8021528919602658,0.008672797685438396,-0.09437256364920177,0.9111254743836666,0.30032154340836015
GFI,-0.2040922598939222,0.08343634431766134,-0.38720494617761914,-0.09676670600677761,-0.12476780768320161,0.22436675572227535,-1.0493154344435611,0.0381218925137741,-0.36843771780716306,1.0128161362983554,0.3001929260450161
COLB,-0.08371019493679566,-0.14220106533004595,-0.14566843641535243,-0.05519047916902131,-0.02710661651453128,0.09523828746276128,-0.9060787071493062,0.011065599137017075,-0.14349720223178108,0.9505867592671036,0.30000000000000004
PPA,-0.06327147317815252,-0.13562089334072325,-0.26027701509785106,-0.07350405307965902,-0.09271801435473326,0.25120172248417727,-0.6031505050060761,0.00851202075372655,-0.16176059409290056,1.39155739020693,0.3
ARLO,-0.08121708598225774,-0.10109304310295697,-0.21171340455883836,-0.08531612563200297,-0.08351930252866135,0.21546975298787147,-0.39010315537975204,0.024949631663005692,-0.3652263470379534,1.0286257488085555,0.2996141479099679
MSOS,-0.1350027577202927,-0.12214652567297746,-0.008082352499823697,-0.08945454723599178,-0.03853104653856532,0.04741365135635525,-0.7259219906319575,0.037346035987691914,-0.35351273957057716,1.2124165526457904,0.29929260450160766
USAS,-0.16404320777388703,0.04922484256114057,-0.36616599410423945,-0.10627434491115195,-0.24689410458899363,0.22018324543198817,-0.6352753388379905,0.044777728331665,-0.5603190463789043,0.8322833880926084,0.2990996784565917
HWM,-0.04077873180271929,-0.2105083210101486,-0.25874913657665666,-0.10686871571754919,-0.09415497866875266,0.30196564618368693,-0.09469833925246403,0.015019329464448323,-0.2292653308730176,0.9471926896785562,0.2990353697749196
AMKR,-0.04145126251641995,-0.299471784691412,-0.3046023301875749,-0.051226670056456314,-0.1469863450114166,0.27772087935414913,-0.043968082986800786,0.03632334480103409,-0.4754126515144459,0.7860027849741297,0.2990353697749196
EVER,-0.19349597086817316,-0.27077372321919724,0.15058734108420135,-0.14951419550675915,-0.0513574649950127,0.2967837194970623,-0.9221480099546553,0.049056081598248334,-0.29458201451733845,1.2901699058603207,0.29864951768488746
SBCF,-0.08591594581167505,-0.07233045217836465,-0.15836660868704666,-0.059480726813635476,-0.01003956297774522,0.0,-1.0164976241959292,0.01047150300067937,-0.1148118302687472,0.9963563565505452,0.29852090032154344
CAVA,-0.04202194102463108,-0.30655836026521055,-0.523877480771417,-0.11450029138212525,-0.26126637791368623,0.7046785430387739,-0.07219975082125245,0.028180109409577797,-0.4519457815534885,1.0975944613264839,0.29845659163987137
TVTX,-0.25663657935719975,-0.11430811005158448,0.6516053134187365,-0.1577616543718432,0.14868921043359729,0.014545510031960227,-1.9132052572255278,0.024078986873992736,-0.22630325421037623,1.2014562645655174,0.2981993569131833
GE,-0.07791411597701658,-0.16871379114449403,-0.14967201930136076,-0.08309237615603182,-0.045766659956048894,0.20349711474085802,-0.5797617121283093,0.014952792936604209,-0.1900640038111575,1.1592137212411668,0.2978778135048231
BWXT,-0.08377537654796374,-0.22613673209234653,-0.5216081997540009,-0.061068187968546295,-0.2340096858548537,0.7057893037770365,-0.46498805076652416,0.02338636512114259,-0.3927554166848528,1.1939166748205967,0.297427652733119
TRMK,-0.09788729185018308,-0.08326835787966036,-0.15592421685132385,-0.046359332335516035,0.005726390513067781,0.0,-1.3398290279000817,0.008712987105508305,-0.08301269385305798,1.0119170147288936,0.2972990353697749
EYE,-0.05613371915519272,-0.1771441643940882,-0.5020868840996868,-0.07801768266423137,-0.2438126281723132,0.5060242348199164,-0.2035920907107797,0.02650294275189555,-0.4334690749242305,1.0474249447623256,0.29710610932475884
BX,-0.1152098841135003,-0.09225394563494305,-0.13314483446208825,-0.12130548069636138,-0.08641737081431111,0.18810088962268864,-0.8468809452183875,0.016294403671896173,-0.27593049137861003,1.0561307257348478,0.29601286173633445
POR,-0.08641668967995297,-0.17822818050421851,-0.2894625022476187,-0.048505682715509035,-0.08028866022123471,0.3361967981257321,-0.974398611402186,0.01563098334317845,-0.14547505122419235,1.4146129509545744,0.2955627009646302
GEN,-0.2628469430988277,-0.15908659262298375,0.14624218228670127,-0.16437006123275644,-0.05362807695431471,0.20407186442073946,-1.7663309198892412,0.04004913959606091,-0.2675899626703755,1.7321440584776187,0.2953054662379421
STAA,-0.10431633563546783,-0.26158175066967726,-0.3319142436121737,-0.05348319551081193,-0.08120665077768707,0.6541355288399257,-0.4790645845211185,0.03330486494119358,-0.3494301009361569,1.03829272442853,0.2951768488745981
PAC,-0.05161525980709247,-0.1821539696128306,-0.33639553867015537,-0.039937804716007386,-0.16726002412681562,0.1872733975312813,-0.2591794618904447,0.022473864656729188,-0.3334776029870472,1.188154698932888,0.29466237942122186
JAZZ,-0.11111983235787648,-0.10941418693575922,-0.0138481713833567,-0.09558682783469019,0.03581086746110973,0.0,-1.021256718545841,0.013583577531774357,-0.15495754928048877,0.948439182984747,0.29434083601286176
NEA,-0.09442337609477136,-0.1589977437590383,-0.24842976578819542,-0.06295680089317213,-0.09173435845756783,0.3450106200101644,-1.4280844121022827,0.014919536710168047,-0.12867745414675713,1.8604406959701563,0.29408360128617367
CCJ,-0.12365256826155668,-0.06298013842888683,-0.39097303182926146,-0.06794096425051899,-0.16406406020496844,0.33581268490749455,-0.7633531917089569,0.02567889683066125,-0.34118876314020863,1.0252893065321704,0.29389067524115753
HEI-A,-0.07327302450015072,-0.15030154002786977,-0.13992239218791958,-0.08805129321445249,-0.07803049852103139,0.1363231412004757,-0.689998604724568,0.014296299785525454,-0.19421231454010857,1.250458123683235,0.29382636655948546
RHLD,-0.09521287136729328,-0.12555891739724034,-0.3959755635195481,-0.05780521677702544,-0.1912771130408787,0.4,-0.42183782050047913,0.020625872737912335,-0.4698944092043724,0.8026582521864193,0.2935691318327974
QUBT,-0.07712308944966051,-0.11048429792925085,-0.09631319863046128,-0.1149234332164425,-0.18083000165134533,0.0029240434674705044,-0.2742706140831102,0.02425601430945535,-0.6577135129165943,0.9426595991685364,0.29221864951768495
BLTE,-0.15077117511376037,0.005080051615823811,-0.2608231577656115,-0.07015116751459327,-0.04343246797501976,0.06504601363332257,-0.8492006818941992,0.016878050188593462,-0.20456069212687944,0.841278928045196,0.2921543408360128
HAL,-0.12720411572508417,-0.11275955501705892,-0.27781548825442015,-0.04067931972080707,-0.07668972744338265,0.2518163697727991,-1.0512074106604201,0.017133037879157136,-0.23521516930721154,0.9187071431623972,0.29157556270096463
IART,-0.15593048046741154,-0.3109276302444077,0.2204651361536487,-0.16244498556453957,-0.03362060440420733,0.2297979943935497,-0.6410324584035807,0.054823658003926884,-0.3153652447647125,1.258805109731185,0.2906752411575563
HD,-0.07575522405383794,-0.1702681547649455,-0.27422896361405114,-0.07793843280928758,-0.12420272471692095,0.359690511518537,-0.6421974952486874,0.015153344581423946,-0.23749900332013996,1.2614361834298213,0.2906752411575563
AGIO,-0.08261787862144432,-0.25604607436559745,-0.1837019982475686,-0.03574852183005317,0.022703313966057292,0.17069893024438665,-0.4501164769299123,0.018731998421038013,-0.2990767409891093,1.0645374501084617,0.2904180064308682
KMX,-0.15726543434989726,-0.07926466019131995,-0.0211620370733947,-0.1016559091739716,0.08837193018742795,0.0,-1.295465113040772,0.02441347835160816,-0.1771255027060471,1.4093765088946184,0.2896463022508039
ITRI,-0.11836882724133357,-0.019155096370005342,-0.24638053234008794,-0.10391257355768069,-0.06811857714358649,0.12032898625451162,-0.5143569423231127,0.014011296573547334,-0.38250831183321476,0.8529058547555671,0.2895176848874598
ALK,-0.05450670858365447,-0.2059276410439954,-0.16124953506407613,-0.080893997016668,-0.1322760726815727,0.13862922795734192,-0.20619752578206899,0.020557646804136524,-0.34985880994875085,1.1210947670751108,0.2890675241157556
LPTH,-0.029931326218813004,-0.164299392283352,-0.39739077251853816,-0.1404939260905208,-0.20470195478313857,0.29792780933632185,0.0016807018641412604,0.03275185465260176,-0.4663911502384396,0.8900418467362071,0.2888102893890675
ALC,-0.06711206423855098,-0.11322884476422412,-0.3264209117646364,-0.07081569143662458,-0.11802865035652366,0.23319330088170756,-0.5183770641790164,0.012073196861148642,-0.26102453359298383,0.9634220342464409,0.2888102893890675
KD,-0.10812930122855935,-0.0930898091296608,-0.19600708365740493,-0.08083469749823113,-0.1941638208927925,0.19871800096834616,-0.534805354258977,0.0314579769320205,-0.6070228627392846,1.040821938772705,0.28874598070739554
LOAR,-0.07121381996569343,-0.17862179515786714,-0.18646619700428724,-0.09246566973371728,-0.07432313854531714,0.252821411902888,-0.4158620532344227,0.015291149232247439,-0.24151406868709302,1.1186464758634205,0.2881672025723473
KSA,-0.08707880970365489,-0.07051886711671507,-0.22970277272847872,-0.043533637330305575,-0.045394675041349974,0.0,-1.7737278420157285,0.007517969599143522,-0.09878456988568252,0.9635219148707903,0.2880385852090032
XHB,-0.04374140153862116,-0.1492825549246548,-0.2300769645374693,-0.06425271171327107,-0.09583064478097825,0.0442470706190944,-0.1871976604107846,0.012329898053430594,-0.20855607366815698,1.009818222443489,0.28765273311897105
BKGI,-0.08610928067221735,-0.11579865332561268,-0.2296937091507527,-0.05026959321234392,-0.04960950000051856,0.12182934070263642,-1.9050766374551071,0.008538520555034622,-0.09785952952107613,1.4189865393516208,0.287588424437299
FNB,-0.0901411932881897,-0.12881882354357377,-0.16736138615289098,-0.05664252360791644,-0.027876863437277022,0.08064548381291367,-1.1652189356676854,0.009959084339924342,-0.1127080416401155,1.0567683363279439,0.28745980707395496
WAL,-0.09048825808983507,-0.11179949591599636,-0.16390455475830323,-0.05555859459716883,-0.07037869482826142,0.03346419442333513,-0.901913654113585,0.013347734956110307,-0.21241328872686926,1.1738267013710353,0.28745980707395496
ZION,-0.11296363881591098,-0.14588439942143172,-0.11122172673564346,-0.06673231745350161,-0.002987368078645747,0.10123972370250414,-1.3464147234712147,0.012562261223934734,-0.13959925852486343,1.0781105967031521,0.2872025723472669
IPST,-0.23214998538206966,0.2403758129674869,-0.8245766069458119,-0.2577888086777588,-0.6895086465199277,0.3221053020637693,-0.1275922397126665,0.08104092404793667,-0.9898731440995486,0.12044868853459609,0.28565916398713825
NEE,-0.09115874437162186,-0.15961092224357432,-0.31692280411432405,-0.051560590049903654,-0.10248772784018378,0.3167752260860705,-1.453684615785748,0.011123330649735608,-0.19709092243854764,1.137869578644411,0.28514469453376207
RCUS,-0.10234076133646774,-0.17773510878345777,-0.06587007005574863,-0.11638133372488879,-0.02231315569241532,0.14473697419307885,-0.5534234638089007,0.024117734242930934,-0.2312321605203358,1.156935357853591,0.2847588424437299
CHRW,-0.09336609587784572,-0.3123538612209157,-0.2718578164155824,-0.034367487894285675,-0.16257784268370445,0.3431847996333044,-0.40271237286816347,0.03278898113055043,-0.31503164331180367,1.0455163857850398,0.2846302250803858
MS,-0.13502797186064952,-0.176339925490418,-0.0686257910385244,-0.08160333382236518,-0.012890086385506039,0.15569466157615164,-1.3780983571732943,0.014110659797947548,-0.16224804989550057,1.1112780712422563,0.2845016077170418
MBX,-0.15918100746243635,-0.1580321662892854,0.5604797699805133,-0.14959420061172024,0.20303122581925437,0.0,-0.7822750730872482,0.0337451579028876,-0.24900985130773434,1.0815938126449316,0.2842443729903537
CBRE,-0.08588673100402944,-0.09807183283512688,-0.229305150559719,-0.08484913520890491,-0.09713648165143529,0.17763560083031163,-0.5565926234587353,0.016605629001462924,-0.2404871751394395,1.21094574499818,0.2841800643086817
HSY,-0.09847586316185408,-0.10788349989949941,-0.33660062538988966,-0.06673421266180135,-0.13609695246119202,0.3030490057094676,-1.0896026253385218,0.010439610223158598,-0.3016061834771381,1.0647780303257053,0.2837299035369775
NVR,-0.054904677018120074,-0.11980742568545044,-0.2723592934253469,-0.048829623122569554,-0.1072375717251236,0.019051729305280825,-0.331063372992145,0.013336182595912778,-0.26649419459538737,1.109632499140601,0.28372990353697747
PPTA,-0.15275460325948853,0.070984751715375,-0.4583744544482048,-0.11213017842255346,-0.207532178413801,0.1645701828255468,-0.662655834320285,0.03069014169025567,-0.4418323767551502,0.8695815327804206,0.28360128617363345
PRM,-0.12655137989442156,-0.20253572772123696,-0.06886345926953896,-0.1091741820246257,-0.06890304515530021,0.21928322757205612,-0.5559888006230241,0.026803119338070183,-0.26932238130818476,0.977941291646902,0.2834726688102894
FIBK,-0.08982971017126196,-0.1379572656802569,-0.1068006309129863,-0.06401438710736451,-0.027477893445545076,0.0,-1.140234857212384,0.010479208017979615,-0.12685404083397778,1.1492785305232314,0.28315112540192927
EDV,-0.08088374869845771,-0.13695023121178718,-0.27172178232203104,-0.05172987740183399,-0.10395561752388893,0.17973743120240887,-1.1098302822290222,0.010488786339000626,-0.18464372997182554,1.3372830310136332,0.2828938906752412
WSBC,-0.12063422889130815,-0.0973329189074551,-0.11592587130014786,-0.08113562145150655,0.011435274818426544,0.038264740113896016,-1.5444857565487309,0.010671703878743517,-0.13442665728212844,1.0837682485520521,0.282508038585209
HYFM,-0.1931282938918557,0.040574058037953,-0.12285785020618523,-0.276748369076119,-0.28654626700601993,0.0,-0.09225857712601193,0.04616044909973584,-0.7597041472416665,0.016803029159687885,0.282379421221865
PB,-0.09406869864936795,-0.12131160998221435,-0.1714563566775481,-0.06189736371301624,-0.043834582643959896,0.08582836763006133,-1.5091905589762433,0.008914645202281062,-0.11040867449184077,1.2506633402132052,0.28218649517684885
HSBC,-0.1328576668308704,-0.08885180465072273,-0.11029588872209195,-0.08872101466191884,0.018496234206471396,0.041491644029881904,-1.5818355967906694,0.01516828128675474,-0.1328616033701293,1.2670599931816098,0.2807073954983923
JACK,-0.15391304326581445,-0.19249153186278722,-0.029991410511804206,-0.15829324363644914,-0.15641727508584657,0.24583343598579344,-0.7491970474989593,0.023534766922542364,-0.453656456999426,0.7648636567833995,0.28038585209003214
GOVZ,-0.08145510147401891,-0.14406185440018082,-0.28066160727889355,-0.052755987209405775,-0.11072616873050578,0.20162368744744982,-1.0143996206427652,0.011625326802654243,-0.20244956927740965,1.4815288188570872,0.27999999999999997
MAA,-0.09061821794008296,-0.1714748741326444,-0.2044402415464952,-0.070959378039963,-0.09182368949616093,0.24407365480839435,-1.16870329671696,0.010941522411792972,-0.16770184818329226,1.2043925550919905,0.2792926045016077
ADNT,-0.10467912254821043,-0.13298437221153603,-0.2972181784735335,-0.0677559286402426,-0.15921068788370818,0.3229160975251159,-0.5330009061370772,0.026411081028685647,-0.3554817650008498,1.1213464324396472,0.27890675241157553
HII,-0.08725192573299811,-0.10537622215922271,-0.47260961214966446,-0.08588751320185195,-0.21822510690547547,0.37543629727495303,-0.4929349068737067,0.015053285427908422,-0.4092042248856613,1.0947402029273323,0.2788424437299035
FTFT,0.5451619351003778,-0.6011024655336644,-1.0236794058696317,-0.060937316106302264,-0.821744912435122,0.002074686846837578,0.4814821644286696,0.4229870965091333,-0.9774693079985921,1.55913874251421,0.27832797427652733
ALGT,-0.029922023442106704,-0.33031886323630455,-0.26291891226677,-0.067772935353835,-0.14371058044049223,0.14877309587053442,0.0039016067193058507,0.022472418060295964,-0.36127896717618935,0.9748724043841969,0.277556270096463
ALNY,-0.09598057908616797,-0.23943630274231675,-0.43421556303680553,-0.025559037139901375,-0.225327061393769,0.31926021831349144,-0.31028538106900677,0.027482560733811938,-0.5291519223334411,0.7571385648054328,0.277427652733119
IBOC,-0.07239611186228034,-0.13628848113188297,-0.193227659679851,-0.042941453114189176,-0.03863263324355315,0.0,-1.0113750654984817,0.007205935333168479,-0.11686022642685456,1.20353064290366,0.27678456591639866
ZROZ,-0.08296797949648049,-0.14557599025011603,-0.28183391838529204,-0.053601172977656764,-0.11155666987516988,0.19889339849250393,-1.0322055216530073,0.011799945812187669,-0.20213319309101863,1.4783424715476567,0.27646302250803856
CRWV,-0.10916195103329651,-0.05682326915079128,-0.34731119157760737,-0.07150761786778315,-0.11321623307221906,0.18792274982875753,-0.27287810758445247,0.03613410286768961,-0.4261601739851727,1.0641129687283861,0.27633440514469454
AGX,-0.03837051786581103,-0.38622097635829333,-0.5000491590304382,-0.1368716575662181,-0.24118472308115269,0.5894769100477776,-0.038824025640821665,0.03248685743307261,-0.507216360781704,1.092779137573448,0.27614147909967846
ENB,-0.06663622660229462,-0.18682385325531925,-0.2738680202252931,-0.05671051600308086,-0.0910718673357539,0.20454509077910507,-0.7269722532547379,0.00799701516969132,-0.18824370981160254,0.9514745153226624,0.27588424437299036
WMS,-0.03823337705320462,-0.18640355925360752,-0.29251189261264865,-0.06805998700192128,-0.1286538947744661,0.1076917960565827,-0.08190445724313146,0.016180214179884418,-0.277733404121544,1.12486907207796,0.27588424437299036
CFG,-0.11317081034763521,-0.1287054954642819,-0.14326798966139465,-0.07468310029002756,-0.013058874068160642,0.10709492721946914,-1.2250167697707635,0.014666603286819175,-0.1453232160739789,1.128184218917198,0.27556270096463026
FRT,-0.09602167267087203,-0.16161813580468176,-0.15913138274000382,-0.06392436135362167,-0.038278566210189435,0.12815615708455125,-1.719751217842496,0.006773977838160637,-0.15590734868624745,1.14370026636833,0.2755627009646302
NIO,-0.0374310673644197,-0.3212639150575327,-0.6053391176874622,-0.11911191093375229,-0.2912008084897001,0.5285717302437931,-0.07063736479489434,0.020927920262810925,-0.5234584385283398,0.9783575709699023,0.2754983922829582
LOW,-0.08329897628060934,-0.14033352299247726,-0.3814405891348662,-0.07910135413528774,-0.18486492067850135,0.3588643602218777,-0.6928446372657154,0.016166885722907275,-0.3449666127801798,1.051926177052178,0.2752411575562701
POST,-0.09372641588303099,-0.1750005848721976,-0.4078551622441011,-0.05500574183432827,-0.19605858210657234,0.38945758705661837,-0.5634577946339424,0.014987390753600685,-0.34386182228629936,0.9757803535936934,0.275048231511254
CPB,-0.09288768576540718,-0.15601566276490075,-0.17505935457373178,-0.0971728099769612,-0.1299520091412968,0.21843596822936978,-0.6485416848047877,0.018132668136494157,-0.3485585962951129,1.069790201977301,0.274790996784566
LBRT,-0.11233614942631387,-0.28355850739848754,-0.45735885957863665,-0.03096250307540438,-0.22921218488825001,0.49038393645594436,-0.4065821354093459,0.028061782388900385,-0.43412385917925234,0.9114753408063708,0.2745337620578778
ARI,-0.09556762053709711,-0.10210652380450524,-0.25962805260808375,-0.055576575490993485,-0.0701349566917755,0.12162170869917661,-1.182208191267146,0.007632754707042179,-0.13600656641432385,0.8011542480934726,0.27401929260450164
EWI,-0.1065828738487129,-0.11024418105612643,-0.14881909193190057,-0.07832101871324182,-0.018524822890748194,0.060694083473475005,-1.6701467136439483,0.012147263604885394,-0.11026040984843455,1.0882119499252498,0.27389067524115757
ERIE,-0.08973881686359864,-0.1274163227831714,-0.255980177419184,-0.07437044947428806,-0.08023733700052205,0.20579728887428503,-0.43389326256182104,0.02017993985447485,-0.30311946282497426,0.7032589208258632,0.2733118971061093
GLPI,-0.07589111321234843,-0.15412735456082782,-0.3000247539038946,-0.05985511484073036,-0.11855493760029712,0.21531766734508026,-0.8385814916325028,0.010034769240493603,-0.18803818994865695,1.0501453289864284,0.27311897106109323
TKC,-0.07693740897063284,-0.17597999009618104,-0.3803728164483171,-0.04476758812750181,-0.15142209125833384,0.2435902138429373,-0.5516890586043247,0.019147994934518003,-0.29720279323867593,0.979971440361552,0.27254019292604503
BAC,-0.1617618051259988,-0.12433788514402677,-0.10722843142134053,-0.09288650767559525,-0.008473958297618323,0.13750012715657553,-2.248882023685286,0.01575752558052749,-0.15719370939774513,1.1771376942756377,0.27254019292604503
SPB,-0.1204385418382925,-0.11743598362824215,-0.15524199683044115,-0.0908421997156249,-0.007712784899431502,0.16001689502002794,-1.19353235159014,0.01535148244225442,-0.13892763197057179,0.9328081265534178,0.27247588424437297
EFSC,-0.1051860817562722,-0.14448887377792385,-0.12482719655141872,-0.06469993919598194,-0.013551893135052673,0.01584119375114724,-1.5871188591331657,0.009282463426545297,-0.13685443814938236,1.2585799690616901,0.2723472668810289
KKR,-0.12542161107865757,-0.09856118179984585,-0.14762556103723923,-0.10715836960955161,-0.10182813122039436,0.1361135705388898,-0.9139987436718063,0.016597619323944515,-0.35693839689840157,0.9980485143136096,0.27215434083601286
AAP,-0.06150307771147323,-0.2836357463451443,-0.3800215072911869,-0.09083031046968615,-0.18078157363541325,0.518957484492618,-0.16295531087271314,0.025943993139713833,-0.3310596639522614,0.898707156717123,0.2720257234726688
CTRE,-0.09079241202430366,-0.13788561701106172,-0.2242608836044535,-0.05790776997667879,-0.05696995906078761,0.13694294243888402,-0.9755148549432464,0.009570672029105593,-0.15950638558684993,1.1587470677795801,0.27183279742765276
DB,-0.1938926663409617,-0.0844989177801806,-0.07377848091326067,-0.11024709418209022,-0.02257544903015518,0.035223684158780556,-2.0309168760032827,0.01854053044896488,-0.18780077110853388,1.1480680058707833,0.27118971061093244
FHB,-0.06842996194751538,-0.18685718665487394,-0.19386121427176706,-0.050772965700581096,-0.059628291605656414,0.06097470203481611,-0.7779312619711434,0.010093507909690259,-0.17833451457907712,1.0648601910893258,0.27067524115755626
CNS,-0.12293421744090438,-0.12643834663312825,-0.03155500009850121,-0.10979716925801308,-0.01695752418590557,0.0,-1.2876759492143603,0.011497224427883505,-0.1877408236378859,1.1094047762761161,0.2705466237942122
SNY,-0.09084116651358132,-0.13008657499140686,-0.2462135829712172,-0.06581643639128154,-0.08254169230093944,0.16492159406265886,-1.0284987325494381,0.012003404705599803,-0.19054581612715804,1.071549980477861,0.2696463022508039
CNM,-0.03913818654655954,-0.13724088399658507,-0.3651874073805018,-0.06737603264409886,-0.17153452515064038,0.04646835931295805,-0.10584727105043955,0.016348307323493242,-0.3146894766066225,1.0902771327161536,0.26951768488745975
SE,-0.14554679899120782,-0.18120805926440975,-0.04314907406393065,-0.12782159093767576,-0.06770159450336388,0.15231150347381436,-0.8300475482353419,0.019104660345354435,-0.4931117118673122,0.9419131025860065,0.2693247588424438
FLO,-0.05383973665809294,-0.3225672237694611,-0.3998727042837099,-0.09247444621934853,-0.2734887706726581,0.49166607724286354,-0.22951868124045466,0.014833835898046502,-0.505611844743318,1.184460187789317,0.2692604501607717
BULL,-0.3455016567445398,-0.1673593293297625,0.1398270663890826,-0.20952051376309122,-0.09283813834024557,0.15238095382263686,-1.4846148898923994,0.05861508305482201,-0.4920255259221076,1.154466098736641,0.26874598070739547
INDB,-0.092743131012609,-0.11195839813961939,-0.16972439511287285,-0.05733205333227842,-0.024782615074153802,0.0,-1.2279175063091743,0.010281972052503157,-0.10930420053190448,1.2029427315112526,0.26836012861736336
GD,-0.09469630665592044,-0.1531216916333733,-0.15882965691819284,-0.08902690775173416,-0.061708390493666054,0.14563937856434755,-1.3020749051803644,0.009772750837785699,-0.162840646482178,1.1786237339316794,0.267331189710611
ALKS,-0.148643501103638,-0.25847649130962225,0.06656270829359512,-0.11596012302969672,0.03145087427664928,0.08333323700257203,-1.3090669964748174,0.024138994193964116,-0.26367260143833837,1.398457124772083,0.2668810289389068
NFLX,-0.10418820637178094,-0.0887496848006678,-0.4687848986073916,-0.06535792498213822,-0.15637044672991351,0.2522624948576393,-0.7235636844327072,0.021790775114744077,-0.432835239314438,1.012535034798691,0.2664308681672026
OSIS,-0.06299446596550262,-0.12913227274902805,-0.48864044808200835,-0.0706648096926571,-0.19968744965807517,0.22429855897095838,-0.39976680094719086,0.012304785538555808,-0.3712864842641517,0.8427926499971389,0.26565916398713824
KHC,-0.11675371340046425,-0.14496436062223694,-0.1526252267526249,-0.08444756924931762,-0.040715332079099276,0.15397916567669312,-1.0617278832391477,0.012196540210776758,-0.1802580093833075,0.9191546119200047,0.26533762057877813
CAG,-0.1103798537519638,-0.08775743041100537,-0.2283895117874729,-0.09754521753766776,-0.1071191438852106,0.1683416663990948,-0.9551027553046045,0.017141701226633853,-0.2994811553283826,1.1265571354359607,0.2652733118971061
FRME,-0.07959620558950642,-0.13181641325264326,-0.18333898338283683,-0.05386054451086719,-0.022266668211378904,0.0,-0.8715548443638209,0.008962672777355876,-0.12831075486559573,1.2230928892549868,0.26488745980707395
VALE,-0.1462855328550956,-0.062426374440938015,-0.3329550208013542,-0.05889777297053467,-0.09929012951087157,0.16030543798420832,-1.3460445899932776,0.018988944359295396,-0.22023294600738685,1.1976327929418578,0.2642443729903537
DRVN,-0.07191129955001341,-0.2722744001683046,-0.1983786863256236,-0.06803576506269615,-0.12875604170064303,0.19780235903186422,-0.3258693020742634,0.018060601934379257,-0.31012288726821924,1.139748921780478,0.262443729903537
STN,-0.07415699461573577,-0.06840818614494792,-0.37564910611752833,-0.06233043667208982,-0.17791430619760185,0.03316668654860411,-0.6512923555984967,0.014047092668944052,-0.40821597280025745,0.9908110927677086,0.262443729903537
ITA,-0.08278498532639156,-0.16214760016210217,-0.2506814533875066,-0.09038418923171454,-0.10135882922250805,0.23641131032527815,-0.9028774332757916,0.009376851413069638,-0.18294857488420924,1.2286803527160477,0.2614147909967846
GHM,-0.05337451490294043,-0.22901945137777469,-0.23525702168326945,-0.10571666340611185,-0.08421737321835265,0.19919484516696026,-0.14831047232256406,0.024162914521670523,-0.32522822391530126,0.8649934564223278,0.2613504823151126
HR,-0.11598811286720934,-0.20244639153743305,-0.1477602837297498,-0.08014149515560098,-0.06507347478833825,0.18780488485668376,-1.8386293187167526,0.009603620567155656,-0.2007962519721107,1.2173340855393036,0.2610289389067524
ENVA,-0.22774901905549827,-0.2706252799833041,0.08299137788181676,-0.17633700686567377,-0.02006793179716071,0.20030200166333853,-1.1292849942810639,0.056280485034162296,-0.32548504495033836,1.2618495109391266,0.2603858520900322
VLY,-0.10795344032070675,-0.16424601577286857,-0.1665548016964915,-0.07604281682348435,-0.03703924507763112,0.14772769143738157,-1.3134567082697233,0.012409632431507537,-0.1588842672505858,1.147416175116189,0.26
CBT,-0.07461595067306626,-0.1801833926771088,-0.13183670402270398,-0.07476681551402964,-0.040294215847197834,0.0,-0.5299695713359408,0.012811422910194263,-0.18914857426232345,1.0413986279867007,0.259935691318328
LYG,-0.1127907646876044,-0.11226137425380711,-0.154397535884914,-0.08335495279774618,-0.020279155348894573,0.04464303200344004,-1.063587202231567,0.016303514616107292,-0.1296296011906033,1.0804567984633124,0.25987138263665593
AAUC,-0.11229840921283885,-0.12339222557024987,-0.49764758578286816,-0.057250161405546396,-0.21943695201429392,0.3145398225430441,-0.4533288905367975,0.031788949995517936,-0.3552014847884618,0.7090977541735869,0.25974276527331186
LINE,-0.09336553947768389,-0.24332832537391214,-0.11944733737283664,-0.09480368493703129,-0.08433808722463754,0.12886357810126828,-0.7738343039802518,0.014869555226149479,-0.21422952129854445,1.1336898083490348,0.25954983922829583
FFIN,-0.08801866247890222,-0.1449886246959302,-0.14571803271121375,-0.06818273872890179,-0.03814932281572836,0.0,-1.101528059487501,0.009541985817986648,-0.14639156146341592,1.1988089692464365,0.2590353697749196
KSTR,-0.08163786576349585,-0.3001745440867676,-0.07639663372900252,-0.1016233184583949,-0.0741856782186634,0.06896509854216785,-0.3865452719381719,0.022425433019311037,-0.34683152527287175,0.853114443207114,0.2586495176848874
APTV,-0.07181358037703112,-0.30286917230991006,-0.4179789170915541,-0.05399569214721922,-0.2990300958872142,0.3627905161202181,-0.30402882466921566,0.01715549983124705,-0.5060336061628508,0.9005857737774156,0.2586495176848874
ZG,-0.09788825826575465,-0.11155155372965964,-0.4078956409232354,-0.10032864769080463,-0.28934083913149544,0.33115798133474555,-0.4365328133490744,0.030247439531234828,-0.6013676748147125,0.9553235602332848,0.2585852090032154
RITM,-0.11347228275974008,-0.06573480614230676,-0.23666183418815756,-0.09019361072383492,-0.07888767970024035,0.08277417725116239,-1.1961375531695233,0.013355490958873648,-0.225237719489072,1.1697569050067365,0.2583279742765273
VRTS,-0.16172178984010643,-0.19075696671750142,-0.16187510506843583,-0.12581063075290688,-0.09279197365485825,0.3720301187993676,-1.447291773257358,0.020869787009168028,-0.27648498760902473,1.1245043749782662,0.2583279742765273
PLAG,-0.03183682068708926,-0.6599124885500415,-0.6529566817491441,-0.12036019645891627,-0.5783473546651379,0.43333317880272776,-0.0002589386945011502,0.04653026574731387,-0.8762478504369462,0.03381104145333645,0.2582636655948553
MTB,-0.11874596170864404,-0.13812817542975986,-0.14801436320537986,-0.07178575488356398,-0.017761963987170226,0.06064125791743116,-1.617334207278126,0.01128311774444378,-0.1368363201787387,1.018352835834018,0.2581993569131833
UPST,-0.07128450451837898,-0.27710177206848885,-0.26910004197553394,-0.11366771236302065,-0.24001541381771618,0.384498767470497,-0.29697844922097866,0.02643074088898368,-0.54351535842349,1.026883261679076,0.25794212218649515
PTCT,-0.08536852045794363,-0.25949937525484634,-0.22534422692248568,-0.06805252972412212,-0.11360466572593464,0.243006834442174,-0.5357718425109224,0.022235441274207856,-0.28900060302459685,1.1419943711721086,0.25729903536977494
POWI,-0.04413271951584308,-0.33361187427126515,-0.24748959246174473,-0.0952585822739912,-0.15402278874954656,0.19970591530360743,-0.08337089916529151,0.029295340533724696,-0.436572165877535,1.0106230330506198,0.2569131832797428
PN,-0.028390304857971893,-0.4305502604753695,-0.4758733139683745,-0.27187371423236006,-0.6377970426971331,0.4770113824301975,0.001719524488631357,0.07016239130395296,-0.8971271679370103,0.24748939396669156,0.2569131832797428
ABCB,-0.09133738688969517,-0.1576172458388596,-0.1910767861868944,-0.06176615294448906,-0.04546233345202777,0.06957458751962375,-1.3360896446957142,0.00885178235432037,-0.1470695653608719,1.2104988529009633,0.2566559485530547
BTCT,-0.24590940407187267,0.09086292421938524,-0.24969586095490248,-0.12828913620383653,-0.15536199867842682,0.0,-0.2685261732893352,0.07378787188099291,-0.6495189229379559,0.3194225348903391,0.2562057877813505
LEA,-0.10495501783711603,-0.16248242294019544,-0.1918074429116755,-0.04194437440935017,-0.07112542062823834,0.0262918596303543,-0.6833273319240413,0.017096913573649165,-0.19930491180717458,1.0196628278837256,0.25614147909967844
XYL,-0.0666749950575034,-0.19192776328715766,-0.34830816885336335,-0.06834954620793088,-0.1397787371615764,0.233248027025353,-0.45468040183763747,0.0157265325055828,-0.3191926122007295,1.1504157103897925,0.25536977491961416
CLX,-0.08953309073711413,-0.1533455515337896,-0.3395158725918809,-0.11083628589619776,-0.1592409704054647,0.35,-0.6535869580107806,0.020343886023474825,-0.3271002446346305,1.0239044875871206,0.2552411575562701
SUNE,-0.3464715627867355,-0.36441811130318613,0.261848269659126,-0.07995047380023335,0.20257213261469742,0.03608256164779186,-0.5360482490205625,0.041974339257849685,-0.6079931935551729,0.06381970901430362,0.2552411575562701
GATX,-0.09073344475362988,-0.12031832359051908,-0.290410584803259,-0.062170270829658314,-0.07164287418029736,0.1219458286315355,-1.012977622361562,0.018029012445883407,-0.16901465292913076,1.2200613829887967,0.25485530546623797
SNDA,-0.1359028650288241,-0.1584794928625637,-0.060027794674256674,-0.08042682607196538,-0.018276468251164246,0.0,-1.0488547969739324,0.009658888739877077,-0.17378687400480863,0.9599363625377416,0.2548553054662379
TXRH,-0.13160777931007483,-0.19165164567245463,-0.14998407813053305,-0.12080191734510626,-0.08631458354882726,0.2640113029896359,-1.3274825707235784,0.01773174069763663,-0.23762653325334782,1.3916666719115673,0.2547266881028939
NVMI,-0.0650761428712181,-0.2618609728147515,-0.43993907315205827,-0.05816276143912036,-0.20496988206072086,0.3042950499168673,-0.22130002070941174,0.03248832751453851,-0.4165689808595612,0.9145716575878234,0.2545980707395498
PL,-0.02116094218500142,-0.3934763951943365,-0.666395455443235,-0.13749408569867594,-0.3834001464386698,0.3235290597740801,0.05308341176642078,0.04047930425483315,-0.6722762876792259,1.1631393548440228,0.2545337620578778
RYTM,-0.14336365590089417,-0.19893194199875408,-0.07796425112084937,-0.1272655465303394,-0.07810057926320357,0.15797039643387298,-1.0918848450925267,0.017524953326714252,-0.2292127057891613,1.2468266213003656,0.25446945337620586
OLED,-0.1065774573566276,-0.08032021398846301,-0.37683777618566106,-0.08922229336781806,-0.20593586471448333,0.2141898544389383,-0.6271251724872039,0.03180168857697329,-0.49746402353249475,1.0267725999458102,0.2543408360128617
MNPR,-0.2879960656647862,-0.2522693053967613,0.30351519747362277,-0.21658265799358367,0.06335312371256352,0.12092251576469287,-1.5694798952480504,0.029149697307831086,-0.3407622593358435,0.7629066548561618,0.25421221864951765
GLNG,-0.12230590981895173,-0.10088369632956251,-0.2452803420741777,-0.055375889199054895,-0.013481966926973121,0.07728289952695973,-1.4381051722509566,0.01416710461381502,-0.15753151082225236,1.0914115180163737,0.2538263665594855
MPTI,-0.09964171240713016,-0.16732884157852934,-0.09098334846798539,-0.09136995903808942,-0.033936884961564995,0.0,-0.5899376327353856,0.016534628554067676,-0.28833749927303043,0.496615319092414,0.2536977491961415
BANC,-0.08353154466183754,-0.19202936646366187,-0.20174491727357668,-0.05991936319319846,-0.08368364999494338,0.09790165018966777,-0.5332144277993562,0.012294412980697464,-0.2018662351757443,0.910088486762653,0.25363344051446945
RDW,-0.1546612720671119,-0.04967940990592812,-0.1275259050694879,-0.1544115777224785,-0.1441721551920907,0.0,-0.5378087468280097,0.039969223169091746,-0.632440141838989,0.9379569852732392,0.25344051446945337
LMND,-0.09253216030192657,-0.3834808266304979,-0.2977167847278851,-0.06850205761174821,-0.23600326502318514,0.4281044753512545,-0.32645903610111787,0.0225869282158777,-0.5181733568775118,0.9070181907459811,0.2531832797427652
CURB,-0.09986766850309348,-0.13971797905851557,-0.1524466986656252,-0.06307133264723419,-0.014342998250096328,0.0,-1.3622635863741004,0.010672027624563677,-0.13829740813761315,1.0502338160785771,0.2531832797427652
CLRO,-0.22859980470127594,-0.45069261751137113,0.07959895518417648,-0.23225134763754562,-0.18982982840799967,0.2638888428976494,-0.1853619784812864,0.13630694245747266,-0.717846825987239,0.8022741062914087,0.25311897106109327
IVT,-0.09585121403876218,-0.1950587319193431,-0.21497943845325707,-0.06565625568298106,-0.05789357800984063,0.17591229726114363,-1.4579227504784917,0.00846632992880236,-0.1849951056074618,1.1137865786249699,0.2529903536977492
ITB,-0.05915481751338636,-0.15256205519414767,-0.24181093703124135,-0.07970804677255772,-0.11600439981082744,0.0426546910517955,-0.35669745701048455,0.014408982355637824,-0.24282463184439418,1.2420720697139518,0.252604501607717
TFC,-0.11161223711851886,-0.14335433160468358,-0.20071547674555212,-0.06901228994190878,-0.05588379480802075,0.1362699744071191,-1.436575574573428,0.012869618109034567,-0.14580169302902646,1.1858198586039204,0.25241157556270094
SOBO,-0.1099349411366346,-0.14261532670476584,-0.13058224792999185,-0.06891039748560635,0.0011120414366976306,0.0,-1.3793868461110796,0.011110610330670696,-0.13376088310092127,1.1741661532431518,0.25241157556270094
TNL,-0.06550583105184449,-0.17911520354075505,-0.3136050757793041,-0.08153721337954811,-0.10463500306656515,0.19933971822974172,-0.43731043305145423,0.011751427102157848,-0.19606607093535677,0.9809834790420804,0.252347266881029
CMI,-0.0778272048151889,-0.2507755555047746,-0.2960085294047716,-0.07800101822891292,-0.1275138161263335,0.30167032015506384,-0.583698849697382,0.015137524129722805,-0.2771749691915921,1.094849100235946,0.2522829581993569
PCG,-0.09467486269948533,-0.2865219201059719,-0.44206361225207835,-0.12322961510362751,-0.19980988575041692,0.7144817123598922,-0.4073251632149591,0.01902125645389178,-0.309008149392321,1.0146258542417146,0.2517684887459807
AXON,-0.1575649064020067,-0.2782695883744325,0.05598202254732665,-0.19399903583319955,-0.15218197174436,0.14231423174944988,-0.6604753593466793,0.03146670123005734,-0.449620760504281,1.2299268855012784,0.25112540192926047
OGS,-0.1012002485983109,-0.131124512955348,-0.3316538808054821,-0.05766054618062888,-0.09182220389013418,0.1725968743891049,-1.3519334522218287,0.0075637959721688445,-0.18518591113114724,1.2353137019353913,0.25106109324758846
FMS,-0.08262959755330146,-0.180600636557966,-0.22464892843103657,-0.08293219328376378,-0.06429773619350454,0.16666638781437806,-0.69064822651841,0.022930047967109582,-0.2003100091010518,1.1897851397300032,0.2510610932475884
AMRC,-0.0936334955687863,-0.14341190390957181,-0.34355005753357004,-0.08325817478288655,-0.2178627555927608,0.26410276599813276,-0.26199355766867066,0.033654588125150174,-0.5061299882594152,0.86675933444613,0.2510610932475884
TRIP,-0.056495380452663,-0.4451370238583452,-0.36471638790425254,-0.12031255419851183,-0.24620909913756106,0.4705887538517637,-0.13975052330315296,0.02759177093158624,-0.4856458890760367,1.0540346822558824,0.25093247588424433
CLYM,-0.2906484983403743,-0.20511474731163304,0.16283893902937274,-0.2049456997275224,0.113093227161152,0.09793817093628449,-1.2272130460960502,0.03483173065945869,-0.38004482483077096,1.0546287643798378,0.25061093247588423
HRI,-0.15699666795279865,-0.19824763679582014,0.06494101896831239,-0.16160538725646523,-0.11107016810032289,0.010143580551807762,-0.8478530938420159,0.035708782845406094,-0.30482360721670776,1.4214224315658546,0.24913183279742762
MRCY,-0.04922198270961542,-0.23918407515031403,-0.16080492244634192,-0.13261764640448181,-0.14316023323733562,0.045819172058074266,-0.1178933415435242,0.023591328315938697,-0.37469298200276535,0.8965909989503683,0.2490032154340836
SLM,-0.14717969142049792,-0.13012841959497,-0.08832270640105921,-0.11346448183642255,-0.0515475154779087,0.0036649057809644593,-1.3745155371376976,0.016017977242639175,-0.25461958221365677,1.01545699201336,0.24893890675241157
BKNG,-0.10841921576922264,-0.12804044722771435,-0.22327957131755383,-0.1378597468292304,-0.11143801503881656,0.22997990039494234,-0.6836167100042161,0.01904507054328776,-0.26481379119957726,1.2693898930309597,0.2479099678456592
NTR,-0.16973091323493672,-0.039802299486630055,-0.22497212290399926,-0.0690604338915185,-0.03176002084345331,0.0,-1.6425334087486076,0.016196548022470753,-0.17938343121498868,0.9736049781951076,0.24790996784565916
WYHG,-0.2903593545801668,-0.24588304703205943,0.8155024821589829,-0.27077310250526143,0.0343060034230227,0.03289730221622289,-0.2052777403953981,0.05182820147108883,-0.6596948028727038,0.04520602446232696,0.24771704180064308
VICI,-0.08613211398905252,-0.15777866505858895,-0.30753292295132173,-0.07069873522296355,-0.13241744666193056,0.18868529486546717,-1.1287511283381138,0.009571966876767498,-0.21955527215259274,1.0902897454476637,0.247524115755627
HBAN,-0.10355412263322628,-0.1774996672769108,-0.19701435540543444,-0.06662808384714525,-0.07334792605712903,0.12885736453057992,-1.0584149632099469,0.0167148520589599,-0.17975343213586292,1.2171291254789591,0.2473311897106109
PEP,-0.10787190408351699,-0.12231605302008008,-0.33246501383993066,-0.06459218126754185,-0.1250479284117143,0.185566823187322,-1.359260985273061,0.013467219532811187,-0.23803346774067113,1.2495834477209697,0.2472025723472669
ALV,-0.11990892580752421,-0.1306718686512105,-0.13574307148095377,-0.07099537756477148,-0.06026045899840604,0.0,-1.1615901605899936,0.01568647503157538,-0.15622709861842532,1.112118466454589,0.2472025723472669
RF,-0.12710898160889073,-0.16275217750000726,-0.1489707388632575,-0.08080153110706167,-0.04169759529842809,0.10660647158250944,-1.6810953587089663,0.012671862270034128,-0.15650026938021144,1.1344442957716407,0.24713826366559483
TNC,-0.06972321600088538,-0.26165032529645627,-0.2900242747052997,-0.05152733317022529,-0.12965146955888196,0.16140327394894996,-0.3394707157615907,0.01388219411554546,-0.2694825383992445,0.8405038695506472,0.24675241157556274
PNC,-0.12568204176549125,-0.1659792839021611,-0.14247187216684343,-0.08023510900682729,-0.02860990029365984,0.0847998046875,-2.0242637345754804,0.011331856679632383,-0.14449159320711036,1.1622441175025362,0.24649517684887462
PENN,-0.12746719727612832,-0.28796474959370144,-0.13914746328972138,-0.10954089408618595,-0.07876693328822981,0.2672412281134456,-0.9136777189550976,0.023791318106340983,-0.2996373443654058,1.166186236383223,0.2459807073954984
SGI,-0.08702632992358583,-0.1709739128872717,-0.34912538733871845,-0.037542716498287,-0.17303548312390538,0.09584900047203847,-0.52335145031625,0.018367348122465574,-0.35894090670379697,0.9396648092845133,0.2457877813504823
ESE,-0.06302652860336466,-0.2364462717554937,-0.3196085349394203,-0.07782970523759425,-0.09000260732880283,0.21134540206040986,-0.34734824658810565,0.016336588327135478,-0.2713049114703989,1.2728285738801732,0.2457877813504823
UE,-0.08456422495398652,-0.18397288267307488,-0.20938817047131952,-0.06454710857419954,-0.06934519255279226,0.08333171444163248,-1.2535949852476456,0.007207231540000101,-0.17419684602345098,1.059860823590719,0.24572347266881028
IRTC,-0.09844038652098852,-0.15589988865768512,-0.23934131125657976,-0.10375653028912157,-0.17131775937021032,0.2149342216665943,-0.5340859537821739,0.01674862720184098,-0.44409510261001484,0.8855274869342286,0.2456591639871383
TMDX,-0.10705886553368227,-0.005588708241203166,-0.46344640202229104,-0.08427362880291445,-0.20576661278342756,0.0,-0.5918662970203257,0.02599227058741072,-0.47796169072091743,0.9363796682397044,0.24559485530546624
CPRT,-0.14313079874203316,-0.04837025053973332,-0.31938670899058563,-0.09749442558318366,-0.17805558341402306,0.13013682523792408,-0.9775587777532698,0.02180124666974699,-0.4037368695756124,0.933825100287468,0.24553054662379417
OZK,-0.11533610461284294,-0.1599947282411145,-0.2030978630927427,-0.08643924319857221,-0.06856778788340856,0.19107142613858527,-1.376910363576516,0.015426874842586393,-0.15935202599656184,1.2588890739206746,0.24546623794212225
GNTX,-0.09379475334149767,-0.15389038894006446,-0.1813725442886358,-0.0695252609806638,-0.08433672645368007,0.032744861278816394,-0.901010749278294,0.010425162553454822,-0.19909991531515725,0.9501964194352278,0.24533762057877814
OTF,-0.11723770814238943,-0.08056451418184629,-0.2589072865015647,-0.09544225695236785,-0.12126300323421868,0.11341080029610924,-0.9827057306986365,0.011554701914390718,-0.28660773736189693,0.8573252021379572,0.24520900321543407
AXGN,-0.1676043322564994,-0.12795060073621645,-0.022412341152467263,-0.20304215057211927,-0.07565733940516095,0.007077826000422741,-0.9527082203043806,0.02567053060242643,-0.30195242741364037,1.1850406925299448,0.24463022508038584
BA,-0.09963731010385724,-0.15780632221085922,-0.27632598006913256,-0.09121070907433892,-0.1344345922186696,0.24111299520303384,-0.7017349981550435,0.022210222815682332,-0.24398171922592948,1.367378472248052,0.24443729903536976
UFO,-0.055129092931504364,-0.1253324578649414,-0.32758561429457966,-0.06351959803506779,-0.12066952407184472,0.0,-0.31356632207913426,0.015326626027850567,-0.3837274586354341,0.7566279988846981,0.2437299035369775
CAPR,-0.08827919322080235,-0.6629318289030737,-0.9016211798668571,0.02302461103902287,-0.6479800427075266,0.04069776790343051,-0.09329172200909015,0.05604969477844925,-0.7787209921364776,0.5420139335706545,0.2436012861736334
TDS,-0.13419797149694812,-0.03739983357113519,-0.4195107319882645,-0.047120715284143966,-0.16272748451470953,0.0,-0.9904187707720578,0.017399099978194395,-0.2935421383987592,1.2905896456538704,0.24347266881028937
EVC,-0.24359578197687526,-0.42997083884353327,0.9845618261128362,-0.1973491481864913,0.046661151784487265,0.050995669837742015,-1.2584853308319819,0.022085701902221807,-0.49391632848124545,0.8834372933547834,0.24263665594855305
HAPN,-0.12146585427525514,-0.2682644473570265,-0.12450324518520661,-0.1250064645823562,-0.12442985817782515,0.2072542521288439,-0.8932875188341405,0.01777693361058071,-0.29657088235203133,1.2227071206286069,0.24237942122186498
ASND,-0.14995946656200498,-0.17511702367570425,-0.1910034466050191,-0.06539476410461509,-0.025879997271056387,0.17333625766281519,-1.1179921802805477,0.031091817874438054,-0.1701782214278369,1.4633531910966633,0.24135048231511255
ATRO,-0.1541381187143549,-0.14828733757652368,-0.03909899887148449,-0.12673227737668658,-0.012472808312724237,0.0,-0.7208987523546724,0.025674697726963347,-0.3108613843877682,1.0449071572681141,0.24115755627009644
AROC,-0.09379771570653661,-0.24157691757177768,-0.29847224733405886,-0.05214653405125491,-0.09651561600517466,0.20382150129019405,-0.6613925229416602,0.020315897834225608,-0.27271018502466193,0.9696861314707885,0.24102893890675245
SRPT,-0.15934652186081777,-0.09257181284244742,-0.3083056542460857,-0.06223604572986563,-0.060551708402718285,0.15650981676775788,-0.7356621915928926,0.03177156890782266,-0.26891617823201186,0.8789456133997204,0.24057877813504822
FOUR,-0.11922313544213192,-0.2458937298090087,-0.26475657306495604,-0.09030589219815433,-0.18743752551045068,0.37268973814878265,-0.4354857899490969,0.02577827726728686,-0.5059846575832305,1.141655063786617,0.2401929260450161
NVO,-0.15564665203747374,-0.251126168024151,-0.1130307581060801,-0.11083966693771741,-0.1325696032978373,0.19249593793930464,-1.1439899612354731,0.02299798735589894,-0.36820896457647456,1.188232206597748,0.23980707395498393
COO,-0.02970943392712244,-0.28226395305269636,-0.39099272332722423,-0.1701848385423569,-0.23321247858258565,0.2270528418577394,0.006288557373766454,0.01628245750461942,-0.357092038891454,1.4747891730527505,0.23967845659163983
F,-0.15256599957655903,-0.15304756069541037,-0.12404917471063026,-0.09759669149903105,-0.08029000170469813,0.0694444738788494,-1.395271801368478,0.014855593054061443,-0.29375185725328157,0.969195529505571,0.23961414790996782
PHM,-0.06506120479584543,-0.13423270738573856,-0.21634409988567538,-0.08890037176189469,-0.0956983682855399,0.0,-0.40359665409346274,0.016222906710282394,-0.2083387779562309,1.0920165015788765,0.23929260450160772
GS,-0.14848427987875534,-0.17822667621302046,-0.15227523423043787,-0.08947921685275606,-0.055905242164727365,0.15879463333352553,-1.16641340655011,0.016439759665798033,-0.21549475284717667,1.105464236600013,0.23929260450160772
BOKF,-0.10033917756660427,-0.1274765109024798,-0.2060936456415592,-0.07612503832833883,-0.04499956246036263,0.03284677376128486,-1.529057900197237,0.010153457939101301,-0.13528640556014804,1.0579392407340191,0.23916398713826367
SEB,-0.0956281550051512,-0.18813035245459064,-0.45791412921943275,-0.04095063083141881,-0.16414214288969153,0.19107537228773722,-0.8215595433864092,0.018668516209645245,-0.3251183403559684,0.7532081828429024,0.2389067524115756
XPEV,-0.07155039929708651,-0.276722214424422,-0.5830888456140269,-0.0943137721737729,-0.35215662124993785,0.455479414025936,-0.3541916033610916,0.021561085291942884,-0.6467759148682415,0.9101194713765327,0.2387781350482315
KEEL,-0.1510873887383415,-0.348551948315866,0.2612891722593047,-0.14622785478429667,-0.1280850037339828,0.0,-0.3831096042004403,0.04461601219443193,-0.5457957710700455,0.8658957741813893,0.23852090032154338
NKE,-0.08137626449744195,-0.23971566437635194,-0.32077528881357054,-0.08443589815737851,-0.2637469878333999,0.2783025318551183,-0.6241525187088427,0.015048861699559817,-0.48477408940694156,1.5164605885630507,0.23845659163987137
CQQQ,-0.0778082919557449,-0.21811120859420474,-0.23162400436075603,-0.08722281392663245,-0.14270914735079554,0.1572578474336158,-0.6444811223674101,0.01425259957550039,-0.2553914259026303,1.0756346977648932,0.23813504823151127
GSK,-0.06130822944669134,-0.1424435743907263,-0.3364887866578743,-0.06633640372537442,-0.09750343761134295,0.020924534548210538,-0.4331901954244836,0.015096901605852303,-0.21757943737536556,1.126802485697744,0.2372347266881029
ABUS,-0.1974400619084138,-0.12908310063915607,-0.12455141729643038,-0.11739754459069796,-0.059199849469501964,0.08947369741930788,-1.4487466543768472,0.02424144839814137,-0.18295018430853083,1.7606110877789258,0.23562700964630223
KEY,-0.10891081953332482,-0.17169673390802875,-0.20086206849880883,-0.06760134993994105,-0.05765724358047675,0.09285698066766272,-1.353536335655748,0.013674451345964999,-0.1572828412618298,1.3392500507826723,0.23556270096463025
EFC,-0.12934240696540533,-0.1516889819913585,-0.1695537104963627,-0.08850763849124754,-0.0646628181958091,0.1065393015673808,-2.279214826625025,0.009753221871911119,-0.13464100691395775,1.3415991148724022,0.23556270096463025
MNKD,-0.17424736082376568,-0.23914148735304985,0.11038369778440993,-0.14916492866072162,-0.1723997513759341,0.0,-0.7944038843556134,0.04737186030200908,-0.477455738224541,1.1866080444215865,0.2342765273311897
WPC,-0.10643190087807153,-0.15630788672034335,-0.24332819901897051,-0.06879471679417204,-0.08326310188521269,0.11164428656307097,-1.6783089583759039,0.009294790144100827,-0.16201191216634558,1.2629040890443053,0.23331189710610936
JBTM,-0.08089268983287567,-0.27492713787320666,-0.3206802921916243,-0.07711823037924115,-0.2047655324689941,0.26607565621698614,-0.5067074151294955,0.01797789397122179,-0.36534110979011314,0.9471384038853369,0.2333118971061093
MMYT,-0.12620990011261757,-0.2648540388399393,-0.06584842946224634,-0.17365834041237327,-0.17072148017666822,0.14066881522308539,-0.6844774509466021,0.02258685277795768,-0.5300222289030032,1.4003161698777038,0.2332475884244373
SFBS,-0.12095313340363434,-0.1354349770462463,-0.16243684530489622,-0.09432976839016283,-0.047164623200079525,0.03671982093641291,-1.564757793120209,0.011473090126697984,-0.15857078786817924,1.2754533265929622,0.23241157556270092
MIRM,-0.1624426855444705,-0.3087403270399668,-0.2349302234677505,-0.08271718908465742,-0.11320135451580593,0.41287695232778404,-1.0225026184434647,0.028945135289988693,-0.3207591439982417,1.2760531620948041,0.23234726688102897
NHI,-0.09114337911681758,-0.17347171112075044,-0.38052527931071334,-0.06510411371816927,-0.13602102713622288,0.19539731336263408,-0.9428320690146988,0.010570296351997178,-0.2584784574964467,1.1012889066246112,0.2322829581993569
KC,-0.09408414826792233,-0.150155231467607,-0.5387611679257133,-0.11339373517553664,-0.24270270366856184,0.34640552208347203,-0.33371725458614815,0.031243493533258008,-0.4909389937494265,0.8494181888841624,0.23221864951768487
FCN,-0.11959691966916142,-0.19524873401562748,-0.3755119045919513,-0.06801811038418781,-0.15199566002616283,0.31651178612280295,-1.0448422785492877,0.02417303656252982,-0.2679783748292228,1.234257859739878,0.23202572347266887
BKU,-0.093542810268055,-0.15940499201512504,-0.23902698194446104,-0.06528433276947243,-0.08303023602835924,0.04669219693933591,-1.1297009415216999,0.008979882140679603,-0.157493717997633,1.1919050639382234,0.2319614147909968
ESAB,-0.05917152310348095,-0.26652553201153917,-0.48953136077199,-0.1135591289016884,-0.30502221548799135,0.3334400515732229,-0.2011095087970907,0.03429865981273475,-0.4998267563828823,1.3356651667381954,0.23131832797427648
AMX,-0.09464594636245838,-0.2121362164165378,-0.35745867582505986,-0.07109769678703082,-0.11022359213531352,0.2530363121934344,-1.0486371517764672,0.018030622067608693,-0.22123573600069724,1.0270622199562096,0.23086816720257236
PRCT,-0.11938657519938856,-0.18067218004728192,-0.3641156856522557,-0.0792077775541502,-0.24814426867844597,0.3162498474121094,-0.5344207432471124,0.03330309912518819,-0.5051420982445063,0.9405750003881196,0.2305466237942122
MWA,-0.11107259486756249,-0.15466176216191985,-0.4147922907526791,-0.08383115214249237,-0.16117323592846589,0.2934787341011102,-1.1174131033767458,0.015003197694211098,-0.27904244099622644,1.3106110188949376,0.23041800643086816
MZTI,-0.050995802886200314,-0.16305811548388016,-0.4389636284454721,-0.06876366484965157,-0.21785332338108743,0.044622405653789214,-0.22191304982276264,0.013456922732112556,-0.41402589936601075,1.1856422383933545,0.22977491961414792
EEFT,-0.12376054601560948,-0.21658032587222587,-0.2164676857542872,-0.07054203503550838,-0.10013888501326107,0.18421012430935008,-0.8128710498790519,0.013379027329236444,-0.28040849105699217,0.9574155430235233,0.22919614147909967
TCBI,-0.09835479771919586,-0.1521430662900196,-0.2515413429600556,-0.06340643463024542,-0.0754264513550793,0.04171515354726731,-1.2306913308131318,0.0098235586064139,-0.1542367452386828,1.1881461367906716,0.22855305466237943
NCRA,-0.15410379023258614,0.06648422419753386,-0.8935320547407559,-0.1615226314673749,-0.7883034409062264,0.0434782233114996,-0.14957685935628268,0.05563099753049891,-0.9724196271181736,0.039195931804139085,0.22816720257234727
SF,-0.14501687941263508,-0.10009546870518415,-0.23041669178133684,-0.09571520774029707,-0.08383271163968442,0.10399034656068548,-1.7422633082814964,0.012234674366105326,-0.19458285199727066,1.1963456834863497,0.22790996784565914
ARGX,-0.1947704095123205,-0.10388279554746493,-0.12388728866921128,-0.14006822678293596,-0.03475731267074411,0.02094400850095546,-1.113665084703297,0.028845436853165016,-0.22340163575828897,1.2567154363511557,0.2277813504823151
ENPH,-0.15849998693282275,-0.29595895479697665,-0.12180376181180907,-0.12202106110172717,-0.22073798647608311,0.21170382986322903,-0.8367915217944698,0.022737487642175196,-0.5556477453889789,1.0470377590867552,0.22739549839228296
OI,-0.11264998865291886,-0.40850514293929885,-0.5867417672684601,-0.07585997481309137,-0.40155241907770334,0.605882263843566,-0.4430539267060133,0.0231461844910323,-0.6340949882605725,1.0801359864065274,0.22736334405144695
ADC,-0.10314831311385475,-0.19317749327703126,-0.28911844344435267,-0.06938741553238781,-0.10288009528352993,0.18297633773981972,-1.6096318940960554,0.009544439657039938,-0.17698883876015636,1.1357576021213658,0.2272025723472669
JBHT,-0.16922987334895956,-0.22593152300857822,-0.13270982894777705,-0.0974847554642998,-0.05321360696146593,0.1531997263619164,-1.1427246732950178,0.03371244351660017,-0.2257328899467047,1.179422341333828,0.2272025723472669
NEXT,-0.16995245117715696,-0.2335357555433355,-0.2769306481137934,-0.05230964650372816,-0.040031430079364716,0.26363635181395373,-0.9289873668647038,0.02156539336805481,-0.27631579084959934,0.9998536307475473,0.22707395498392283
PRMB,-0.09537973072244477,-0.23003039673696146,-0.1618670200424741,-0.11351298366436302,-0.08638361536248573,0.10465135878653571,-0.5982908138510507,0.01808247060068772,-0.23886153604509086,1.0353160658612726,0.22707395498392283
MHO,-0.11082175224176516,-0.16661483878066818,-0.12164670908426722,-0.11203172818764418,-0.07418130845444315,0.0,-0.9972690298388791,0.014320076425383637,-0.21521473515984468,0.9595796381609352,0.2270096463022508
FUL,-0.07004132141769659,-0.15359873237059785,-0.36725130263334094,-0.09071246027293711,-0.15617203169736804,0.13823559110951542,-0.4768850407823112,0.012112871359592575,-0.2587235133657929,1.3913728897715987,0.22694533762057878
NRGV,-0.25491340725462286,-0.049958029194550724,-0.15072842744052672,-0.14374128627332872,-0.20280785003455837,0.0,-0.7968031000243777,0.04434196525866785,-0.49691830199531006,0.908933721676512,0.22688102893890677
FND,-0.05391700497464147,-0.2094202561398849,-0.2666197863923513,-0.11155540079791326,-0.184726209973344,0.07777747165996622,-0.18868092488341906,0.022160410836935405,-0.40287019508655053,1.0355844597449098,0.22675241157556272
CBU,-0.09048088129159826,-0.17168523219658482,-0.20178224606909656,-0.06299251982007792,-0.055737034465214164,0.0,-1.1490250149392824,0.008902070750539835,-0.16979954876186787,1.2471704719724925,0.2265594855305466
NNN,-0.11049344149270202,-0.17947242950989384,-0.21242069181881018,-0.08265226105446899,-0.07180752714593219,0.12755107998801093,-1.6766307165324292,0.011814600598310014,-0.17591612787640432,1.4515099312151056,0.2261736334405145
BRSL,-0.10690186245236322,-0.11401560154137491,-0.3149704048768064,-0.08369429123978689,-0.16387284203698926,0.11052685999154743,-0.7102070795614972,0.017307691858792527,-0.377945113606988,1.171000949687122,0.22578778135048233
DNLI,-0.12554131945931324,-0.3110526378681957,-0.1452419120001982,-0.13584599839034794,-0.08280889408396541,0.23720123632632975,-0.7017846063917784,0.027172397693852553,-0.2883131046421544,1.209756810823164,0.22533762057877813
WINA,-0.0843907027654881,-0.28180701946121955,-0.48806289797411107,-0.09060236135584443,-0.24098578643468793,0.3864303632126583,-0.5364413875649442,0.015358570188885616,-0.3863339102875556,1.5201357871974768,0.22495176848874596
Z,-0.105967886481807,-0.1448755784777903,-0.4276572346373353,-0.10752351277417971,-0.3077255007147288,0.29090907371286306,-0.49538271529741523,0.030122095348722754,-0.6298052402521142,1.1456173619218586,0.2247588424437299
BRUN,-0.2291112743607111,-0.5287300273474886,0.006788713198247809,-0.2526616025506617,-0.2801682201192611,0.210831563409749,-0.5349459301288625,0.07313449613418843,-0.6635204254165878,1.180982666474665,0.22463022508038585
GBCI,-0.08767599378830715,-0.20577667903014696,-0.24689749285767515,-0.06654214330249164,-0.08669864742944777,0.07081127306477693,-0.9905428318361711,0.00846444625614708,-0.20562254248684297,1.046504081283394,0.22443729903536974
SOFI,-0.1138295951481535,-0.1722544704801361,-0.17969745233232726,-0.09302073179158321,-0.15521998234834566,0.08088233575413901,-0.5717148168522189,0.016777325543850394,-0.5102452633680805,0.8582337402109591,0.22424437299035369
NXE,-0.16218148712720437,-0.058452568534595684,-0.37394793763722856,-0.10857042009977314,-0.18662078123787929,0.14999974324156787,-0.9750244382762958,0.026796559142935175,-0.3631465716573201,0.9440060142786864,0.22385852090032157
CHWY,-0.1364725642200354,-0.11494789093296098,-0.40474137990149484,-0.1248357473793521,-0.21923473706764363,0.30991726417979304,-0.785258976144642,0.023780388433981742,-0.5182771005140578,1.159108619902536,0.22385852090032157
SERV,-0.039497631919467646,-0.2858825797054241,-0.6219958618938823,-0.08064310981819334,-0.45006307847841653,0.1525425920537937,-0.04473041174899165,0.030004191816327984,-0.7522624412422276,0.7681040085809583,0.22372990353697747
MC,-0.14149842448414773,-0.1356202611613676,-0.22809421719722922,-0.10314644193737788,-0.11227930324184221,0.1599102801511445,-1.0407333920507302,0.014426131273027921,-0.24322122335048935,1.0628655679260506,0.2235369774919614
WXM,-0.2114311211617037,0.08853472286432296,-0.4552622404003799,-0.1826113506091337,-0.24818942536736233,0.018433492125866636,-0.2753786839505416,0.03986774962981798,-0.9059146015369972,0.019739466172228534,0.2235369774919614
IP,-0.08746162544740832,-0.15848822781305272,-0.2429174730543605,-0.12826258661131074,-0.12915522824165804,0.13239060937101615,-0.47506209707793534,0.01791575517314325,-0.31851529665726686,1.1265295525090433,0.22353697749196139
LAZ,-0.15464182194441678,-0.13949317721852028,-0.34896854729261073,-0.09888882972401092,-0.17627180885643712,0.3116588533848574,-1.1019181650795427,0.02119420971103585,-0.34214473045872185,1.2095713019558487,0.22327974276527335
FCUV,-0.2713898829472343,0.37797969109678675,-0.8110569810753336,-0.4281971098375287,-0.6626331557784585,0.031007723283626446,-0.07882231890450062,0.05265219222052386,-0.9785348354368497,0.019699371453186516,0.22270096463022507
MCD,-0.09794405376082493,-0.17061078520676742,-0.36955113834545494,-0.07399456546582528,-0.17036171589190363,0.19128488134722393,-1.1024380393918845,0.015112137020032567,-0.29456500884545767,1.2848962276153462,0.22244372990353697
VSEC,-0.13203628123333488,-0.1987392013924263,-0.3568586147246172,-0.1332015399249048,-0.12785604165750375,0.45847337128802335,-0.67082068597041,0.02866515994569161,-0.28918182043222584,1.1482010530509095,0.2221864951768489
T,-0.16684703748156438,-0.018461315528016886,-0.30719616016674156,-0.11601742860113118,-0.11038241644965041,0.0,-1.4059512323408938,0.027631328874725067,-0.22355759082483107,0.8521706655764202,0.22135048231511253
KGS,-0.16948784497790081,-0.22805289931183426,-0.2541144588062557,-0.07888493867557544,-0.06972465349913137,0.29512915592985983,-0.9757680607479733,0.032156606234140316,-0.2891500965943633,1.1204700080005672,0.2207073954983923
ALSN,-0.16264169233337422,-0.08590866486555004,-0.2869224953231445,-0.08853262726832734,-0.057490002137421836,0.10917941548640052,-1.3878480569288625,0.017724811562402656,-0.18231763777791354,1.0485637422586322,0.22038585209003214
MGY,-0.15517710263810935,-0.12774258969970087,-0.33072571505720816,-0.060341091632387656,-0.08744501438898966,0.14920971300431188,-1.063843598162844,0.025343721836495286,-0.2409165186085097,0.9952982739127026,0.2202572347266881
JLL,-0.14881354256001444,-0.1053815209615635,-0.2028695790436471,-0.13423763341985684,-0.07680827534059176,0.10663258034052917,-1.2676002878034343,0.012862308129324275,-0.23200693220380197,1.178600031016076,0.2192926045016077
IMVT,-0.23281005574984448,-0.2570880018154019,0.08814593347211952,-0.2085731553487653,-0.04614311974760876,0.01756745506325052,-2.023674207365712,0.024180146458698818,-0.3240658361102169,1.2911476848506251,0.2192282958199357
ROL,-0.10307524069164353,-0.3253920789360021,-0.5563553627062932,-0.07067705353573972,-0.3402552804044978,0.419928532132541,-0.7727268194904207,0.024262868801449552,-0.5058832586369562,1.3553705263597062,0.21877813504823154
CGEM,-0.2911621708300678,-0.17358486816722707,-0.08451807425766744,-0.19448150849493318,0.001632265797666621,0.13935571956794016,-1.288727503162067,0.059725225634647806,-0.32352945087476237,1.522895364329641,0.21813504823151125
ADVB,-0.3863801196541966,0.0752877539314658,-0.28862585766452686,-0.26807660453597937,-0.07428613637560133,0.0,-0.4686464578667495,0.04778575089924069,-0.6996838805722367,0.011748914422117647,0.21749196141479094
KRG,-0.10886789730055213,-0.20176173921140717,-0.20483237134144772,-0.07247598852492454,-0.07122672551588494,0.07268761332757488,-1.8113803790620884,0.0075076718501945775,-0.19829027902470864,0.9168438277390022,0.21717041800643083
COLL,-0.05924367171561651,-0.40307151056433477,-0.5246896234655404,-0.12287614427050753,-0.36531696038725314,0.3606558145933912,-0.1916252557897542,0.014343383533821651,-0.5533707832919016,1.1118148937690195,0.2170418006430868
MP,-0.12865521195246366,-0.10740981810368189,-0.3144635558388855,-0.10291999186832446,-0.18173148689690966,0.15151486303810344,-0.5369219962583517,0.03009329905839653,-0.5308667200866062,0.8624685102319968,0.2167202572347267
ALG,-0.11455829358914826,-0.09604038418335181,-0.282636914447035,-0.06803276854069917,-0.10239698039064205,0.0,-1.1113037021609986,0.015006530666767475,-0.2958849811246448,1.247412502780085,0.21646302250803856
NUVB,-0.23665806329280614,-0.1784077892602769,-0.06856650121486041,-0.193039231257635,-0.12153557134614534,0.10080647021997578,-1.3016170341071855,0.029910312884839797,-0.47746329628431894,1.0260829008685004,0.21633440514469454
WFRD,-0.16267651054226429,-0.07718140300310428,-0.38874187420851214,-0.10971524324121928,-0.15901055582424584,0.17948722310489948,-1.108465301400586,0.023175526033322114,-0.2974697351863147,0.9283608865934581,0.21620578778135044
LAD,-0.2409217266420407,-0.13147583768980597,-0.08967446436319171,-0.16804977145658462,-0.06716067189964137,0.023525328964030697,-1.3543463438879548,0.025065331756116718,-0.32248412410278327,1.139648769280581,0.21594855305466237
ATMU,-0.07625271221254082,-0.19586939291989125,-0.46505450954862304,-0.08705051429951183,-0.19211991975977738,0.19943893968601625,-0.4617403315390611,0.017876279476497392,-0.3376311375119675,1.1695878532296733,0.21549839228295817
FAF,-0.15515298096880936,-0.15307171427764898,-0.16001754763564557,-0.11711252357402968,-0.06741813872935887,0.08435079284648904,-1.2655254278874146,0.02002428964093174,-0.21294236322312265,1.2472786443811679,0.2152411575562701
LGIH,-0.117203559407005,-0.2723627550383749,-0.033394318739466744,-0.16483110711462212,-0.11885984737943744,0.0,-0.6098435970418783,0.02776250048239843,-0.3244987705364447,1.040922379115232,0.2134405144694534
GPRE,-0.0936812605216234,-0.21220329018856687,-0.20872968239407597,-0.0590746667753711,-0.038824925097539986,0.0,-0.39683216991873804,0.016651463191142097,-0.2527300973670257,0.9215514612704315,0.2134405144694534
SGML,-0.10393344724292874,-0.23943329737756425,-0.5239793978751416,-0.1272625324285842,-0.30041877880098466,0.44320709856575025,-0.32539479700168766,0.05245966438476927,-0.6054968256153457,1.2753051904312833,0.21273311897106106
BMRN,-0.19133934263100383,-0.11381198244186996,-0.1441932070584664,-0.1341779771474081,-0.06333438763380927,0.00694460081459651,-1.850230509056539,0.012703152382772238,-0.21739745312467929,1.0573924506720147,0.21215434083601287
EMN,-0.09987190570163251,-0.09558380955057544,-0.2855764841068251,-0.08907517232162321,-0.09713990543489504,0.0,-0.9716480382699769,0.012878379530117884,-0.19952808957531265,1.1533879795018194,0.21183279742765274
AKR,-0.1054002594310024,-0.17886593805736228,-0.2549896046511443,-0.08427149830679548,-0.10539285367031426,0.10107373351558487,-1.4126930799804858,0.006942751867815492,-0.18895469454240643,0.9242096241493798,0.21157556270096464
SGHC,-0.1964721534283944,-0.2924958123597541,-0.03624509089113248,-0.1212118473894157,-0.0635070632208552,0.030953386898886562,-1.6516672204893539,0.014405691596344333,-0.27033810004474257,1.1260796723216913,0.2104823151125402
CIGI,-0.07930192673542469,-0.14522440696338357,-0.37065671574708026,-0.10389488088597187,-0.1987884422089018,0.10529594430168043,-0.4651389513406193,0.015474480552214856,-0.4863101345634807,1.0994487473883539,0.21022508038585214
WERN,-0.1728144417064168,-0.2917112125109721,-0.12173224423182938,-0.09833335153379819,-0.08212327410926079,0.12276153511861054,-1.2956353518681234,0.020268825098502027,-0.3001464888909622,0.8152349908509969,0.21022508038585208
FISV,-0.10218304198302441,-0.15490329194633268,-0.3424922272487827,-0.09518311480002406,-0.1916783416364457,0.159878942356654,-0.6791954125807511,0.016402428716095447,-0.6410621318134355,0.9480571397091001,0.21022508038585208
HOV,-0.09567868458607509,-0.19718770861102375,-0.13983387724491303,-0.13160276318053898,-0.10367226779999938,0.0,-0.4512349127529149,0.022696955210462357,-0.2822771986746002,0.8078872064374217,0.21003215434083602
ASM,-0.2453354733498725,-0.06849162715757584,-0.3582280879948142,-0.14929232366006429,-0.20010300757944166,0.23076929346973327,-1.0813539060460724,0.032610866445849186,-0.5026690154432456,0.7763734211916616,0.20996784565916396
TRU,-0.18223475153005786,-0.18462657199345212,-0.18742072237752527,-0.14204028927853485,-0.1261925262812842,0.23433071890553747,-1.3099496347210653,0.024030517984524158,-0.25435689999747246,1.2429049691022351,0.20964630225080386
WU,-0.10913090570423811,-0.23576796192687788,-0.4142564938368357,-0.07396811560045291,-0.2162938619749586,0.2588807624030245,-0.5095443624759051,0.02126330103422296,-0.34631366853271217,0.9288125052614612,0.20938906752411574
O,-0.11574606108762742,-0.1858960297070581,-0.27887437742069243,-0.08268942393616996,-0.10256425486888421,0.15459491923058413,-1.949320948868763,0.010154000633342685,-0.17219761937293543,1.4348207254401044,0.20919614147909965
HIVE,-0.20268870416178053,-0.2664972632397218,0.03764163906865425,-0.15790551191421787,-0.14586697756189948,0.0,-0.6520544368207747,0.04046709077906697,-0.6443965673753773,0.6712788316888957,0.20874598070739553
XPON,-0.24528413586429354,-0.01951796248118942,-0.6671431579376199,-0.1418632204505098,-0.4068314371930182,0.1551723174051119,-0.30450829969137766,0.060332993535739704,-0.7990631325792534,0.037289472102569866,0.20868167202572346
CECO,-0.15685718989061537,-0.23820789177084822,-0.12704422853508968,-0.09078608962443124,-0.08903360631246748,0.031312904011368575,-0.6936699140769199,0.038019253150008425,-0.3392194058364908,0.9512387225254355,0.20855305466237942
BBW,-0.11137530954861241,-0.2720004172645869,-0.4522191676351951,-0.1596538620394774,-0.3506587058603975,0.5365678336639715,-0.41622359326666936,0.026808642437686863,-0.63063734417769,0.8892567983171775,0.20842443729903537
KGC,-0.208982290076826,-0.028865510139477246,-0.4466022357245014,-0.1390303278229993,-0.188669469499529,0.10597808622459028,-1.1603619259789184,0.03238800097713021,-0.37327960914252856,0.9724725662180427,0.2082315112540193
NBHC,-0.11704874500082363,-0.18550252873677897,-0.22841365703883243,-0.07523040848681528,-0.07210348734530392,0.0668317813310269,-1.6188260851609395,0.009670162837947568,-0.18718733366857532,1.2291937609162698,0.20784565916398715
UHAL-B,-0.1364303985573182,-0.20086065344386994,-0.08763422590534997,-0.14470012176848346,-0.03980110770160772,0.0,-1.773056297936151,0.011237868744487954,-0.2384194837969873,0.961051059219474,0.20739549839228294
ANRO,-0.2638759094545686,-0.17596616486388972,-0.0861955185155483,-0.2048159698202926,0.018590261434620947,0.09374992695509082,-1.5398821664340128,0.029465162018394362,-0.33719977478293495,1.1969241593860325,0.20623794212218655
CGON,-0.13787843098321761,-0.15594550370770166,-0.20300072354314413,-0.12306078591709835,-0.004525070619123772,0.11877746996857141,-0.7877793545423397,0.03318235770408082,-0.20345811667621283,1.2296645447155996,0.20604501607717043
MLM,-0.0744306043275661,-0.1972741327470814,-0.38929486159422844,-0.06396178405448116,-0.17791513898371858,0.04892035786815961,-0.5576743871600102,0.013132965625901872,-0.31870946810239154,1.210713946005359,0.20572347266881028
LHX,-0.07729327797271468,-0.21839845740993424,-0.47681044131943795,-0.08441280247350591,-0.22888788322398712,0.18147256673156037,-0.5706743414995035,0.009836919384120929,-0.3667699230156818,0.9749978512506325,0.20565916398713827
DYN,-0.12355319515275665,-0.33571798741934034,-0.2579902749667494,-0.22598252592317702,-0.14441378847842856,0.4533131989361363,-0.6267357270151626,0.02888443233499091,-0.37621361107595475,1.1320301705056697,0.2051446945337621
QURE,-0.5195416674972245,-0.4895612310480457,0.32498091243364957,-0.4531994748205881,-0.23519389732264961,0.007915497569765855,-1.9136054797308792,0.08721852273427474,-0.6781413728285028,1.758995169492039,0.205016077170418
ENLT,-0.11940287198593669,-0.22984424853273988,-0.24878985338251347,-0.11728955760060933,-0.11767556278893865,0.207959929338869,-0.5735533492598388,0.027399138806708974,-0.3726494085052906,1.0486601342697992,0.205016077170418
TXT,-0.09220578830168646,-0.21135091100682346,-0.3389935332180073,-0.08838613265650608,-0.16731985500318636,0.1598986491719982,-0.8084540875227055,0.012486464917681695,-0.26227183272056376,1.0837149703988305,0.20469453376205787
NLR,-0.15163940185158853,-0.09652443383776699,-0.39504097598319743,-0.0851341761744715,-0.19461090716684049,0.12225766307731678,-1.0252986253836889,0.0237253512358977,-0.3700188226085187,1.04638255339381,0.20411575562700968
RGTI,-0.10465631096924499,-0.12862229873633524,-0.19619956485056822,-0.13126637860232726,-0.22427707064726865,0.0,-0.3398879252420244,0.029528387863124027,-0.7508874723216089,0.849421956598378,0.20334405144694534
CWK,-0.11246678941292598,-0.16848536872224418,-0.27177808171838724,-0.11807488971240332,-0.15243744653838576,0.1486488750505834,-0.633758962505904,0.020917464599526887,-0.32325582401116726,1.2027599315428066,0.20295819935691317
GRBK,-0.09585528792133247,-0.16496015423857413,-0.21461356889598981,-0.09131765877668296,-0.09634424186634016,0.0,-0.8450803573158016,0.01680469547782358,-0.21721054782065707,1.2290232167016295,0.20160771704180064
ENOV,-0.06168093418060816,-0.3629307518411684,-0.4219182643095497,-0.18723829194010633,-0.24332825051893048,0.3214275442285306,-0.1556752466050138,0.026723902094344495,-0.45740798101541047,1.2083257576974769,0.20057877813504824
SPHL,-0.072288929152166,-0.2607893533489565,-0.2977846284590514,-0.09023012073852432,-0.23290278569047562,0.0967740943106922,-0.15987384071433414,0.09531359829878817,-0.8684663996597667,2.9658228015192507,0.20038585209003218
ALGN,-0.08730831848193321,-0.2552171610372558,-0.3312503393524602,-0.0945052834973672,-0.16297669482688104,0.16989561031185013,-0.6012865850270895,0.019082289402690505,-0.2802896164752591,1.057119396759414,0.1996784565916399
RUSHA,-0.10328452230559182,-0.14909846679133498,-0.20517066025226094,-0.1084800108604036,-0.044199723836202076,0.0,-0.8932002931964318,0.014304981420749667,-0.18790548065278767,1.0614612864458877,0.1994855305466238
LEU,-0.16599553854777427,-0.123508274697537,-0.3863894212236424,-0.13975651524981458,-0.27612774710856713,0.2649724371264413,-0.6264712904687703,0.040082989106445,-0.6711314140109841,1.083742726839235,0.19929260450160774
UCTT,-0.07663085808735182,-0.3518249248230102,-0.257327454774,-0.10699829036473718,-0.06938144017725012,0.14188301458304847,-0.17586472978697323,0.03875352815732149,-0.5241952243274265,0.8770138167108822,0.1987138263665595
BYD,-0.12456783999967469,-0.2347263355192184,-0.3497968244919244,-0.10032051702273392,-0.16411246039609384,0.2761944765452322,-1.3959881861555714,0.014383433646800578,-0.2411294866998982,1.1640870511185974,0.1985209003215434
KAI,-0.11782518171724521,-0.146483767330007,-0.34674666792444275,-0.11305990205107297,-0.1536054367896944,0.1639830388566271,-0.894590080876305,0.014121323298395737,-0.2461584907840504,1.1447298253227152,0.19826366559485534
LII,-0.06598801334761073,-0.39034537354425614,-0.4393566789085235,-0.07565703676122104,-0.25435742275115614,0.17302412030583364,-0.2482530737985305,0.013081510062437048,-0.3727602358741654,0.9135193081997206,0.1982636655948553
WDC,-0.17856144189358114,-0.3353373051653924,-0.008249030133650415,-0.14160329257466797,-0.032110813317291154,0.0,-0.6402538654425068,0.03980041423864619,-0.4736393895490115,1.1401841820981757,0.1978135048231511
XAR,-0.09615973775078279,-0.17707209752942787,-0.29854942349789826,-0.11081374320488835,-0.14476406528006536,0.10762903193787482,-0.9111038298921549,0.010554427646029487,-0.22966020856100322,1.3859280149654551,0.19742765273311896
LINC,-0.07884813103777055,-0.6116928465335725,-0.5844697326247245,-0.14517315041557333,-0.3573122160354113,0.42783510475917996,-0.23894159729136216,0.020996040863756907,-0.5833333219148191,0.763072602002404,0.19524115755627008
ANDE,-0.12968126709055827,-0.17664061801849695,-0.28085879053843144,-0.04602867677691058,-0.05102140614353423,0.0,-0.9068220648682933,0.015210970999530561,-0.19936813971406364,0.9626993582992289,0.19446945337620578
SBUX,-0.10674296473014333,-0.1836254872075832,-0.192461462176291,-0.09400109079027164,-0.06576666809326948,0.0,-1.280536835964757,0.011764757872648876,-0.15522164871859012,1.1802971221222722,0.19440514469453374
BNL,-0.12600746720312883,-0.1960438437737586,-0.207037211096748,-0.08180180192194697,-0.05318020425609249,0.022667874351751972,-1.7724352112526465,0.010407857840240996,-0.1870332103051845,1.022166003824708,0.19401929260450163
DJT,-0.11302183618119921,-0.09693676815827101,-0.2944347277068535,-0.10712304549704232,-0.18201756078315134,0.0,-0.4884120725507542,0.022529644517693292,-0.5281194815944765,0.78523756554754,0.19395498392282956
GIS,-0.1344522595809351,-0.16203134948603348,-0.2312808939882416,-0.12226692701088882,-0.14460899304227604,0.10700408669750831,-1.1295268237855116,0.018781119726011868,-0.3199148045596888,1.1676493792287455,0.19389067524115758
AEVA,-0.10927220122760528,-0.30923858911649915,-0.11930343575649371,-0.19803201581253593,-0.20319876407132587,0.05181366096241041,-0.25569481225973745,0.033114672912041614,-0.5291908661381225,0.877945098882262,0.19369774919614144
TAN,-0.10356865417949579,-0.2215686277367661,-0.3628289371150286,-0.08536659582621853,-0.20368861768300384,0.16183265916339865,-0.7368951562737213,0.02061992786918127,-0.4102475471749517,0.7727014155997003,0.19299035369774922
SLGN,-0.11069161196459831,-0.24896254002342078,-0.2878524365862396,-0.09509595627484224,-0.13924457354787212,0.16978885161543925,-0.7689763641594851,0.015236174352938609,-0.26294334974881417,1.0229857436558598,0.1927331189710611
HYMC,-0.13610472966068643,-0.10599125731028758,-0.6421288939271019,-0.15684903646910597,-0.37992689987668304,0.24735723419209696,-0.42533956870835715,0.045586920457867365,-0.6567994512968088,1.1312766930288545,0.19228295819935695
CG,-0.1335358320810175,-0.1609292313006615,-0.32350393427824176,-0.13415337581807374,-0.20376832840988124,0.20646809366693902,-1.033773151790415,0.014738328603759959,-0.40342508137450517,0.9876412121890378,0.19228295819935692
LULU,-0.05790447417729805,-0.25915065305967266,-0.5772591481876697,-0.13896463101752243,-0.3365947264163677,0.1974685875132951,-0.19294093515676108,0.019181759560854057,-0.5635538304168135,1.0418728044885712,0.19209003215434084
COGT,-0.12610520148919135,-0.21961501588665888,-0.30486048368354757,-0.12029320782462805,-0.1475096096479367,0.22222215858029107,-0.748483436898471,0.02022914716296113,-0.2805789079120151,1.1459433665673062,0.19170418006430867
FIS,-0.13667165343010046,-0.22127031699658284,-0.34937032328426065,-0.11761566768378473,-0.24433667996566355,0.27787469587102337,-1.0398048940590148,0.01659667190756277,-0.48468238967774246,1.0564152047361173,0.1910610932475884
PIPR,-0.16853750105839105,-0.1285465143479817,-0.36224535310748174,-0.10092041064857638,-0.1613348514540044,0.16682007494386944,-1.4167213341399676,0.026330072891862875,-0.28898816513245595,1.3583424667297412,0.19028938906752413
DX,-0.15638524939874565,-0.17418974085148398,-0.26275465959064237,-0.1096957777701093,-0.123425513932653,0.1529887467129279,-2.4698194947934913,0.013717736024466862,-0.18436705467579462,1.2854365985768725,0.18996784565916397
UVV,-0.10390918829498652,-0.21850678982189675,-0.34067201029247285,-0.07279446771057696,-0.1668749132943128,0.10086418898046368,-1.0271117021580265,0.010684977134753708,-0.26215310959893745,1.1437009193383054,0.18990353697749196
ACM,-0.09198386582865148,-0.1830115860699747,-0.44304702852021793,-0.08642295859723836,-0.24896377430286643,0.11708887882903274,-0.5001800851578848,0.020313061429298427,-0.5557429916068696,0.8197411757836217,0.18983922829581995
AVAV,-0.10034664662099957,-0.07769080925147631,-0.3911338254182638,-0.12897470367528918,-0.31178724358809995,0.0,-0.4186364812568641,0.02504021726889465,-0.6662274656127132,0.9612108715058245,0.18971061093247588
JEF,-0.20215196640968058,-0.18668505859980344,-0.16128326598405762,-0.12498536177711683,-0.13474477334865187,0.08892598334077925,-2.0570757155537263,0.016200032312743494,-0.3104832469992701,1.3101678093147033,0.18932475884244374
CSIQ,-0.16590446141097537,-0.2775934572041323,-0.26033819528070756,-0.1496123365631813,-0.31133874126792527,0.33399223565784875,-0.7595600057793748,0.03976022027659111,-0.6645324678658917,0.9207246274501516,0.18932475884244374
APAM,-0.1818333082788327,-0.1061180511794344,-0.19989978478286208,-0.14227602223691038,-0.10675869506536839,0.010415911260608384,-1.6937052500840266,0.015074702104205905,-0.22800185385198768,1.2110909556073957,0.1892604501607717
BKSY,-0.028520111985383734,-0.24489088950891025,-0.5432990740311725,-0.13770216301371885,-0.2477557176488686,0.0,0.00926672454680875,0.036914347356188065,-0.5973271259843829,0.9612937136066055,0.18919614147909966
ERY,-0.05340342027828493,-0.29888155375029857,-0.4288176727105998,-0.08837816477276916,-0.2881832807535585,0.06251096287693138,-0.19216081447331168,0.028016027243708354,-0.6121516482257077,2.2215020601300615,0.18881028938906752
MTX,-0.10679467712281954,-0.15255704652803803,-0.27131202017596656,-0.08410642556490289,-0.10066486082867643,0.0,-1.1917750631313628,0.010445092629608098,-0.22347923897364408,0.8896052839908396,0.18861736334405144
URA,-0.16555901875177226,-0.0865636842126788,-0.38852596335484335,-0.10126685749848607,-0.1891255631039639,0.06949744680412341,-1.0632001704267378,0.024334711474156306,-0.3703284694349934,1.0046116558735303,0.18810289389067522
PONY,-0.11264998865291886,-0.13279277328022676,-0.5157559526781248,-0.1565246290073139,-0.3958228834370252,0.2124182130633458,-0.5473526095918072,0.03248419788349092,-0.7263938803610412,1.0971192065300512,0.1880707395498392
VZ,-0.19964942037280686,-0.06965546709909654,-0.23517467971089767,-0.13730943564774656,-0.09207726492296797,0.0,-1.8821361361937619,0.025907862720684825,-0.1931001210100547,1.1078125620938584,0.18790996784565914
PALL,-0.13397773465133567,-0.12616917918274084,-0.4027840040242803,-0.11583511666093882,-0.2175645497423898,0.15217432167510506,-0.8590928100891911,0.018459127235291372,-0.43991713174812697,0.9288564865901231,0.18771704180064308
MTH,-0.0663337021178293,-0.2333809403645698,-0.24884011712413334,-0.12113358456879575,-0.13610532033177725,0.0,-0.3415284951520372,0.021734028273030417,-0.29881577648452273,1.1671037685351258,0.187459807073955
LWLG,-0.0692075210550901,-0.27574411080529937,-0.684337689819752,-0.1603182570231595,-0.3246968929283771,0.28846173244115875,-0.14422937740404268,0.046219321827303886,-0.7277716671201244,1.0451917135483355,0.1870096463022508
CMG,-0.16260954380400305,-0.1863669698574847,-0.23249102852739056,-0.08826566584515738,-0.09708530419047134,0.09345035803929383,-0.9282379585132009,0.026740389317675212,-0.25979699975325143,1.0938699977671789,0.18668810289389065
MDGL,-0.13821907624394736,-0.1465683118483987,-0.23683520779749423,-0.0823812806473826,-0.06470261924147269,0.0,-0.9704383381742188,0.011642146143644706,-0.21094670958624417,0.8777791143381231,0.1857877813504823
IMMX,-0.2879281467300705,-0.14597146568889552,-0.13390366577806923,-0.1949184862449772,0.020181891752128145,0.039548120008868634,-1.1586446366208039,0.039684111560496546,-0.34830683267761364,1.0766473907499232,0.1854662379421222
CCS,-0.09492066856318249,-0.171834308095539,-0.20799875507170018,-0.1385244106631246,-0.10222374521052124,0.0,-0.619539879917813,0.019383735512936377,-0.24404373809847402,0.9283054080612303,0.18533762057877812
LGN,-0.06350109725833075,-0.2845662634878332,-0.33295843661793956,-0.09776796493824813,-0.18636495480987292,0.04801659671729037,-0.1628268642382009,0.02883975707048548,-0.4936931604680227,0.8710483706991078,0.18488745980707394
RRR,-0.11698574894743796,-0.26674616734501755,-0.2596659707579356,-0.11625153501612151,-0.14803506743432548,0.16753978636362124,-1.0018999030558469,0.02129258323865398,-0.25725182148194725,1.3323259120125737,0.18475884244372992
THRM,-0.2181202315126417,-0.18032941069740094,-0.08958233648932445,-0.1878767409841391,-0.09990839575971844,0.0,-0.995740878003476,0.023140955378130348,-0.3173312807708357,2.142877707081183,0.18437299035369775
SNEX,-0.1615930317983032,-0.2332295444864002,-0.17346783562032397,-0.10593136893407706,-0.06665774204944364,0.05520175783875895,-0.9538471624286093,0.024436551269805405,-0.345874401152757,0.9890559685055,0.18437299035369775
BRBR,-0.12991025101119347,-0.3854965432944685,-0.5943008542950831,-0.1462706031564206,-0.42529031404855533,0.5416666997803635,-0.68218366052553,0.031925288566469624,-0.7630164130209628,1.0761108990909873,0.18302250803858522
BCS,-0.15349245248171983,-0.19064932166081594,-0.17277773722434142,-0.11852464955895137,-0.07436975104566501,0.012027439603900692,-1.4800484932861022,0.015240799885034295,-0.18616362819815835,1.1900026292566601,0.18295819935691318
ESTA,-0.16604109272356893,-0.34031152942512666,-0.12700883235315064,-0.14756011173912542,-0.15453130511247837,0.09725894885673735,-1.0012403977468927,0.023541312575771547,-0.3548353570305328,0.8056352218496521,0.18218649517684887
POET,-0.12321101597064099,-0.18048429077669348,-0.1728587931922716,-0.13046219717980945,-0.1763205602819521,0.0,-0.3627109213480875,0.03643431813112641,-0.6648031072814542,0.7829503232061085,0.18212218649517686
ALLY,-0.13870015115555667,-0.20312467822327007,-0.2284939099969514,-0.09325021027869729,-0.10633849650255567,0.05142245646486889,-1.7431115234396006,0.010196234590958853,-0.19859754316005362,1.1842274080861854,0.18090032154340835
BIDU,-0.08917281560226209,-0.29035202219990996,-0.3657102209850155,-0.10189435880343967,-0.28299412463987306,0.15864922993339747,-0.5098093443568659,0.016331920784845605,-0.4753254909368786,0.8550385176286006,0.1798070739549839
CF,-0.2049352982416791,-0.11522003412010007,-0.22440711033738936,-0.09550817281849067,-0.009885620343140333,0.0,-1.5912977882186299,0.018547469302019597,-0.19914554289875785,1.0329243628670062,0.17922829581993568
EFX,-0.16321386581967767,-0.1956463717522161,-0.3282207805515651,-0.14031792362266138,-0.18915799064289207,0.24222519803781917,-1.1596136654317442,0.01909551964744151,-0.3695650207955411,1.231074878229122,0.1780064308681672
FIGR,-0.25549570974288627,-0.08943392286812313,-0.3206894751293302,-0.13614416117544348,-0.21658711869945313,0.10143440039976151,-1.0055322787842143,0.036641926761736617,-0.6165606988446592,1.115523128476478,0.17755627009646305
CYTK,-0.17656988689330855,-0.2779806299544054,-0.185295627871232,-0.12488297831580719,-0.10372371860223228,0.15379528775380957,-1.5016964633440064,0.017795813310459336,-0.2795954882178492,1.1869301635014315,0.177491961414791
NTST,-0.14322031667650015,-0.225533715485418,-0.26899824981986664,-0.0989271592288159,-0.10176823351645115,0.12770558481255975,-1.715790917204908,0.0151625949846963,-0.20482437649014296,1.137204722474995,0.17742765273311897
NOC,-0.10808541892511692,-0.1549115955188377,-0.43542727754318133,-0.09821157564143956,-0.19113190868718555,0.08998116349107524,-1.1003259908021932,0.01568739420109352,-0.37117109394933134,1.1370395774042301,0.17684887459807072
EMA,-0.10724655879001133,-0.18324529930015798,-0.27984178447796026,-0.08057080776715264,-0.09836254749278717,0.0,-1.7496946464750662,0.008874326648886969,-0.16302252563601016,1.1244656373235478,0.17659163987138266
SPXC,-0.11386590105205352,-0.24587794501762295,-0.3588418466875717,-0.11366256401411956,-0.1860717324739427,0.18993797265950968,-0.6951367260207979,0.018012548947735168,-0.3045939970744441,1.295140917920056,0.17633440514469453
POOL,-0.12571980391307336,-0.2831407325008235,-0.4019303366852379,-0.11350352106838213,-0.22223958165180935,0.27667431049652563,-0.9637325229803658,0.014090899024468733,-0.461333496947686,1.0980424547753165,0.17633440514469453
TREE,-0.09571373532548177,-0.4867669078368385,-0.5448431720126249,-0.1103631017268375,-0.3767206907481392,0.30186174462531,-0.3960443926794172,0.029152868847686683,-0.6304220050084096,0.864861835447375,0.17627009646302252
PBW,-0.10348691413170974,-0.20127855307133535,-0.27829590732138976,-0.09961754923884203,-0.17264808912842589,0.016666412353515625,-0.6869206061230604,0.017556057102058122,-0.3879074253319268,0.5855701899651541,0.17614147909967845
TIGO,-0.17910968530694327,-0.18452980674797592,-0.15507233787391295,-0.11865219171151986,0.025725854147463423,0.0,-1.089181454967981,0.02595675872860386,-0.2126488441165052,0.7734126007536957,0.17491961414790996
FCPT,-0.14254312051537532,-0.18465047129252832,-0.28022767631700307,-0.1013089616559939,-0.11106056606719428,0.09198777445197331,-2.162580173991879,0.008306832943548595,-0.1843833282099212,1.4994219946279324,0.17440514469453378
GSHD,-0.2578574948168266,-0.24766272577060444,-0.07532968488480862,-0.2624198710477589,-0.17388644413735665,0.013014536720962984,-1.1073373439982155,0.04349548759595672,-0.4436008930197711,1.157895290539179,0.17414790996784563
FTAI,-0.08825231957866297,-0.2321015621013569,-0.474731180374383,-0.12670326427614031,-0.27765417894700606,0.16397741277949526,-0.3314926135160956,0.03692158425823664,-0.44964311414705227,0.9559488301961364,0.17408360128617364
OC,-0.1326127563075784,-0.22670608597985642,-0.14511463959435544,-0.154148073687576,-0.08784519697812654,0.0,-1.005949148372785,0.02156659021898813,-0.2797319553439416,1.1604546454204008,0.17395498392282957
ONDS,-0.10630996222433131,-0.07971564291216349,-0.4184177661861018,-0.1569464027626668,-0.28808230565838255,0.0,-0.34739581272514364,0.02461555768438717,-0.5217701855955019,0.7754791732273246,0.17369774919614148
CALM,-0.14291565990259447,-0.2580409177332863,-0.285561704665232,-0.14142025894633148,-0.17587258410772888,0.2207790840574397,-1.2171789916146178,0.01885674399695872,-0.30032087519844586,1.3108944388515018,0.17363344051446944
SMG,-0.1400454238597475,-0.25139104777568755,-0.3106513855313635,-0.12310092424048147,-0.18152468450251436,0.2045754417318822,-0.9565464812629564,0.020813026870391094,-0.3119534762631103,1.1264412129447643,0.17356913183279743
ADEA,-0.11940434387283527,-0.17491942153760498,-0.2570067539104164,-0.09044860619705997,-0.05053458470350769,0.0,-0.5334205910296713,0.0266345004894839,-0.28470073830110476,1.0643600388598558,0.1735048231511254
SEDG,-0.16160707196557078,-0.429854040714164,-0.38765730787268415,-0.054567550498968,-0.24489630467264845,0.20343535022904655,-0.48670582129619333,0.034599432127310585,-0.5933015113119788,0.8339097338379805,0.1722186495176849
WSC,-0.11313452044016803,-0.3885728905284985,-0.22791096009766898,-0.1566339997958307,-0.22207161323920888,0.17791359355198816,-0.7268693242787184,0.015495692276848286,-0.4082861962049388,1.0557084000464585,0.17209003215434082
IRON,-0.19095498603805916,-0.2231963648785401,-0.21378207875198463,-0.1536463444996874,-0.12598660464356315,0.1678083906808147,-1.6578842441375434,0.016877232294724584,-0.338646251463091,1.354462479517999,0.17183279742765273
TNDM,-0.18446205466637722,-0.0891285332467745,-0.3446501337310073,-0.19838954534791509,-0.19656635874080908,0.11249976654853029,-0.8222130648151945,0.03503419064740557,-0.4518754548597873,1.1680841399796764,0.17183279742765273
CMPR,-0.14321108083596434,-0.29571268980793985,-0.17977199229032736,-0.13461251994233414,-0.11340229917959488,0.09469692317362427,-1.280067149900258,0.014440893641807149,-0.29171020732016184,1.0160901752080502,0.1717684887459807
CLSK,-0.21521347131594148,-0.19810356756169067,-0.11084504491144109,-0.17912851814377806,-0.16972001183909713,0.0,-0.68632059383892,0.03827413799348349,-0.55021551394576,0.8250881808434329,0.17170418006430868
GERN,-0.13256463236225147,-0.1760916314603992,-0.4156753382471663,-0.12223613605853456,-0.1468306211149223,0.17705879754260506,-0.5355849050415725,0.019092552194225218,-0.3691794843140752,0.9848858742282665,0.17144694533762056
CELZ,-0.148002061729273,-0.060853961022569014,-0.7604397834863098,-0.181751627453707,-0.5001239879555945,0.07932692583231604,-0.23357258242575593,0.04816114320039507,-0.85,0.1811441050111869,0.17125401929260448
BLBD,-0.12392086144491288,-0.3076413966246805,-0.2601131060600097,-0.08991480065481594,-0.10095370845971152,0.10853835261384057,-0.7240218381542988,0.019127366137600504,-0.3098159509202454,0.9323540228890379,0.1710610932475884
BHF,-0.06959030740087435,-0.3089859506578503,-0.3478821811308854,-0.08861943664198102,-0.19169492036748392,0.012847447991034232,-0.5398031939566363,0.017226070425375817,-0.2666266622653426,1.0894606816469996,0.1705466237942122
CCOI,-0.11185598121857365,-0.39528141927138816,-0.7398110325412477,-0.1381521905833395,-0.5026223868265335,0.3884617119851579,-0.31315972228359207,0.05832836508070573,-0.8138733141030705,1.2357787133715141,0.16983922829581996
LAES,-0.14179244348912812,-0.26191649143117446,-0.14511929745927055,-0.13549968482359798,-0.3233299164478656,0.0,-0.7170684634665577,0.029932138678283256,-0.7235294139646467,0.5111087472496941,0.16906752411575562
RIOT,-0.22352662251077393,-0.20506358559501592,-0.13388869294311623,-0.17979890625713868,-0.13073097731094696,0.008034676493402082,-0.7112703607026272,0.04443499125465317,-0.4107702902766507,0.9009274227269353,0.1684887459807074
HRL,-0.1026648082699334,-0.251885052571844,-0.20135466396517976,-0.12413425131311329,-0.1494304261009458,0.0,-0.9236933520828291,0.010326120175753378,-0.261907754087205,1.122238527667158,0.16836012861736332
ORA,-0.10473653939567096,-0.2037861355630466,-0.3741826997938741,-0.10972245805573666,-0.20977976878152071,0.09507462908310094,-0.5811733336964015,0.024274545804462686,-0.38271541772863504,1.002620019532197,0.1682958199356913
PUK,-0.13017705671611635,-0.19375894816688188,-0.35687439973451063,-0.10560820376564084,-0.16902651860391227,0.12903219852186562,-1.2737678477916983,0.013293241595982911,-0.2734476417918189,1.1076809993988934,0.1682315112540193
VITL,-0.07539164448863356,-0.3107473496733222,-0.4352376336521936,-0.11990884669210145,-0.40311367769633333,0.1299094787175009,-0.25817529027212593,0.050630131586940845,-0.7859432162054767,1.2190936645846067,0.16662379421221868
AGCO,-0.17979584561778628,-0.13042182406226188,-0.2919100707724499,-0.08113807871831635,-0.10621115855558794,0.0,-1.1603254189660595,0.02298871474111691,-0.25759493048752113,0.9572507912940516,0.1662379421221865
TSHA,-0.1709517285923703,-0.2180098741842852,-0.164511610480497,-0.1937243250113635,-0.18264668689518804,0.0584416589722487,-0.9290244748711253,0.025798482887522987,-0.36461319044978524,1.4482354598161526,0.16610932475884244
PCAR,-0.14907396592852185,-0.1706705197121431,-0.29800880396521523,-0.11489747222819469,-0.1011507923460283,0.07312488555908203,-1.7739852404896503,0.012532196605416244,-0.2162936789682316,1.1648734503224853,0.1652733118971061
FSLR,-0.17038128274140418,-0.2362244032645494,-0.27655575377357144,-0.13102938184575974,-0.19763626577789506,0.17377593295741867,-0.9691846682685643,0.03443480110376264,-0.44012571036675174,1.0182640537579892,0.1644372990353698
MKC,-0.15080007624262237,-0.2060802044308434,-0.30024908300708975,-0.12074110712142327,-0.17327401419654065,0.1296002197265625,-1.5117226972895346,0.01828875747277964,-0.3613172113356834,1.2948632806467357,0.16392282958199358
GTY,-0.15465285152461705,-0.2171396909489779,-0.30021530568671084,-0.09691674971512021,-0.10411119980440131,0.10373199295063709,-2.1789756251904278,0.012632507786241342,-0.22324323138537583,1.2829814183859716,0.16315112540192928
APLD,-0.11641764605547189,-0.22531006517412278,-0.25493929867717935,-0.1277896386949946,-0.2656851535030492,0.028066332508181666,-0.34325556616766795,0.04449118017853276,-0.5254038469664899,1.1288544944365109,0.16186495176848875
QBTS,-0.1558980573305132,-0.2615447217276059,-0.12980608594584497,-0.1861199280841379,-0.2898641273278094,0.0,-0.5054883613790055,0.032784757448454376,-0.674631529879354,0.931817475738597,0.1612861736334405
BBT,-0.16350466516341877,-0.13331888027180316,-0.279862411490044,-0.10682914799103671,-0.07367108344540196,0.0,-2.0126817872342526,0.016702317884280567,-0.16682000712170397,1.3412710776474548,0.16109324758842442
ARR,-0.16133683963201673,-0.20319396795079225,-0.31702604759142794,-0.11436568634910549,-0.14435104154968958,0.12944166491180933,-2.547044854918556,0.012682754063330845,-0.20670081833528597,1.1983283172110404,0.1607717041800643
PJT,-0.22556844860768777,-0.16141738206191025,-0.23385015939216258,-0.15413185669831586,-0.1289231047874705,0.09723864047128244,-2.0774043410826004,0.013532347128786055,-0.27448277198704085,1.08427796936298,0.1607717041800643
STAK,-0.17560920999316643,-0.7577955380790433,-0.19730731378285837,-0.197699109141098,-0.32756693654087776,0.2399998617172406,-0.04048177491974392,0.13643552907967804,-0.8856526547534541,0.5984315650533513,0.15974276527331188
NXRT,-0.14624001261237018,-0.3222476517957492,-0.35730714417314036,-0.12455120137785824,-0.24167994892912814,0.2439678174508615,-1.1754874950409926,0.02833410474875079,-0.34293568197993063,1.7846273770303902,0.15935691318327974
UFPI,-0.10139543588480282,-0.1573359511458452,-0.3651349623116459,-0.11325523472846488,-0.1726711296201633,0.0,-0.7695790789824564,0.018655732142373396,-0.34763328589742837,1.1044736556987615,0.1592926045016077
TFII,-0.15704070735001363,-0.26651663758262034,-0.21381024103856772,-0.1267758275071854,-0.11120611969501548,0.08517690645722108,-1.2201219200605804,0.017246590560278916,-0.2966206474004557,1.1079808813044918,0.1592926045016077
MBLY,-0.1638218330822252,-0.31261572212397803,-0.16952739879685708,-0.13416491884692283,-0.19493313703479587,0.049999848279072875,-0.8550545314813488,0.02259139154878548,-0.5385862687474001,1.1056088062606846,0.15909967845659162
LKQ,-0.1032366682388044,-0.1699799520984242,-0.41403517208871765,-0.08839007569272872,-0.2024931295761846,0.0,-0.6176338175179497,0.013965528214899426,-0.349228301463291,0.9857643868512322,0.1583279742765273
WEN,-0.1890499931956291,-0.2005933162719854,-0.21900287919882488,-0.1640805599241063,-0.14659085247627657,0.10457536098593705,-0.9066178240784654,0.02045791250104915,-0.30775826822033037,0.7627077054675226,0.15794212218649517
SITE,-0.11316570234689105,-0.2169534122884258,-0.5105438318138353,-0.07997855258635389,-0.26885785539429097,0.07222937972918021,-0.7335207315036452,0.020184868920351217,-0.46744255778617916,1.1488121477092066,0.15762057877813507
LZB,-0.08083672872699454,-0.2807187889186672,-0.27241558559593304,-0.1246583148678333,-0.17442364821097767,0.0,-0.4022175519171799,0.012872039052613846,-0.2992690702857168,1.1802172219640126,0.1571704180064309
URNM,-0.17871808716744664,-0.1156514686808322,-0.43019521207457745,-0.12112033585522053,-0.2273709802838022,0.06567142934412835,-1.1416201478323156,0.025765895696384482,-0.4460054772859048,1.0300329471241485,0.1567202572347267
MARA,-0.19011547099366877,-0.2544183636288081,-0.14544883164783706,-0.13843370353384366,-0.125114183580447,0.0,-0.6069156244991318,0.04350486789761176,-0.5794658722387078,0.9183547900117158,0.15620578778135047
RCI,-0.20473439753890088,-0.14091187505879277,-0.21580835407724797,-0.13386676989569546,-0.16005613020430942,0.0,-2.2320101153387073,0.015147321695878381,-0.25173973895965474,1.1854730279207162,0.15614147909967843
NAMM,-0.1802606324702667,-0.30534628931583785,-0.63162002336407,-0.13711836667917965,-0.4140589762677648,0.3915929223961966,-0.4948600367177149,0.0970583183704608,-0.8226562541327439,2.2530770398189666,0.15562700964630224
GLXY,-0.1953877625435697,-0.17940428670775121,-0.22197597401842706,-0.12431663349439248,-0.18802468893225177,0.00917438602092672,-0.6275062998304425,0.041996359439209124,-0.5298646912836572,0.8650959647686645,0.15556270096463024
BOH,-0.14789707316447853,-0.22266300660791827,-0.28463121393252233,-0.10508968512109318,-0.11245689991322849,0.0536457782818124,-2.1148874155484334,0.011674550197724008,-0.21343532587742442,1.2569813107483934,0.1554340836012862
PRG,-0.21200912030702834,-0.35882128785274303,-0.1106650363879016,-0.18930671423047296,-0.14179700540715157,0.02036523043152954,-1.7371466417124108,0.01839929061994593,-0.35816739112001306,1.2589928476724461,0.15543408360128616
NVST,-0.14892488413755922,-0.17260334245849573,-0.2881090850395369,-0.12134018628709076,-0.11211126826249829,0.027687605036143304,-1.4254642893858698,0.01860960772218726,-0.2463648336853146,1.0826740291172774,0.15479099678456593
TRVI,-0.20958045369655787,-0.2518023841716561,-0.16211809304632885,-0.20198461924987943,-0.08554300581843965,0.0766722901807967,-1.1680196035849002,0.021027304862471875,-0.3302563887376052,1.2017059516855655,0.15466237942122185
NLY,-0.17005012141803766,-0.20220173879368197,-0.268679318085029,-0.13429134872411397,-0.1242763804469702,0.09668501157720348,-2.5466759214469565,0.013479791755334503,-0.2026642585424453,1.5404559364267736,0.1545337620578778
FUBO,-0.2469246680075725,-0.1328984898401523,-0.38815966418649384,-0.10956179309093006,-0.35136785297969053,0.09846144456129807,-1.0817957460505252,0.03330588051695787,-0.817401965940425,0.8874943679746736,0.15440514469453376
GOLF,-0.10010888543137242,-0.3133478433818224,-0.33629992235530437,-0.08689318837926274,-0.15616103922131275,0.034862852807198794,-0.8860334946900792,0.012165478530547792,-0.32874114311669844,0.9904053576138417,0.15427652733118974
SQM,-0.14667073452735535,-0.13478546956880355,-0.3481538743612903,-0.09962038120606276,-0.14564368917974568,0.0,-1.0393076925598348,0.022210111578892484,-0.310040552268089,0.9426473345452993,0.1542765273311897
MLYS,-0.24171062421641631,-0.20473694397277098,-0.2841179568802801,-0.12617685797941058,-0.1765353328883199,0.15570470142308712,-1.3884007305551196,0.0340379227489218,-0.5117261838940312,1.3684981240623093,0.1542765273311897
PRKS,-0.17104396396481936,-0.3462053917647735,-0.2795057025237978,-0.16948767927799813,-0.1524144539785789,0.25270781489494437,-1.2817219948551082,0.025968440097530528,-0.39363480162615583,1.122332972588581,0.15389067524115757
CX,-0.13379170127624895,-0.27461995069512435,-0.34846707121812004,-0.09435916022758528,-0.18687323677867895,0.1275761605766594,-1.209494260365774,0.02069158809002124,-0.2928975858928917,1.0825106850578576,0.15376205787781352
EPRT,-0.14822363865947885,-0.22423545557450353,-0.35494335671402943,-0.11045411227837143,-0.15604048921184877,0.1181710582664162,-2.01237301575264,0.013564580687590885,-0.24230119839551356,1.4196391390789505,0.152540192926045
CALY,-0.1334563570221462,-0.2998037571277372,-0.17956718491391432,-0.12361415938116038,-0.10666741680774161,0.0,-1.1776091187468989,0.011305456480131901,-0.30239062771949987,1.1740339796842303,0.152540192926045
BBIO,-0.1273444397213005,-0.25426351286199933,-0.2744635497164353,-0.12155483271189782,-0.10727283506423213,0.059264002128747655,-1.1506198156299265,0.02166285636390923,-0.2738715780891433,1.2997156829056453,0.15254019292604498
CRH,-0.09684082931743432,-0.24235934805541526,-0.45273879287006247,-0.09995823652208402,-0.23224590860082683,0.050531520947343006,-0.8006803260199137,0.013690590747243995,-0.37009188836221674,1.1721684101310301,0.15176848874598073
FLY,-0.08044787151359212,-0.15080117729626097,-0.6233597259780637,-0.13328358894248438,-0.28622208922960923,0.0,-0.23405617732373063,0.044268972864481414,-0.6623873647577635,1.1237596452044414,0.15061093247588425
ARWR,-0.2739229878514745,-0.1975340273655053,-0.1911016092868123,-0.2011992777449405,-0.13480003791999573,0.09382836232701551,-1.4138682967081468,0.03922865976419447,-0.30114964650498943,1.2576291256121856,0.15054662379421221
NAMS,-0.054235627391763575,-0.40113329874904435,-0.5383381202134705,-0.14478534952375388,-0.3080521571615037,0.05696212464161762,-0.16436600663236128,0.02661379320174508,-0.4851628525983518,1.2689511057109941,0.149967845659164
CYCU,-0.16473358941062255,-0.1931440683868907,-0.8312876173728199,-0.26643619083176184,-0.6661138658214132,0.32478626382751535,-0.045880462229409086,0.106935062683025,-0.9565802367659031,0.8746653759478329,0.1497106109324759
YELP,-0.13975578256545074,-0.3344685670211154,-0.4193478090279604,-0.13998913081857223,-0.23926315879318527,0.25235843221332077,-0.8238477412498871,0.029897542445300608,-0.44841859777013315,1.217709697475321,0.14964630225080386
AGNC,-0.1731434013586466,-0.229681834691429,-0.2702430252844997,-0.14142555020088043,-0.14445144946481225,0.10986279136515226,-2.294016306370964,0.014398174276563785,-0.21860676332626217,1.6348987423730426,0.14958199356913185
MTZ,-0.12196380269252283,-0.4567286786026351,-0.5682690809249509,-0.1296393878224983,-0.3091431436138744,0.2833539325878105,-0.46020079669389036,0.03211167767862376,-0.5178396099754414,1.0131567320434098,0.14913183279742764
AON,-0.13884045408510237,-0.2936577743394505,-0.270024352706569,-0.14083094426594533,-0.16563295029354352,0.1178425252228639,-1.197201495792586,0.015774554591301723,-0.2786143124812721,1.3364890418491076,0.1490675241157556
CASH,-0.12188507124286707,-0.2493927278407717,-0.39333627439111163,-0.10329710525523483,-0.15245157215423655,0.09661874030200612,-1.2413221048427034,0.014072269515467218,-0.2791988148959911,1.1607779920681662,0.14900321543408362
CC,-0.12135695210665076,-0.2819033904155741,-0.5433492703930077,-0.08717139943297114,-0.2496578594000307,0.1466668446858724,-0.5657746567493258,0.0182713777302339,-0.5050676037663602,0.8699752537076735,0.14861736334405143
PII,-0.13417583491710672,-0.25821222760372586,-0.19205926152508268,-0.14308621045836323,-0.1687324856403153,0.0,-1.0117332584260779,0.01616187428160547,-0.2974167411408726,1.0410237098474049,0.14668810289389067
WYFI,-0.1945061941430789,-0.6155199557847622,-0.08398635859686654,-0.2520954938566119,-0.2814690796309486,0.0,-0.48672682271134865,0.04198613878228091,-0.6540093899321815,0.5890752547374607,0.1463022508038585
KRMN,-0.08017159811722208,-0.3182290084961815,-0.7562369790616079,-0.2526254058809373,-0.5183468109290552,0.21217113931420797,-0.26301369520266343,0.03962036066328651,-0.7165408964727104,1.1080441468663296,0.1459163987138264
SFM,-0.14228993467295437,-0.23747662900021238,-0.3213045591438183,-0.1556734135467056,-0.17257984446468932,0.12976182655048588,-0.8679863657117449,0.022999305943249844,-0.4380914961735699,1.0999534250713954,0.14559485530546626
FNF,-0.13110324086822644,-0.2524673106609375,-0.30978826260883086,-0.12809107889123583,-0.18749134911904897,0.079224884410231,-1.113944385459717,0.017224226616151698,-0.2987817966605467,1.3761844761420876,0.14533762057877814
BG,-0.20168953732200245,-0.1572992456339335,-0.30872732161218686,-0.08494106347916441,-0.10566613979616757,0.0,-1.7321360050517052,0.017651597049611393,-0.20929882421675305,1.2049995631154802,0.14533762057877814
ROAD,-0.12595348537400441,-0.11261914877891521,-0.42081342484583384,-0.15358439420272352,-0.2316115530336459,0.0,-0.5654442869507741,0.02430340365974792,-0.38112183168038827,0.7539367536440958,0.14488745980707393
RH,-0.16080155045878042,-0.3221145857814086,-0.22416854862695557,-0.20263310531888878,-0.26490481644399677,0.1404880430640244,-0.8098513616317138,0.023535569955385784,-0.4995706049543305,1.0240154853376258,0.1437299035369775
CCB,-0.17904306992698948,-0.5218758196697741,-0.6539674349935505,-0.10384922430706367,-0.4444353935270544,0.32062894691120464,-0.49406910977235363,0.0445920597855727,-0.6561318027431191,0.8996815407339543,0.14257234726688103
RIVN,-0.16097742538922633,-0.23617786989144574,-0.2478552283609201,-0.10076810063544483,-0.12887826490001386,0.0,-1.0301940852387328,0.018754597349503896,-0.37839646104854385,1.077103656225992,0.14167202572347265
UEC,-0.19242615433155974,-0.1252788577521916,-0.46970493666656155,-0.14344018819904303,-0.2875973944908585,0.07983138391014621,-0.8866280954476939,0.031462491671528314,-0.5414597846798419,1.156263073745209,0.14147909967845662
GIL,-0.17146567775872557,-0.22551892746747348,-0.41907832211883544,-0.16175753912640534,-0.2623634599832996,0.20557976697288818,-1.183338432318914,0.03229152368896154,-0.4132163605404716,1.3600738184968089,0.14122186495176847
CRS,-0.16187007255481667,-0.3552228616374594,-0.25705156583279276,-0.15825634899149676,-0.12082721767304927,0.15399273699987856,-1.1816479779192355,0.01601206781019668,-0.3710080393123766,1.0445512200772764,0.1407717041800643
ESLT,-0.1230698645474626,-0.14915835890529094,-0.4406406755999368,-0.11526644945429243,-0.15364437175601875,0.0,-0.9749136232380828,0.01693725506647061,-0.35088118441028293,0.9649060680691848,0.1404501607717042
RTO,-0.1267904111103142,-0.3512448543918435,-0.5436289910692302,-0.10070761281087426,-0.29426619653863384,0.1821429885163957,-0.7955446327467591,0.01319571245966863,-0.40758761026924173,1.3042926955068812,0.14032154340836014
WY,-0.16437236560799695,-0.22133480121907145,-0.36553347962839755,-0.15060871636275475,-0.19535053080685627,0.15052369679960015,-1.5985982877262794,0.017902983747300823,-0.27848947244591993,1.4150373315711333,0.1402572347266881
IONS,-0.21382615178868158,-0.24156634222820428,-0.5476992036594847,-0.13949970744908224,-0.34630534099079235,0.26351358950855075,-1.4951971001201982,0.033803897210285296,-0.4746242809846911,1.2891586652506801,0.14012861736334406
PHAT,-0.16366170044676698,-0.3776776448014394,-0.5778362311118295,-0.12516579089760438,-0.35023061027742286,0.28030311422751675,-0.654751402342051,0.03764719879635707,-0.5987278680832107,1.024308487654525,0.1384565916398714
THO,-0.14098805370702616,-0.15228141364753212,-0.33822433205121183,-0.13696455304560995,-0.2368815760191335,0.0,-1.1221843612603173,0.022620757529062535,-0.4604230689977997,1.3760624493442168,0.13839228295819933
GNL,-0.1714170017221741,-0.15800549467162073,-0.3109852369160625,-0.11397867813738738,-0.129488194085427,0.0,-2.1348199392012406,0.006580867446860156,-0.18406274828101254,1.1573712223457766,0.13839228295819933
TRN,-0.12441827802856675,-0.33250570552774394,-0.3964612008325712,-0.09842422502555237,-0.17728166915601884,0.10726039159205132,-0.9641872999900439,0.015837269649342813,-0.32505910426057705,1.1286399837005947,0.1379421221864952
DMRA,-0.22716920289050535,-0.272359307465994,-0.3172505967953744,-0.18737186762673796,-0.1690322095002511,0.2273755875777234,-1.0615602909271973,0.04393465849033629,-0.36848272257205805,1.5735744640106641,0.1379421221864952
ANAB,-0.19678215379684316,-0.38364274035431456,-0.16827503597694027,-0.15375879991010843,-0.06496145798601816,0.03507844096705579,-1.0214892932602162,0.020381204815696035,-0.34128345196180687,1.0444037947864493,0.137491961414791
AVTX,-0.23766558268855886,-0.3221054546822435,-0.15519045980766,-0.2269006841345167,-0.17973179452627974,0.058282075780243026,-1.3192044362463051,0.0287347968531209,-0.40446001811272236,1.1982163885881374,0.1372347266881029
VOYG,-0.20968963197169344,-0.13000594556144407,-0.24358526111941614,-0.2219150540441519,-0.15389322640431424,0.0,-0.6826631768632073,0.05140156800547392,-0.47729573556344895,1.4571107372042502,0.13717041800643084
VC,-0.1761319784477574,-0.20956447922856658,-0.23203026882347055,-0.12791869462067995,-0.14660859468111465,0.0,-1.9884621826767381,0.016990683724460033,-0.3040550654789459,1.2169133941481758,0.13678456591639873
BTBT,-0.18749908140288052,-0.2405299782152398,-0.19240815185641214,-0.1422607398367549,-0.2317242021281387,0.0,-0.5748673700873355,0.0479009107513233,-0.6883885965404897,0.8322190098543109,0.13627009646302252
LEVI,-0.10326099276967649,-0.26611589608121644,-0.3219087512996185,-0.11752041534240054,-0.13427096544992279,0.0,-0.8544431763436089,0.016442554346746574,-0.2692910229178429,1.5139448680817156,0.13588424437299035
ROCK,-0.20430235030371358,-0.15158675354701812,-0.23688145575333086,-0.17493676736913855,-0.16614619717723023,0.0,-1.0820283452034196,0.023896460493965505,-0.5068383229244988,1.1713140282479915,0.13581993569131834
IMNM,-0.24470492026412272,-0.18183290699939691,-0.2468629999820814,-0.21334976474124223,-0.13628966268515974,0.07888827523826092,-1.4091102177900632,0.03483127773862091,-0.34216260394490206,1.2796914593637159,0.1357556270096463
STOK,-0.18245880657653724,-0.1978243279729065,-0.4275317116171018,-0.15402351827051752,-0.20883072208111142,0.16460149745444896,-1.1752388567995735,0.03435618055174731,-0.35123858798701546,1.164393879843709,0.13562700964630223
LASR,-0.05971743933746998,-0.48791825216569407,-0.5688141738703141,-0.17113085465520383,-0.3414290709979607,0.06707348985209918,-0.12009648290161248,0.021475376247658173,-0.5510300087134066,0.7232183997630665,0.13543408360128617
WAFD,-0.1656384508006271,-0.2623943385690449,-0.2322599175573392,-0.13883799118463025,-0.12877335540110202,0.004831026931846401,-2.1337668992517376,0.013417207792147797,-0.24443369665992476,1.5761850250297234,0.13369774919614147
GIPR,-0.06064114652693209,-0.755573578759605,-0.9960365250840885,-0.20008768852269698,-0.8626259699901797,0.1280991643937949,-0.02759183512276677,0.18858360489931117,-0.9784139796551534,1.8940513444102283,0.13363344051446946
MATW,-0.09631620736316104,-0.33174692345320467,-0.45069501636606435,-0.12462649508192891,-0.25004622112814123,0.0736839040824296,-0.570971529910445,0.019514546299683525,-0.34406906278729266,1.523608389133407,0.13356913183279742
OCFC,-0.1694553148722543,-0.1905881708421937,-0.27915151439328256,-0.12087513823005858,-0.12088444190872938,0.0,-2.3841872532675445,0.010132401896886061,-0.1949186166481386,1.193991537195903,0.1330546623794212
BIYA,-0.22868572256972586,-0.5984568262495991,-1.0111769253249205,-0.20343134965854603,-0.8691042953128236,0.4866310917225654,-0.20716371604338393,0.17533864949215103,-0.9878056947909408,1.1566945120043064,0.13241157556270094
UPBD,-0.16333105238270584,-0.29618780417681245,-0.27584541773865234,-0.12590847232514268,-0.1521411814567244,0.061417367923767084,-1.3004364585406465,0.016025747631308165,-0.306611286379567,1.0923216585798465,0.1320257234726688
KTOS,-0.13187399372956154,-0.14340270884380202,-0.5521057881844559,-0.16718451937618328,-0.3805546371255698,0.04279277086212733,-0.6474067183609,0.02156211391926553,-0.6770578353857759,1.1524032974129856,0.1317684887459807
ROLR,-0.3080452826169493,-0.35350483282169887,-0.11496620282147485,-0.241210004267012,-0.23675254402041246,0.0,-1.696555887952199,0.02854982091778447,-0.8126315869783101,0.7148446189187597,0.13118971061093246
GPK,-0.12326717359156636,-0.2217015657601894,-0.2621991343714094,-0.18166016814989427,-0.2313395157020448,0.0,-0.7985902786709582,0.020193574218959988,-0.516475097044417,1.2762874450853186,0.1309967845659164
TBBK,-0.07368840909867758,-0.3185662135513463,-0.32989379026109644,-0.19101195900361168,-0.1972467032059677,0.0,-0.2871193286485981,0.013674488849143556,-0.40098329358147,1.2348569927879187,0.13022508038585207
DOO,-0.1522671472062731,-0.13931742543705194,-0.4512851785005514,-0.1268365130319814,-0.17460008292350404,0.0,-1.094951418033899,0.018360664006075122,-0.3440939627924876,1.013170827379384,0.1291961414790997
ASR,-0.11390067157013772,-0.21626299210675737,-0.47747695785033095,-0.0945641717339234,-0.23417605810985131,0.0,-1.4138365113648144,0.015104311997057543,-0.38460989036987725,1.2217049612476722,0.12913183279742765
VKTX,-0.14187026695188676,-0.2934086053645386,-0.3189288529899582,-0.1294192432728507,-0.13499201756609702,0.058908015658891574,-0.43738703722517097,0.09223750928488224,-0.32233566310854633,2.2011620172034077,0.12887459807073956
WGMI,-0.15638032521904277,-0.2801630036463413,-0.2079625734661804,-0.14563273003743216,-0.18592491775865816,0.0,-0.5078962981767878,0.03501386261006936,-0.44743410546828666,0.8919000577245773,0.1287459807073955
IREN,-0.23152481089898203,-0.14792619224305215,-0.2655632743349513,-0.16427558977321155,-0.23522334020006408,0.0,-0.6446200331618772,0.03671661766068071,-0.5437115559810417,0.8630445594128194,0.12855305466237943
AA,-0.15777701412086909,-0.17553256736290046,-0.5730566497260425,-0.11151796598710695,-0.26913752519644873,0.03984078579716907,-1.0124728833858463,0.018606942045673355,-0.4959804314306825,0.8775397006572432,0.12681672025723473
SOC,-0.2773991136471029,-0.2060161580823795,-0.8702987477346387,-0.1597305882713721,-0.6032500387332933,0.24850295981662043,-0.9538152559297361,0.04562556424616394,-0.8114503819016781,1.0217005255985658,0.12655948553054663
EXP,-0.12608680863374788,-0.23220795327520938,-0.3181132821720629,-0.13224872592059644,-0.19241210355005445,0.0,-1.1116872212062932,0.012615940184610867,-0.31030859746433226,1.041347686956809,0.1264951768488746
IBP,-0.10918644117505794,-0.20725008784535415,-0.5009837041562641,-0.15824391318881503,-0.2641579473126008,0.039034563307333195,-0.6628013370585691,0.02224072163112322,-0.45466711709953533,1.2013132493872647,0.12546623794212217
DKNG,-0.21032975452268798,-0.30719864060645263,-0.2775433521935755,-0.1582797805392936,-0.23292298220167862,0.1365813915296052,-1.1873584167652196,0.03417066099308534,-0.4634382231174644,1.2170775487120973,0.12540192926045018
BTDR,-0.19393436468369873,-0.24722323177523053,-0.25546998218130135,-0.11479648967608824,-0.19612603020300745,0.0,-0.5220211469020213,0.048782515568980715,-0.6276061544470791,0.8231525783691067,0.1242443729903537
PNR,-0.10395391670542586,-0.3525692188782663,-0.5652902800222736,-0.12048484885067201,-0.3374296516664592,0.08428302426197827,-0.6340527258026148,0.011231280702824222,-0.5193908705295882,0.7407685078549376,0.12340836012861738
JUNS,-0.14736856166745882,-0.8385717445392078,-1.0593064833511083,-0.3073687508456646,-0.8937213957699186,0.3653533495763013,-0.2911401226944409,0.06649471689524886,-0.9781827459148332,0.0963455537922065,0.12327974276527331
FLG,-0.16948330051373994,-0.2739801169143773,-0.3373340996121349,-0.12609997725945143,-0.15786067457951902,0.07267440732199977,-2.251102301491039,0.010774373737480874,-0.2556326731546853,1.2381378260602234,0.12263665594855307
BCE,-0.20646845817665183,-0.1492347834898219,-0.3212336192002361,-0.14554624120401805,-0.1833334673599799,0.0,-2.648039748259091,0.013916603269114383,-0.2571018656095676,1.2776849476409684,0.122508038585209
CLDX,-0.24409615345055313,-0.264783372647322,-0.22298188463563928,-0.20539358667378793,-0.07668936032278784,0.06680159676723747,-1.5732186045930814,0.038432888150948245,-0.33229329624113313,1.7846492948402246,0.12192926045016077
NESR,-0.3574732828506936,-0.23526710353011882,-0.16269697753818946,-0.2765324376307077,-0.09881193739335581,0.0,-1.6738205002309978,0.031456791552770605,-0.37317545116856743,1.1846457596089575,0.12186495176848874
ALKT,-0.28648140826762236,-0.2403230858804174,-0.2731548866569472,-0.2198331610166745,-0.2051591604605063,0.12442404144367264,-1.5908944127572762,0.04587632371707552,-0.40445188478652716,1.325082900332851,0.12173633440514471
DNTH,-0.23213262757460718,-0.20649151205009697,-0.23380392225365665,-0.19658329043690614,0.002956527451048796,0.0007916326751898816,-1.4441163010026656,0.01869358723893551,-0.28897897896514857,1.1789117566290235,0.1215434083601286
FLUT,-0.2236481343040857,-0.33404081167577004,-0.37462008728342333,-0.1440600479997135,-0.31904060183388105,0.19713740508030228,-1.2292694860321598,0.03349297575282463,-0.684493148057422,1.021533540778449,0.12141479099678457
ETOR,-0.16968838132219366,-0.36618500998319503,-0.34248469701030027,-0.1289574409205968,-0.22886733553475158,0.12473117662090807,-1.0069062572362297,0.019682906541705483,-0.41179148706849766,0.9543903698192443,0.1207073954983923
RKT,-0.16084963860129642,-0.2177726318252361,-0.3798716343498888,-0.12968918828419385,-0.2546551400817837,0.015000343322753906,-0.9584901954562263,0.024359771754369264,-0.5106655287672353,1.301347140301542,0.1192926045016077
NN,-0.20543102813592207,-0.24993700929983498,-0.35154231806853997,-0.20294719837402742,-0.27236397660383627,0.1564037829399387,-0.8350586121888808,0.04380391159170616,-0.4813480467343265,1.0403545110178702,0.1192282958199357
OSK,-0.18237318283701398,-0.1799624616206268,-0.31992164354715824,-0.1406564129597273,-0.1418438319379196,0.0,-1.5380435641297254,0.017951636105868397,-0.2899799597812408,0.9960387641404053,0.1180064308681672
CRUS,-0.10724216156792366,-0.3083820329562449,-0.4801684319926943,-0.08887867093226876,-0.2300674034423218,0.0,-0.7410044403481919,0.023585052208607127,-0.3989099646122314,0.9607789687216218,0.1180064308681672
KBH,-0.12426984689267906,-0.2495431588800039,-0.3058654407021102,-0.16049768175242052,-0.2031906681892074,0.0,-0.9738784514052102,0.01580118984849588,-0.3418614223395653,1.5014529546327613,0.11749196141479099
VERA,-0.14413828245512228,-0.3247689104010497,-0.4910721497896716,-0.08851334516068243,-0.22687753753043127,0.05263168168239347,-0.6804402382572331,0.03619009573482743,-0.46506194240800525,1.16120987805908,0.11742765273311898
AORT,-0.16351069981288224,-0.15305424350711094,-0.5843642449379352,-0.159131471741785,-0.31223254412662294,0.03836972466027926,-1.146211375650994,0.020134592342409236,-0.551333185807148,0.9510654164656848,0.11652733118971062
METC,-0.2723692250494385,-0.35510669721863886,-0.5116717854718111,-0.18141005588609216,-0.39473388293451084,0.2969433696520838,-1.009964084591668,0.03215401289533646,-0.8408799188528915,0.9754318994417888,0.11633440514469454
PZZA,-0.11409177401130244,-0.4509306894292793,-0.5929313106566187,-0.12818143906637902,-0.3703787622223733,0.12398391003513864,-0.5890762083280343,0.02444949667162132,-0.6307094727146295,1.0097597028922571,0.11627009646302251
OCUL,-0.31764181674005276,-0.27616494790896584,-0.29105626580081234,-0.2156009189532121,-0.20130827493796233,0.16223406818669492,-1.4681551838486087,0.05548336088867615,-0.5301055316660115,1.3358137465210593,0.11620578778135049
JBIO,-0.2713047009988637,-0.3601996520818179,-0.3400766135622677,-0.23026393562019032,-0.20475832900027924,0.2348007920494359,-1.4742425296202628,0.035787658033657785,-0.4588454552500143,1.1309899764830917,0.11614147909967847
ELVN,-0.296675883002,-0.2312722196315944,-0.24184740789566717,-0.23590614509522445,0.00512668988367504,0.04565197740925097,-2.224058723835545,0.02797313115882456,-0.3252657842686755,1.3901084559619983,0.11517684887459807
ZCMD,-0.11820765389905319,-0.5191804629308558,-1.1479935498303937,-0.1470524482468223,-0.9933675910628683,0.18088749490410772,-0.0712657364006761,0.08308692159095478,-0.9987050878584319,0.07982163628673715,0.11408360128617363
GBX,-0.12796310047825865,-0.23741561187245885,-0.4036925470786318,-0.12326246689319298,-0.20565220715537547,0.0,-1.1001446401437276,0.01310193561493794,-0.3368794659421005,1.0590710683242448,0.11401929260450161
CW,-0.11469250871227832,-0.34973311619680414,-0.4456978961055599,-0.15407082068843647,-0.24170717452256196,0.08082922256842903,-0.7791115842059183,0.02211132537888946,-0.35342547401552193,1.238969319835477,0.1129903536977492
SNDX,-0.130341554052137,-0.3022980832481158,-0.4591361752618771,-0.10843510845097326,-0.1850234565307849,0.021053117662353047,-0.8544721693652922,0.022795795520713397,-0.32644132043738117,1.2242229911576448,0.11273311897106109
BC,-0.14192464724549403,-0.231097798215256,-0.33753620854532573,-0.15221535885770465,-0.20133471539516878,0.0,-1.4432651876808162,0.012062856554639609,-0.29282345665484577,1.0618004303607778,0.11221864951768487
JLHL,-0.30074636146578326,-0.5115872435893712,-0.41891216635243556,-0.2788969393201416,-0.5389949058879873,0.3153604389479297,-0.459271510932857,0.0808244233076795,-0.9017834753101804,0.1295968084354565,0.11209003215434084
NNE,-0.15285575168341836,-0.19690982836691406,-0.41839903105095044,-0.12797854211221937,-0.33789586197419064,0.0,-0.5424736809526048,0.04086085929731141,-0.7201506237878053,1.0416915453165918,0.1117684887459807
LUNR,-0.12689108572272934,-0.1704120691998714,-0.5918039864173545,-0.14462948734484815,-0.34776705176891076,0.0,-0.4299123856239536,0.04917641960136397,-0.7109409230281751,0.9455280236232463,0.1115112540192926
APP,-0.15159631926709438,-0.4182427459082976,-0.4460687070009989,-0.13128555267476194,-0.3799995891672744,0.12375060265524238,-0.7189260816083592,0.030731489865759097,-0.6232415160214795,0.9350984145521087,0.11093247588424437
REAX,-0.17130056601346522,-0.27327718744898755,-0.49980317516008643,-0.19597177308200564,-0.3270512066084966,0.16880343404312118,-0.48868875708714743,0.044628760607430366,-0.6271662812214428,0.9921139233532886,0.11009646302250804
CARG,-0.17339076276406984,-0.196729631636142,-0.31653747163599943,-0.16384429932559297,-0.14529591750359483,0.0,-1.2799003309545516,0.019860329390244433,-0.2687675683283357,1.4220631970032698,0.10990353697749196
XRAY,-0.18901929188894062,-0.35104471697248585,-0.3977788565148902,-0.1702900866400352,-0.23445746841556625,0.16935464436914177,-1.1867358971600046,0.02814482412950793,-0.39816077285557105,1.1253116627040596,0.10990353697749196
WLK,-0.1627670973383426,-0.2197042564462799,-0.6204108907287852,-0.1364102972299498,-0.2860827427051613,0.06819457620355952,-1.1122877775834528,0.01941912400934054,-0.48978651798073825,0.9843053059571724,0.10977491961414791
PUMP,-0.23262176340839502,-0.3462287892807706,-0.4888493168585172,-0.1440193105316634,-0.2791837141691066,0.2018072704459749,-1.2640744691732295,0.028194418519680468,-0.4958791315318042,1.0895118207040282,0.10971061093247587
VNET,-0.16994635086253496,-0.33121940234053227,-0.5002432355966661,-0.15722578820497102,-0.3716055221119805,0.17061597879317242,-0.6163814159593659,0.05092310237183731,-0.6086956610400787,1.0492810507107733,0.1094533762057878
AXSM,-0.23031526730730256,-0.3023908326704684,-0.20385954590560273,-0.16857436796587322,-0.1569111432721283,0.0,-1.7721876059323372,0.021052284177311954,-0.33800995657371447,1.1453241412933168,0.107524115755627
PLAY,-0.18834259764904115,-0.35778217556980163,-0.6181007100585965,-0.19509568620447404,-0.4396082049682932,0.23923443229460412,-0.740558685849289,0.05388044432524596,-0.6750118049293204,1.608332503556359,0.10739549839228295
HESM,-0.21776136075864871,-0.19243898847962104,-0.2925517335462957,-0.16540391803630716,-0.12140714608821312,0.0,-1.7990445457818323,0.03560772292447113,-0.20258732742149932,1.426965629932027,0.10707395498392283
STWD,-0.18628980213734359,-0.241280933822826,-0.3847395727828692,-0.14193764502084838,-0.201465016677566,0.03754584811053339,-2.7486824656752185,0.01161963225068219,-0.2617083312524612,1.241289278501874,0.1067524115755627
INSM,-0.24132150456294488,-0.12207338951854596,-0.5034668814174117,-0.16049827022191088,-0.2336559451776128,0.0,-0.9482554139299908,0.025931277724474934,-0.524904211240937,1.0596684163293282,0.10630225080385854
GGAL,-0.2099993145886302,-0.3271443587293277,-0.37345018368474314,-0.13553052065772753,-0.2086333722252528,0.10759946830632731,-1.6058999278624282,0.022594262607086798,-0.3741679665382659,1.0121908248344618,0.10630225080385851
CAR,-0.18706770921580218,-0.3565075386103995,-0.7958909355616761,-0.1631239077795278,-0.31267279666698444,0.22097621047471858,-1.1535838919496253,0.030648491070165908,-0.8502878219312473,1.047351865555238,0.10610932475884245
CMCSA,-0.19888792056157423,-0.16916929334772812,-0.3926652920893432,-0.14492853499781033,-0.200083443320747,0.0,-1.686830298039847,0.013129582916029395,-0.33921689420732326,1.1403433338169944,0.1060450160771704
SOUN,-0.17137146556757743,-0.2110803714139009,-0.31322641561858355,-0.17466000085275846,-0.2955700587299689,0.0,-0.8283081805108949,0.024992683693833225,-0.7478971926590606,0.6309289915657695,0.10585209003215434
WSO,-0.12552666443820149,-0.3216304687431689,-0.4530828483433176,-0.09539538159097971,-0.23238316774603562,0.0,-0.8514068470146515,0.016540957598405973,-0.3788947553270394,1.0072666356967581,0.10572347266881028
CENX,-0.20898713373754663,-0.2398928988493313,-0.6080567221308184,-0.1531726112061531,-0.2791837858084326,0.13851341555120103,-1.2483268597549402,0.023917921147159807,-0.47011777802110777,0.966366049707696,0.10572347266881028
HOS,-0.19100344157959892,-0.24876690760880382,-0.3619902909972659,-0.17432598606006044,-0.16302697377735442,0.061594204150485596,-1.3694732686417306,0.022595795728845992,-0.2872641927875953,1.3203389003121906,0.10559485530546624
RAPP,-0.3189890375061494,-0.28059530810036715,-0.24737482609269468,-0.2713201277071924,-0.13634782976733717,0.07561835502970544,-1.70250453093912,0.044220940046220965,-0.411047617594401,1.3388660478996566,0.10559485530546624
FUN,-0.20016254740966577,-0.4424649788945466,-0.5830545781266122,-0.21176173913593144,-0.3502478563420587,0.2591094227259407,-0.9165338493467227,0.031000332801625598,-0.5755422408892895,1.147300222239551,0.10514469453376205
TENX,-0.08942222937344235,-0.9275282439173854,-1.0250524985457898,-0.44140029280153037,-0.8321234288854367,0.14705931851585904,-0.09983012574879935,0.02088781525797805,-0.8998362407906918,0.4497418154624686,0.10501607717041801
STLA,-0.1885918072852263,-0.24433414751795068,-0.5994014843894178,-0.1313778439665526,-0.3703586739604634,0.09444447682227275,-1.2147724821110502,0.03330521638264817,-0.6332508074560651,1.2386593879646368,0.10495176848874599
QS,-0.14820842233514875,-0.3146522790004105,-0.43370873385507,-0.14684684971308615,-0.3619991400535112,0.07352971081922748,-0.7075644275804058,0.02277071581608185,-0.7521691952654312,0.7105525350539484,0.10463022508038584
SFD,-0.13001072376786937,-0.28219950335780886,-0.5008283876762778,-0.13103387032102065,-0.22142756641858408,0.022099959850826325,-1.302410961116761,0.012065368654804643,-0.35671185604343936,1.258525311174985,0.1045016077170418
HGV,-0.15315198122798568,-0.3499896355353477,-0.38667892813392146,-0.15141317711506952,-0.24196838383703045,0.07359312363502751,-1.0737976808526601,0.015770591618009474,-0.37118302700316075,1.0818957935227589,0.1040514469453376
DY,-0.12079013036842268,-0.3859621828856663,-0.46728763153680986,-0.18037376719869902,-0.3040970501181385,0.09616156636694093,-0.5612019819197751,0.025972260810956337,-0.4970198034672575,1.045507082300074,0.10347266881028938
SAH,-0.23395609246635152,-0.3689801313554292,-0.2524044727383423,-0.17637509660386097,-0.1655301277419845,0.04803496671242083,-1.2826413700879538,0.033685453229262495,-0.4590134629354119,1.2713319505795406,0.10237942122186494
BCAX,-0.27027474245015226,-0.4185582331916693,-0.32082286926673387,-0.2255549457702466,-0.1752238613126248,0.16814148586944566,-1.529396995416869,0.03301104191317571,-0.4223684313719954,1.2223409099950218,0.10212218649517686
ACAD,-0.3163166618534393,-0.26549656423790446,-0.24103866879509606,-0.2480660976726783,-0.18182252193824133,0.028894411253547223,-2.273563761309267,0.033134124585912916,-0.35197907544315754,1.33300041511009,0.10160771704180065
LVS,-0.1800957596347017,-0.24810402225682404,-0.46622971513506384,-0.15094931988134397,-0.2826350186321267,0.0629737619455303,-2.115085434790682,0.011107914675737865,-0.4695675274648732,1.0771172671429095,0.10160771704180065
MBC,-0.14484893347421957,-0.29548078552038937,-0.3826715876974518,-0.1793874176544109,-0.2857569355581977,0.04347790031194844,-0.8046159990727766,0.027568322535907023,-0.5238784320544989,1.4962271152499211,0.10141479099678456
MB,-0.19483143083138432,-0.1386556060559916,-0.5112814585797898,-0.18965592601449388,-0.34245451921011283,0.0,-0.19559567005361006,0.019825475174325913,-0.6167539253683454,0.012333496133864044,0.09935691318327974
NMRK,-0.17335539042460746,-0.23435297456430904,-0.34439577259249876,-0.15484173570062898,-0.2010048228180571,0.0,-1.1347950869333385,0.02150422794530763,-0.3691900768872526,1.3227264977235438,0.09858520900321543
FER,-0.12711456385986863,-0.25531065854850843,-0.44311243529835964,-0.14654535445011663,-0.22967107069324955,0.0,-1.4512793341404118,0.014419961908286483,-0.31935734095779145,1.2366048427410563,0.0982636655948553
ORC,-0.21874234906553702,-0.2517825659268903,-0.3817612166633957,-0.1644592983545291,-0.20771741192173132,0.057930875628914316,-3.0997943749717667,0.016457198071083663,-0.3029125018301535,1.2961154951446208,0.0982636655948553
PHIN,-0.15292934911267253,-0.2885357590683494,-0.35251165207530544,-0.13583361849981468,-0.18901262434380506,0.0,-1.1343648108255622,0.018759179327436343,-0.3168142695815318,1.262128089738263,0.09800643086816718
DNN,-0.2765779200773022,-0.2387289366527091,-0.46827344591523423,-0.1990395272169555,-0.28045331762960013,0.13157899139769294,-1.3983010205189674,0.03242964846869202,-0.442791760515569,1.062943058196726,0.09787781350482315
AIR,-0.22085522892698395,-0.2725349847889854,-0.31828061822193143,-0.20250149823299657,-0.14465168144982,0.05491853779374907,-1.3147226520862856,0.029875113098145747,-0.34441485757885093,1.4065768268731305,0.09787781350482315
ARDX,-0.12437049814334811,-0.40422698166300863,-0.6215178581983414,-0.13232105092840696,-0.4115087773951128,0.05555551876255423,-0.7210067203401873,0.01782889849994992,-0.5894868503943962,1.0516283491856182,0.09742765273311897
IVR,-0.1920313992520314,-0.28121073337215696,-0.4089504346364443,-0.15551161389420887,-0.22098338205740253,0.07026024872380607,-2.7410227877333493,0.01558158088510855,-0.30561998746863517,1.2324328006026803,0.09710610932475885
REMX,-0.1879319744852006,-0.24237237249960886,-0.506600835678249,-0.15050589130136915,-0.2875976462248352,0.04186694746364839,-1.4193185797851042,0.01675117636266021,-0.4429380072157788,0.9553594410471028,0.09427652733118971
CORZ,-0.1478917827228361,-0.36732623943974374,-0.31547180209298387,-0.15332869953653816,-0.2265134868626546,0.0,-0.5034127731408775,0.03344949914590675,-0.47427983525635853,0.9558849181503912,0.0935048231511254
FBRT,-0.20040567911119567,-0.24452147203326136,-0.39850278847052234,-0.16909122798622822,-0.24389550114382463,0.031303102945122716,-1.8768477961330425,0.020012288348906206,-0.3674858718078381,1.2844276541745752,0.0932475884244373
TMUS,-0.18587235945974578,-0.24363017507348916,-0.3791536210691918,-0.14233016911976515,-0.20688913348567228,0.0,-1.1879781432065917,0.032928851779956476,-0.33597355060556766,1.180518205545236,0.09234726688102894
AN,-0.27106170884146275,-0.22883498208644582,-0.36750259358276915,-0.17583827455532108,-0.20283425071333083,0.023288662173491046,-2.071982083425855,0.03070330025885359,-0.31576657303368927,1.3512286737842727,0.09215434083601286
TMC,-0.19254270402922202,-0.20025405353915338,-0.37806870788473224,-0.18501991714037214,-0.3572484307532343,0.0,-0.7130474098196053,0.03872261355978877,-0.6856875559413868,0.8454747681481559,0.09131832797427653
MNTS,-0.21328366261800513,-0.4547027595622003,-0.20829666814927605,-0.21385150534254072,-0.46589489485312374,0.0,-0.8815801888647741,0.03748022171662755,-0.8924210459809259,0.7306927615629867,0.0912540192926045
OXM,-0.20750768325101066,-0.3267809441301336,-0.5373160968780497,-0.2125862804535965,-0.30753241988444213,0.16220452242846617,-1.2084386140467056,0.02135322825725133,-0.45254402998738197,1.2707706614034897,0.09016077170418006
RZLV,-0.1978391706223379,-0.273283001437269,-0.34764041085929365,-0.20674373323098105,-0.26975291185185646,0.03409088138213437,-0.7906305086795715,0.033544275835427385,-0.6686851397334943,0.7592711284995014,0.08913183279742765
BMA,-0.21108982004454113,-0.33007437308021703,-0.3259785060824528,-0.15291586356531273,-0.20738312219094046,0.003207161723057119,-1.5237917851635523,0.023337267229990712,-0.36130374024719514,0.9957416067571547,0.08855305466237942
TEX,-0.17749683656013515,-0.2650282363507762,-0.3427561151910853,-0.1693647894568513,-0.1786130155702722,0.0,-1.2776586497032345,0.024377226632806417,-0.31616129760109946,1.1081821291913216,0.08765273311897107
NB,-0.14068404652618194,-0.2539872059427092,-0.448942706090135,-0.18064482361397738,-0.3370911026653275,0.0,-0.5221660893327876,0.02727777546081383,-0.7095115610332763,0.778708857236687,0.08707395498392283
ABG,-0.22914520289939044,-0.24835743428269585,-0.3320660905464723,-0.1658332302392329,-0.19901093575555218,0.0,-1.8534994568517529,0.021661569436632538,-0.3464828023201608,1.1152736272584556,0.08688102893890677
STC,-0.25894217215998816,-0.30263850859536556,-0.35089798236718495,-0.19984173796212235,-0.22060195983832132,0.07279242632468533,-1.9013242557122378,0.03205370528480969,-0.31879931066602285,1.3061337699906077,0.08675241157556271
MOS,-0.28497543583569296,-0.18645244585761322,-0.37320681393603583,-0.18379033663248434,-0.21194020017761028,0.0,-2.2609830065923777,0.021714335191204578,-0.41296496012021466,1.0903663636418477,0.0864951768488746
PRAX,-0.260400341481986,-0.2135349039781268,-0.32758015181075995,-0.2091510024125225,-0.17675709715572685,0.0,-1.4110436988485338,0.026321566650418474,-0.32514946962543867,1.2620455113138564,0.08598070739549839
TTD,-0.16502912781720458,-0.43144976552841996,-0.5504752499301927,-0.1303104952814883,-0.44980822804260934,0.05516231970755638,-0.7344917979254927,0.02163135810732335,-0.7766506599257004,1.0850338314035741,0.08559485530546625
FICO,-0.32918207376130726,-0.5153223257024285,-0.42187743399183597,-0.3055162553361337,-0.4347797610208751,0.19855516964140227,-1.1865165102199222,0.06943007421812677,-0.634855117838497,1.851066751610578,0.085016077170418
EYPT,-0.22456552522907836,-0.8025133488713551,-0.9108950411319015,-0.44075242058527575,-0.7188895971080835,0.2499998916279092,-0.4169329521902562,0.06172229317199152,-0.818302393474581,0.849472604944413,0.08495176848874599
HAYW,-0.1488485314423823,-0.3135403154887334,-0.36262385635032224,-0.17431996724047627,-0.23248896493066262,0.0,-1.3154970276484492,0.013897884322901264,-0.344020803433448,1.337944824383411,0.08469453376205786
AMRZ,-0.13220350501953904,-0.3007586773791746,-0.5182236045146924,-0.14342981217637207,-0.2943679924220318,0.0,-1.050729669860237,0.015600844007847045,-0.44163017060734977,0.9797053109418257,0.08456591639871383
SMR,-0.32672603385215515,-0.1818802926400701,-0.37213192116535865,-0.1968926559062415,-0.3874353982838875,0.0,-1.1636738952072903,0.04007127871023078,-0.8655249878019647,1.049387713306942,0.08430868167202572
WYNN,-0.18222346576139992,-0.2683078997708993,-0.42744387950584395,-0.17013475023099744,-0.2607601947916589,0.0023454868764282745,-2.1190803899011166,0.014999469981144977,-0.43237263664711834,1.3091312039406626,0.08372990353697748
GPI,-0.21030169571883206,-0.2589505652694487,-0.4660789225787777,-0.11897148329316642,-0.2722611942155715,0.0,-1.0886879213495575,0.027958645404028593,-0.48332906885393645,1.2267942038379251,0.08366559485530548
SARO,-0.17188547233358686,-0.3053356634385991,-0.40438004685251017,-0.1759100138002917,-0.2553344508183699,0.016417999675466092,-1.625585420045732,0.014892218708133273,-0.38692629951663227,1.177708702408808,0.08334405144694534
TPB,-0.23048796404987104,-0.33107512405727535,-0.46275711155058497,-0.2216646234526306,-0.3599229712915115,0.12942991072261487,-1.5092585555870826,0.030020934600127,-0.5966635767862232,1.3416291213654963,0.08315112540192926
BROS,-0.15303067350175537,-0.4688563963743859,-0.47017557370837126,-0.18028200145587536,-0.3063084846766204,0.059429500014509154,-0.8199080545450426,0.02071614236339284,-0.4800845321539807,1.104824713900114,0.08160771704180066
BXMT,-0.1793317468569824,-0.3602520072986871,-0.5506716524487149,-0.14548874322687466,-0.32085078549332924,0.06476178799227386,-1.7466070723960634,0.016938082098332655,-0.41685576419980275,1.265759765493774,0.08160771704180063
SPHR,-0.2755832134027486,-0.30384361140186344,-0.31838366294618226,-0.2603139465295179,-0.1728121175857784,0.04021900467441166,-1.4897363166846198,0.03688451873226834,-0.3929584038396988,1.1530484493688402,0.08102893890675242
CRVS,-0.21707847283667336,-0.32685965608549694,-0.455242380202844,-0.20422500745862715,-0.2600131392960051,0.09752310372316868,-1.315173595884308,0.034800517025384045,-0.5875783922516206,1.3365181326280566,0.0802572347266881
ALM,-0.31560173024672256,-0.2534814997685241,-0.48979012305775127,-0.21035437825038583,-0.25033660651598055,0.08785960452072078,-1.1033022165407746,0.04738942729551775,-0.4942356862321924,0.9173078929491385,0.07967845659163988
REZI,-0.12524339826465336,-0.3504478832024496,-0.5017000738095366,-0.15764465259319593,-0.26851387561596707,0.0,-0.5561355539206839,0.021299035119767898,-0.4495805560311854,0.9103163865692416,0.0794855305466238
LBTYK,-0.21939010454568375,-0.24207461570321576,-0.4356096907297129,-0.1496375282852892,-0.23129320630122607,0.0,-2.348608768705472,0.018267353470266527,-0.33425411453636,1.2998390232145787,0.07942122186495178
YFOR,-0.23199825311473832,-0.16947791790588018,-1.128584044619044,-0.25637140173222983,-0.9884755086728731,0.024096361316156664,-0.3361084855135194,0.09504771983811502,-0.9981187215134434,0.49791869070076056,0.07922829581993569
OKLO,-0.16560082741095306,-0.28946472767099785,-0.4658920385008639,-0.1425492488116641,-0.408800589747203,0.0,-0.5651760845650934,0.04099832956489186,-0.8019403871512478,1.011353394252205,0.07890675241157556
BBAI,-0.17229179121224358,-0.2591877209122164,-0.4233465045934327,-0.17315837169833503,-0.37666617328438934,0.0,-0.8960311740547537,0.023895261595909822,-0.7283950485143017,0.8239058515866406,0.07877813504823153
SRRK,-0.2747445962741023,-0.2732550999456286,-0.31018853663096424,-0.1825687223836625,-0.13014621661950443,0.0,-1.71124953258337,0.032321870506233856,-0.29930048212334026,1.6319379412424604,0.07852090032154342
MRP,-0.25077282059900985,-0.22338221304705685,-0.37754358533817256,-0.194831870481315,-0.18870861273206652,0.0,-2.559090122987022,0.02231541005222886,-0.2794945572298464,1.861270368278365,0.07839228295819936
BKD,-0.18413639394348813,-0.32534539375471383,-0.39026960975714486,-0.14182176352786025,-0.22940430261629507,0.0,-1.4814194615347103,0.016896698250735934,-0.3843172613340522,0.9920972376055562,0.07768488745980709
WGO,-0.19752842397753978,-0.23830640604652453,-0.4163243488955356,-0.19002341839341463,-0.2905794968947806,0.0,-1.5362978384869481,0.022289731610665508,-0.5122289059287437,1.204479263656394,0.07762057877813507
TNON,-0.38563656580235117,-0.5882064676932255,-1.0254533023826973,-0.2935327441897341,-0.8249306655478107,0.2429328687400378,-0.328267999354008,0.13749326346117768,-0.9243078648155825,0.6700645631619035,0.07755627009646301
JBLU,-0.15573259793998762,-0.35664500632748597,-0.34213560159130496,-0.20328646204856549,-0.24119671470618864,0.0,-0.84893786553081,0.021140237462431512,-0.40557277221459564,0.7072457745946965,0.077491961414791
RWT,-0.10564815687011686,-0.3802245828416225,-0.5649247076335352,-0.2125906509952291,-0.33070240955766905,0.0,-0.5417295671565467,0.03259051870434009,-0.4609316981570234,1.3997707009890465,0.0767845659163987
RSI,-0.29998509324314027,-0.47901818280887576,-0.2392703119716748,-0.2045262374470087,-0.19832716094479785,0.0,-1.7694409171094476,0.03179594517342165,-0.4422074476990314,1.2622464741850559,0.07646302250803858
WULF,-0.18255437642206784,-0.3872611160872471,-0.42703698967242654,-0.15157561909506012,-0.24460186107881143,0.009210734354099167,-0.6231481287019613,0.04158282422152673,-0.5277777558390998,0.9216382390836733,0.07639871382636657
BOOT,-0.17595536380183174,-0.3107989565621476,-0.37746359828424203,-0.16632800992709862,-0.26428467073749273,0.0,-1.0736591306607408,0.029913826448834155,-0.4220117244258824,1.0875455202969506,0.07614147909967846
VELO,-0.19903017978077475,-0.32262462809706005,-0.28858059886678955,-0.26555199248019445,-0.3878022189117871,0.0,-0.5472758397363064,0.049907276408605476,-0.7164325340705673,0.9744274625838732,0.07581993569131833
QXO,-0.1463958079723574,-0.2601419015987614,-0.6568221857325939,-0.17193182340644786,-0.4025172485495071,0.0,-0.6982469915059201,0.03459496587377366,-0.598633177184869,1.1920401978234199,0.07459807073954983
TYRA,-0.16596190305891778,-0.4194636189090133,-0.5751209300600557,-0.17882620920166448,-0.331015158483946,0.06597240503738701,-0.5615780982882514,0.045809254353650276,-0.48624084655652555,1.1721529958248322,0.07434083601286173
BLDR,-0.1320249663989429,-0.321641045940922,-0.5311602395024072,-0.17548300465164157,-0.37181603229945015,0.0,-0.7277089118405489,0.01923315642725564,-0.589174962903136,1.378409946146823,0.07408360128617364
TU,-0.1770155417352407,-0.29559895267919767,-0.4702433311269326,-0.145968922907053,-0.31184282342204706,0.0,-1.5373630803719622,0.015108887543518676,-0.46160684702901955,0.9574976127674676,0.07356913183279742
LBTYA,-0.22300908148264997,-0.25566203065247795,-0.4441697150072693,-0.15647719016611894,-0.23708099494719492,0.0,-2.1994098197902003,0.018010625601387425,-0.3419033012282491,1.2979434522839233,0.07318327974276526
PFSI,-0.16996939974526082,-0.30227782909212597,-0.49025920036822335,-0.14762824276561637,-0.32960498245488445,0.0,-1.4231742173634452,0.01472947898515848,-0.6192601257479644,1.1108045484415034,0.07260450160771703
HUN,-0.16549522625368285,-0.3323680645756235,-0.5449843523189988,-0.13160066289882966,-0.3018669527582376,0.0,-0.8549184101947169,0.021325207091842692,-0.4812461812778459,0.9950357354508771,0.07221864951768489
LUMN,-0.26613069111492793,-0.23538253217163074,-0.4526654463224361,-0.1639763050433859,-0.30572461392508443,0.0,-1.5171193498846396,0.02874637098002223,-0.560016909782409,1.047019095599689,0.07215434083601287
ALB,-0.1977445072208971,-0.23401678403459747,-0.5651798901771816,-0.16528071893802043,-0.3402374065424416,0.0,-1.3773022554098835,0.024929261156232396,-0.5272193061773122,1.0281865965816503,0.07209003215434084
INDI,-0.2509916831720388,-0.41614569728315987,-0.2656643191046759,-0.2541628375151076,-0.3028063628113895,0.0,-1.0037750229001223,0.02861421943180162,-0.5700000127156575,0.870059536287812,0.07157556270096463
WD,-0.20798328319237003,-0.35218840130631435,-0.4215666357098835,-0.17196990747650887,-0.31912502949977406,0.014784518273890187,-1.340806027135743,0.024009655301140184,-0.5944141547534333,1.2405898993546411,0.07093247588424437
FG,-0.1980961752688638,-0.4062201745976175,-0.328662306013636,-0.18578283537184426,-0.25401913808464593,0.0,-1.5412689412657636,0.020678742903365483,-0.42275021353822717,1.2212951756689538,0.06983922829581994
OLN,-0.16447442769013665,-0.3254281105570038,-0.6247778477027648,-0.13353978088373974,-0.3319914539619997,0.0,-0.9781523118330799,0.01939729362144063,-0.49334198320341016,1.2338458968369592,0.0695176848874598
HROW,-0.22645665931632408,-0.3389390807529129,-0.3337261737755416,-0.1897134141282104,-0.2640370403994532,0.0,-1.5888168418765793,0.01737098243941323,-0.4633211631958838,1.1070576416253368,0.06893890675241159
MEC,-0.22462776908641413,-0.5784543632386533,-0.40860986686069467,-0.2338263634127291,-0.33779587648242826,0.07443350513873029,-1.2761637713458431,0.03439211266235906,-0.5942994360467138,1.02110769393013,0.06816720257234726
TLRY,-0.17899854109350843,-0.2520005293751001,-0.6157325240184719,-0.17768911122824305,-0.4085942418167582,0.0,-1.0523916305772558,0.026951340148661806,-0.8321428526015509,1.0030704559614882,0.06713826366559486
LCII,-0.18954851328442468,-0.2641736688379539,-0.51697944578352,-0.17592491982014702,-0.3003722454176272,0.0,-1.7827506439406922,0.014490740491952387,-0.4846395022932012,1.1766586331688118,0.0667524115755627
VRRM,-0.22907803793913184,-0.39523540240596067,-0.9505380702383756,-0.271028044069199,-0.7338108100247429,0.14024388471010343,-1.0645974599592405,0.03005985241870927,-0.8820088808272615,1.3920890926715448,0.0664951768488746
MPT,-0.16805007510933156,-0.32080832287103045,-0.48374621681518504,-0.17041620273774427,-0.30515717107201235,0.0,-1.136720666055482,0.02983591453217518,-0.44121615193901564,1.3735981934179855,0.06630225080385851
MIAX,-0.308539112283292,-0.316526197215656,-0.42020026147316114,-0.2329825215956015,-0.2741591653651143,0.04572897086446832,-2.295098193412392,0.0307383402708697,-0.4597114883527239,1.3415662614023864,0.06578778135048231
CELC,-0.23889330080377613,-0.3903697174123455,-0.5745773959212046,-0.21149836750815998,-0.3471644211040229,0.09879764282478161,-1.1525920999304105,0.03273564669217384,-0.533245963835469,1.0469919663724552,0.06578778135048231
CIFR,-0.19638259554016424,-0.38042248568824144,-0.34796701286464893,-0.2142527796563931,-0.2733463754254466,0.0,-0.46921164414844274,0.04653975765060293,-0.5443797142820539,1.0051645353834957,0.0639871382636656
MLTX,-0.20798960431068236,-0.5112470770436991,-0.5486986912301658,-0.24389324352367825,-0.35072615572576193,0.09285721827525968,-1.2219174009029585,0.02899141040173632,-0.5108303146557193,1.3738114536581176,0.06334405144694534
BLDP,-0.16558303256286588,-0.39151185583324266,-0.4689881848873161,-0.1671727373550539,-0.35197530859992754,0.0,-0.8729944570541718,0.020283661594804766,-0.6990595732531728,0.5991015997069901,0.06321543408360128
HE,-0.18851860662926445,-0.38939635651226323,-0.590797256634111,-0.17467960125254156,-0.3459069395193297,0.02830134923990919,-2.263327446112956,0.014146225159017754,-0.4838993196862612,1.2517763529413435,0.06295819935691319
PLUG,-0.2213009320588324,-0.25558514658949194,-0.5291600363420889,-0.18207141375208002,-0.3046008026566359,0.0,-1.2333290189770363,0.02566791647015508,-0.5876086949761288,0.8849601878603113,0.06263665594855305
PATK,-0.1797933146398778,-0.2747593745451925,-0.6048657869396944,-0.176553159186433,-0.35085150012423694,0.0,-1.6377301868095997,0.015286889571890219,-0.5568050387454069,1.1254697445517396,0.06231511254019293
RUN,-0.15733086260620033,-0.43518765744495347,-0.5848676266487388,-0.15002821891639628,-0.43242379151099697,0.0,-0.7520163019451525,0.03098597748257646,-0.6480616580516749,0.9545036097569849,0.061672025723472655
LCID,-0.12494541688584748,-0.3554264519852046,-0.7111199998124434,-0.2522718156006247,-0.4924793644433263,0.0,-0.304564863535601,0.03206063760954583,-0.8273266390211333,0.6823671593887621,0.06090032154340837
USAR,-0.24453769069918652,-0.30987813689914556,-0.3717049142088523,-0.2413437065583457,-0.34614673765551773,0.0,-0.9750897961124805,0.0338981498955194,-0.6740951435590494,1.0275009946001508,0.05929260450160771
UUUU,-0.2944977530029198,-0.2737002852722754,-0.6070991426367309,-0.23055207855773607,-0.41093236259286137,0.03791688968732603,-1.3704411551651667,0.03210291050941496,-0.6381312992133976,1.1107465754474264,0.05897106109324759
GLUE,-0.309777481841942,-0.5728415490953109,-0.5618731908601192,-0.241103954090779,-0.4277412588593035,0.11166249108740414,-1.308015739571372,0.030339665672833076,-0.5922560287403006,1.0623373326267174,0.05890675241157557
KNF,-0.15767769358664385,-0.4058971477407681,-0.5585791186482052,-0.17472703922725452,-0.34238724993390746,0.0,-0.9364401434383647,0.03134291080174404,-0.4689262729486696,1.2925465681032666,0.05845659163987138
LAC,-0.2487922346431657,-0.29057587571919385,-0.5722622306558584,-0.19696885543912346,-0.4354458985684283,0.0009376554144291645,-1.4902267432384233,0.021847045081932318,-0.7651144328498948,0.9073688648387781,0.057749196141479095
ALMS,-0.30772054518217884,-0.7877329498631087,-0.8418500379987071,-0.5430363202950282,-0.6751389240657364,0.15714293221342138,-0.7338362079719039,0.03500307635898717,-0.7638613732683887,1.141381056378734,0.05717041800643087
ABVX,-0.27331114227504805,-0.3967496128970711,-0.45628946554113325,-0.206788055211778,-0.2503558574958623,0.02935637140593634,-2.0008240091236806,0.03309165902516645,-0.39584335289712236,1.3230240071082713,0.056270096463022515
GT,-0.19200021119049326,-0.34281108442770714,-0.4980368466670321,-0.18823509325680143,-0.33557193730432877,0.0,-1.2289268448440518,0.029140105309637974,-0.5592979129280868,1.080046505594706,0.05556270096463023
WLFC,-0.29606451763269803,-0.4682028797014681,-0.5398376782154825,-0.2459241482663882,-0.3221328218344527,0.08294785059599283,-2.035187749206475,0.02558429335090057,-0.48277821123822096,0.9648646100903143,0.0554983922829582
IMCC,-0.11039070643681537,-0.6797241509715846,-1.003591840869641,-0.43822654721679966,-0.887379016508572,0.0,-0.08453316163930792,0.3536871967308941,-0.9734306918904192,3.0502483155373654,0.054790996784565914
BOXL,-0.4431463010072587,-0.26066920745556077,-0.6567264864770705,-0.3372606914433758,-0.47697144053619367,0.041095854619088185,-0.3944277470239624,0.07690016469309165,-0.9555288455415367,0.04576639776968203,0.05440514469453376
JOBY,-0.1817949243778475,-0.32645019675900444,-0.510175883406191,-0.22062611949145083,-0.42840521778759844,0.0,-0.9353353179567634,0.02359977774101867,-0.7043070216125447,0.7301012147140857,0.05395498392282958
SKYQ,-0.2545858417977711,-0.42205856189703905,-0.9556776238930986,-0.15370152501114986,-0.2820301860501021,0.03205109982800239,-0.5193313402046614,0.0490282325854034,-0.8034154190122207,0.6480945883188215,0.05311897106109324
CABA,-0.32606832650149653,-0.3443484839354859,-0.5356488256533662,-0.2822076954634727,-0.3352163321763826,0.03921564502562474,-1.5413587558781925,0.04555065211233777,-0.534939782362334,1.2506408829680618,0.04938906752411576
ASTS,-0.19878368918655542,-0.3050849555580918,-0.6272358617637775,-0.20692019518174398,-0.38293162505706124,0.0,-0.6693669480635049,0.04860028791762904,-0.6256292573902918,1.017258050158032,0.04932475884244373
MGM,-0.3090140071802536,-0.42034405269889374,-0.3649095516526034,-0.2541427597559768,-0.2575339247244951,0.0,-3.3142010968340307,0.026305333426401057,-0.4203195586058752,1.6854586450465148,0.047845659163987135
CHTR,-0.2926134838698361,-0.2529096199810944,-0.6783110321674578,-0.244925043673635,-0.3983736836099274,0.0,-1.6624064143085606,0.02144551076883478,-0.6104788766780369,1.06655283620776,0.046495176848874595
WHR,-0.22534892715793875,-0.2986012036396519,-0.6409367524652618,-0.2137650121244733,-0.4445313721604609,0.0,-1.3976845159790632,0.018963135545032195,-0.6845922699851337,1.1983045998200197,0.0462379421221865
FLNC,-0.2672899411342181,-0.5545624509678109,-0.6156148809166683,-0.2814388740495174,-0.5553985718505974,0.058411218597541614,-1.0903145886424042,0.046101767743389116,-0.7705553805163535,1.1318648413708914,0.04617363344051447
PCT,-0.3632265942222731,-0.4617771869241196,-0.4973968965257839,-0.34855619219177536,-0.5000706583466545,0.0438536677442799,-1.7410902055545678,0.03540188177306172,-0.7429015241455144,1.3194432213651652,0.04565916398713826
LQDA,-0.6202783673252801,-0.6515433877955592,-0.43034260761792076,-0.5788119570219734,-0.4847493807519222,0.04020100803538531,-1.5771518841716263,0.1338508691576063,-0.694276608844298,1.9481512623385737,0.04456591639871383
FMC,-0.33517321881138984,-0.27252262677671935,-0.6675889356147241,-0.20345474505576056,-0.3545584351048461,0.0,-1.5273856707250464,0.03362604871617548,-0.7209630593416215,1.2395523463019236,0.04315112540192926
BIOA,-0.29518770348305434,-0.7504152820550496,-0.7594271262077563,-0.289504536334632,-0.6155148157362313,0.0660793516021522,-0.6321702490230542,0.03386037229427752,-0.7466135443484008,0.9807710454615247,0.041093247588424434
ALOY,-0.20678463571751682,-0.3883394175064021,-0.538182493723673,-0.278388554323444,-0.35714588907727973,0.0,-0.5493227873668688,0.041654734109134214,-0.7202472949808355,0.78736568300904,0.040643086816720256
NKTR,-0.4463714550833445,-0.43836339298891636,-0.6198105998531561,-0.3791945616774852,-0.3679826182629188,0.04739417750977792,-2.282712592574638,0.05953132539197651,-0.5887892374976954,1.8569210046619529,0.04051446945337621
PAVS,-0.2369695688985094,-0.3847016361530141,-1.1319844265732812,-0.25490435071788353,-0.9937062626757824,0.012658220207701888,-0.4407781415753885,0.03628792907971966,-0.9999733187127532,0.016112414426132583,0.03993569131832797
ARRY,-0.22495340360612825,-0.4435030742770367,-0.6403906909202045,-0.19489479090771955,-0.5022189667803865,0.0,-1.16637336006526,0.03364803550710558,-0.6935618770766437,0.9786086229606323,0.03864951768488746
TE,-0.2957316954241075,-0.5286188438812818,-0.4347782030723536,-0.24529571489322188,-0.4757525830928421,0.0,-0.9056163503721977,0.04559198519528769,-0.7205149484885173,0.6545618151452082,0.038263665594855306
QFIN,-0.299869353716384,-0.53238463941038,-0.6428926330744074,-0.32519267670289187,-0.5033166015971331,0.03915806034327852,-1.8084072513923664,0.020080981387915767,-0.7520702813945775,1.0156850095461891,0.03813504823151125
WVE,-0.284195224946003,-0.45664500153335486,-0.6668861633187408,-0.264069285777354,-0.5834765191817055,0.013513394507393877,-1.5882367980546122,0.0306594556449598,-0.8364617558688564,1.043015229167159,0.03755627009646302
SIDU,-0.26294788363985755,-0.3008133868828804,-0.7910857421464311,-0.26828106633491144,-0.4579610953546486,0.0,-0.9933093614808933,0.03642065233600978,-0.7524193526058613,0.8330860834131836,0.03704180064308682
XENE,-0.4110601349522467,-0.5045566080551199,-0.5286321155424992,-0.32082906646411913,-0.3117020001501688,0.011802012525644879,-1.9117538999333794,0.07186667527461052,-0.4867531195203373,2.1085367582831585,0.03697749196141479
NUWE,-0.1529153661625371,-0.8010378525438384,-1.1345505408745,-0.329738490199869,-0.9785952285252449,0.0,-0.13101985383205408,0.09229466297298279,-0.9953924307058197,0.7346629175543281,0.036655948553054665
YXT,-0.18812425736858396,-0.44530049002491756,-0.6447622120334353,-0.3992127723230703,-0.5843102780293721,0.0,-0.03373603438110652,0.03778143512412856,-0.9133589438775493,0.023370494145342258,0.03562700964630225
INBS,-0.32154377152912983,-0.36735927025196324,-0.5211646498149096,-0.26276799902390413,-0.5940409652399847,0.0,-0.9667557309358108,0.023015016886859842,-0.913364955193805,0.2556425986675435,0.034726688102893886
HUBG,-0.29832659184817867,-0.494765111570444,-0.48021059201834204,-0.2862426131300727,-0.3671020435709783,0.0,-1.662255920848106,0.02211154277122753,-0.49963846794933076,1.1792542456659973,0.03241157556270097
TROX,-0.22979430918449018,-0.4372213227182148,-0.7420685455627151,-0.2574930742912147,-0.4500736353695802,0.0,-1.148521163418463,0.02344181323323743,-0.6446031936047851,0.8753345730001129,0.03131832797427653
UNIT,-0.33794532212810513,-0.4232469639573416,-0.521727154886878,-0.27374539236522966,-0.2888005586636483,0.0,-2.513205010541021,0.025825772673448922,-0.46392156563553155,1.2434629064301586,0.031061093247588423
BYND,-0.2955196402983984,-0.6301209537546761,-0.7234514905441976,-0.35816007187198784,-0.6217177453171552,0.004694830951162475,-1.0306728632912827,0.05146562307658621,-0.9292817685428538,0.9504265820066549,0.029967845659163987
UWMC,-0.23194038501098635,-0.507359262166464,-0.8489877858261397,-0.2287732124668116,-0.6330490723575686,0.0,-0.7404395447896891,0.03133524116658277,-0.8114336195389809,0.7814638066506191,0.029903536977491964
AMIX,-0.3155106202397002,-0.4971418987467239,-0.7594050641578076,-0.4359583351616195,-0.5790864375543161,0.004166564014206571,-0.1102448868822184,0.030946341662419094,-0.8815192706373544,0.0501112556120869,0.029903536977491964
OPEN,-0.2411621255994678,-0.549605671367476,-0.640688142304613,-0.27230818357762765,-0.5126791551982818,0.0,-1.2292032817825425,0.029997033963777658,-0.7641408681815466,0.7312733359916888,0.028360128617363346
RCAT,-0.3175765447637251,-0.35500843514420544,-0.6866194981573197,-0.29093726172706746,-0.47181764365796497,0.0,-1.293424738365864,0.03202534577427067,-0.6682027634580141,1.0708613873976085,0.028167202572347266
UAMY,-0.2809549537858951,-0.4234313046238215,-0.7102765487820106,-0.2618415093564611,-0.5086125842616324,0.0,-0.9021112220834543,0.024364791324514544,-0.7884945576146503,0.7855225434953809,0.028038585209003215
SION,-0.3913402608220605,-0.931551556856228,-1.0237322506975173,-0.5644318934341555,-0.8517109983505255,0.03418799935443589,-0.595135580631257,0.058534826770317065,-0.9045846434521216,0.6494594447579255,0.027073954983922833
ENVX,-0.24541607337851912,-0.5443794885639379,-0.7475003243541867,-0.2694348373539416,-0.5552889652134787,0.0,-0.857321367065885,0.040342917658346085,-0.8131159975292677,0.9738588541471241,0.026237942122186497
KIDZ,-0.4412127563091388,-0.8360100880503203,-1.1462593190981765,-0.47393714512254703,-0.9944787914611132,0.019230751596258297,-0.8332464849009921,0.045483630573442034,-0.9997333333431146,0.7608803761821976,0.023665594855305467
BW,-0.2682442275591529,-0.5423592883925077,-0.8389021139843442,-0.2803623699669515,-0.5305396098525409,0.0,-0.8902010427481263,0.04634425672949075,-0.7498855809072398,1.097067933209158,0.023536977491961417
SDOT,-0.30382344861065913,-0.5334802737783224,-0.8825563202839972,-0.2541319531665236,-0.6590612265507061,0.0,-0.3520052814180581,0.04983014182949328,-0.9406088054482575,0.061936724399842685,0.022829581993569135
XHLD,-0.9867209296588654,-0.8053592849354383,-0.8062767995784313,-0.9244907895033223,-0.8289515677438781,0.005024323677174735,-0.5588050482693885,0.26217117361157555,-0.9633976823246736,1.6089090230241245,0.022315112540192923
ABR,-0.42441876164280423,-0.42884451659344214,-0.7387190756168811,-0.367698061290481,-0.5115473641297815,0.0,-3.3707301795038846,0.02422827259193178,-0.7212993439873501,1.3896376153133736,0.021864951768488745
EOSE,-0.39673857520491296,-0.4610948894172582,-0.7023511494365938,-0.30449155755108215,-0.6455477654439126,0.0,-1.1944696540293072,0.04930067283028105,-0.8682386654642784,1.0250259365021235,0.021800643086816722
WETO,-0.629285077327421,-1.0249935166958724,-1.130965908602751,-0.8499304073078804,-0.979252156139749,0.01893937683521356,-0.2929440918529947,0.12708590104188597,-0.9949264707518559,1.1280557180437514,0.02147909967845659
GPCR,-0.3836716237860268,-0.547006844046164,-0.6829904985634494,-0.3983724530070215,-0.5138901448743609,0.0,-2.1763802308929283,0.03275575624437054,-0.7272630379144055,1.510674393333784,0.019807073954983923
DFSC,-0.41232288992317956,-0.6038863746813603,-0.6958006764075259,-0.3711593834319281,-0.6014436870941722,0.0,-0.628351089889546,0.04196013686937934,-0.8304571424211775,0.04605215571452697,0.018585209003215437
ONFO,-0.244144987740896,-0.9562495318737074,-1.128842636192192,-0.5433267334883503,-0.97044468493307,0.0,-0.5220598849524253,0.06307846140553652,-0.9905853335062663,0.2504343792984102,0.0177491961414791
ALHC,-0.43130994815786683,-0.6672366045975127,-0.7793353765429992,-0.33642913129110386,-0.5685385920872537,0.0,-1.6980613525198527,0.06936748930486764,-0.6887214923791869,1.8116046757525812,0.01729903536977492
DVLT,-0.3344478675466035,-0.6446449903193812,-0.9475563218060812,-0.4189929146167919,-0.732819442547817,0.0,-0.8007135438536706,0.07443842004127679,-0.9592982459503699,1.2454186557307332,0.016913183279742765
DFNS,-0.4095129036612025,-0.5223592770295796,-1.0546973324894302,-0.6503916578505711,-0.9494619255876442,0.0,-0.21269551037916387,0.05072805622684659,-0.9963025717800216,0.08078123434167013,0.015627009646302252
BIAF,-0.5213956800454291,-0.5871211731726649,-1.0571378225961348,-0.347324411082475,-0.765668459790368,0.0,-0.681144441029861,0.17313373997546022,-0.9327707410352735,1.0216303716396729,0.015434083601286175
BNAI,-0.40484102799444155,-0.6332323000005403,-1.0296991986637196,-0.49960684760284957,-0.7476234026895336,0.0,-1.6179920860203638,0.030570208312797716,-0.9181745998443119,1.0102140417446799,0.01491961414790997
DXJ,-0.6806633824850118,-0.6957121368932657,-0.7836670393256898,-0.6560857444400943,-0.6353968546302228,0.0,-1.6812590720109608,0.149011842149432,-0.6701653256724057,0.739130280547179,0.014726688102893893
SMX,-0.8153513980892126,-0.8085529851285292,-0.8922575008411939,-0.7195675323925691,-0.9526011797368088,0.0,-1.9219551009819495,0.11937797522420218,-0.9989822551800691,2.494123691053769,0.012861736334405145
STKH,-0.7815734142553845,-0.6738336521281847,-1.0324913822474058,-0.7579570337700978,-0.8544081373297577,0.0,-0.5643136945414245,0.11727810434982437,-0.9534870560312225,0.29424893862922935,0.01234726688102894
TRUG,-0.4832780689675653,-0.8759658455132617,-1.0988411530021998,-0.6526114094713873,-0.9399845093596589,0.0,-0.6025644269592406,0.12983585597773334,-0.9918145162443961,1.3768104704136148,0.011897106109324759
GCTK,-0.7084664565134922,-0.8929340073360558,-1.0480015610632591,-0.7220440559415602,-0.9350914828084829,0.0,-0.5923127174588814,0.10590455741373943,-0.9914297488674891,2.048133363792495,0.011575562700964631
ADGM,-0.808896137054151,-0.8173154982885492,-1.0518715779163692,-0.7294565984014785,-0.8428206659057518,0.0,-1.2841320763963173,0.13210698723086753,-0.9452492518054849,0.3639274316046254,0.011511254019292604
PFSA,-0.4464478516917679,-0.8772009158873262,-1.1353835917231094,-0.6049120681789626,-0.9899901520352725,0.0,-0.13715783872699916,0.18182245454182783,-0.9994240631013227,1.9061608847392146,0.011511254019292604
XLAB,-0.8029360084505218,-0.9499531321450462,-1.0573906627866638,-0.7484609247482074,-0.8883163177592632,0.0,-1.763324806373134,0.06951478765813571,-0.9126387611345167,0.23911181207500165,0.010739549839228296
VIVK,-0.7261341324846027,-1.000231164845023,-1.147278261252823,-0.7025969789038726,-0.9900697931307447,0.0,-0.9952401358033375,0.10278251406341676,-0.9997808652369569,1.5829461733494887,0.010160771704180064
RETO,-0.8650220838673698,-1.0200674854233724,-1.1283220640466856,-0.938402012064378,-0.976931291662038,0.0,-0.2077332359280304,1.5546780549085997,-0.9970439130845277,3.1147173229616274,0.00977491961414791
SXTC,-0.9604478613915745,-1.0416970334559528,-1.151534295384033,-0.9567857260141622,-0.999890540131921,0.0,-0.6680113470674026,0.3956362344026102,-0.9999943708330393,2.488954443166329,0.008810289389067524
