run_date,ticker,horizon,predicted_edge,actual_return,regime_alpha
2026-02-23,CHYM,5d,0.057336,0.168388,0.111052
2026-02-23,ALHC,20d,0.153501,-0.1201,-0.273601
2026-02-23,CHYM,20d,0.226032,0.021694,-0.204338
2026-02-23,ALHC,60d,0.137166,-0.177889,-0.315055
2026-02-23,CCI,60d,0.148657,0.066068,-0.082589
2026-02-23,STNE,60d,0.223056,-0.252349,-0.475405
2026-02-23,CRSP,120d,0.315577,-0.007966,-0.323543
2026-02-23,FICO,120d,0.265201,-0.15282,-0.418021
2026-02-23,HIMS,120d,0.263292,0.814958,0.551666
2026-02-23,LIF,120d,0.24819,0.09027,-0.15792
2026-02-23,METC,120d,0.488169,-0.287791,-0.77596
2026-02-23,MMYT,120d,0.267291,0.092783,-0.174508
2026-02-23,OSCR,120d,0.332177,1.631325,1.299148
2026-02-23,QXO,120d,0.346883,-0.413026,-0.759909
2026-02-23,SMCI,120d,0.449924,0.297297,-0.152627
2026-02-23,STNE,120d,0.298849,-0.306116,-0.604965
2026-02-23,UBER,120d,0.244876,0.073954,-0.170922
2026-02-24,CHYM,20d,0.123025,-0.093,-0.216025
2026-02-24,KRMN,20d,0.119465,0.218182,0.098717
2026-02-24,ATRO,60d,0.229307,0.070538,-0.158769
2026-02-24,CGON,60d,0.202369,0.110045,-0.092324
2026-02-24,COPX,60d,0.160825,-0.118453,-0.279278
2026-02-24,ESLT,60d,0.175085,0.010705,-0.16438
2026-02-24,SLVP,60d,0.17485,-0.205476,-0.380326
2026-02-24,SPHR,60d,0.166954,0.187174,0.02022
2026-02-24,WDC,60d,0.195339,0.699523,0.504184
2026-02-24,AG,120d,0.260455,-0.335533,-0.595988
2026-02-24,AMAT,120d,0.253582,0.418187,0.164605
2026-02-24,ASML,120d,0.314467,0.261633,-0.052834
2026-02-24,ATRO,120d,0.304881,0.468594,0.163713
2026-02-24,CELC,120d,0.305798,-0.126193,-0.431991
2026-02-24,COGT,120d,0.291642,-0.033435,-0.325077
2026-02-24,EWY,120d,0.263242,0.280526,0.017284
2026-02-24,FIVE,120d,0.252339,0.077507,-0.174832
2026-02-24,KRYS,120d,0.253951,0.257887,0.003936
2026-02-24,REMX,120d,0.274459,-0.166438,-0.440897
2026-02-24,TTMI,120d,0.473069,0.321275,-0.151794
2026-02-24,VSAT,120d,0.555302,0.698873,0.143571
2026-02-25,ACMR,20d,0.136707,-0.333431,-0.470138
2026-02-25,ALB,60d,0.284924,-0.130439,-0.415363
2026-02-25,CGON,60d,0.246087,0.133357,-0.11273
2026-02-25,FORM,60d,0.437894,0.209487,-0.228407
2026-02-25,LITE,60d,0.580752,0.333306,-0.247446
2026-02-25,MU,60d,0.28192,0.777203,0.495283
2026-02-25,TER,60d,0.316022,0.031368,-0.284654
2026-02-25,VICR,60d,0.473453,0.360773,-0.11268
2026-02-25,WDC,60d,0.369212,0.672771,0.303559
2026-02-25,AG,120d,0.358168,-0.370409,-0.728577
2026-02-25,ASML,120d,0.301577,0.185223,-0.116354
2026-02-25,ATRO,120d,0.307323,0.368701,0.061378
2026-02-25,CELC,120d,0.426052,-0.131682,-0.557734
2026-02-25,CGON,120d,0.545928,0.338656,-0.207272
2026-02-25,CHYM,120d,0.318029,0.511606,0.193577
2026-02-25,COGT,120d,0.531669,-0.064298,-0.595967
2026-02-25,DOCN,120d,0.285551,1.113211,0.82766
2026-02-25,FIVE,120d,0.325069,0.069072,-0.255997
2026-02-25,LNTH,120d,0.291484,0.324089,0.032605
2026-02-25,REMX,120d,0.417095,-0.220468,-0.637563
2026-02-25,SEB,120d,0.286124,-0.102686,-0.38881
2026-02-25,TTMI,120d,0.655091,0.154786,-0.500305
2026-02-25,VICR,120d,0.343118,0.229509,-0.113609
2026-02-25,VSAT,120d,0.595769,0.596097,0.000328
2026-02-26,ACMR,20d,0.116899,-0.277963,-0.394862
2026-02-26,CHYM,20d,0.131616,-0.259491,-0.391107
2026-02-26,ALB,60d,0.284924,-0.069891,-0.354815
2026-02-26,ATRO,60d,0.269835,0.008229,-0.261606
2026-02-26,LITE,60d,0.528026,0.398671,-0.129355
2026-02-26,MU,60d,0.339743,0.807959,0.468216
2026-02-26,SCCO,60d,0.227095,-0.154351,-0.381446
2026-02-26,TER,60d,0.307379,0.077774,-0.229605
2026-02-26,VICR,60d,0.487835,0.3032,-0.184635
2026-02-26,WDC,60d,0.249488,0.716605,0.467117
2026-02-26,AG,120d,0.281402,-0.328266,-0.609668
2026-02-26,ASML,120d,0.268002,0.200865,-0.067137
2026-02-26,ATRO,120d,0.323103,0.275966,-0.047137
2026-02-26,CAR,120d,0.457166,0.465299,0.008133
2026-02-26,CELC,120d,0.305798,-0.157217,-0.463015
2026-02-26,CHYM,120d,0.318029,0.379641,0.061612
2026-02-26,COGT,120d,0.319342,-0.066143,-0.385485
2026-02-26,EWY,120d,0.270021,0.159697,-0.110324
2026-02-26,FIVE,120d,0.290134,0.075338,-0.214796
2026-02-26,REMX,120d,0.309936,-0.221095,-0.531031
2026-02-26,TTMI,120d,0.592371,0.082001,-0.51037
2026-02-26,VICR,120d,0.303938,0.056944,-0.246994
2026-02-26,VSAT,120d,0.575618,0.664207,0.088589
2026-02-27,FN,20d,0.119013,0.01162,-0.107393
2026-02-27,KTOS,20d,0.117859,-0.165236,-0.283095
2026-02-27,BRZE,60d,0.149691,0.340179,0.190488
2026-02-27,STNE,60d,0.227326,-0.186527,-0.413853
2026-02-27,TTAN,60d,0.16091,-0.13372,-0.29463
2026-02-27,AG,120d,0.245338,-0.336891,-0.582229
2026-02-27,ATRO,120d,0.244362,0.182128,-0.062234
2026-02-27,CELC,120d,0.422747,-0.18924,-0.611987
2026-02-27,CRSP,120d,0.269909,-0.033588,-0.303497
2026-02-27,ONTO,120d,0.250162,0.384223,0.134061
2026-02-27,PRAX,120d,0.281691,0.082643,-0.199048
2026-02-27,QXO,120d,0.294014,-0.443006,-0.73702
2026-02-27,STNE,120d,0.244128,-0.339999,-0.584127
2026-02-27,TTMI,120d,0.300623,0.097276,-0.203347
2026-02-27,VSAT,120d,0.524841,0.617082,0.092241
2026-03-02,RDDT,5d,0.051332,-0.05608,-0.107412
2026-03-02,CHYM,20d,0.133193,-0.230327,-0.36352
2026-03-02,KRMN,20d,0.17385,-0.19583,-0.36968
2026-03-02,ATRO,60d,0.229307,0.044991,-0.184316
2026-03-02,DG,60d,0.185294,-0.313165,-0.498459
2026-03-02,ESLT,60d,0.205865,0.000418,-0.205447
2026-03-02,GDXJ,60d,0.140473,-0.273947,-0.41442
2026-03-02,STNE,60d,0.239532,-0.193249,-0.432781
2026-03-02,ACMR,120d,0.270092,0.390475,0.120383
2026-03-02,AG,120d,0.281402,-0.331457,-0.612859
2026-03-02,ALGM,120d,0.246515,0.015578,-0.230937
2026-03-02,ATRO,120d,0.305595,0.201401,-0.104194
2026-03-02,CAR,120d,0.299112,0.531815,0.232703
2026-03-02,EWY,120d,0.261246,0.208757,-0.052489
2026-03-02,LEU,120d,0.292344,-0.104476,-0.39682
2026-03-02,STNE,120d,0.266099,-0.334697,-0.600796
2026-03-02,TTMI,120d,0.424947,-0.02177,-0.446717
2026-03-02,VSAT,120d,0.597483,0.58171,-0.015773
2026-03-03,ALHC,20d,0.24978,-0.044986,-0.294766
2026-03-03,CHYM,20d,0.180337,-0.177788,-0.358125
2026-03-03,FN,20d,0.132951,-0.056977,-0.189928
2026-03-03,ANF,60d,0.285846,-0.17174,-0.457586
2026-03-03,ATRO,60d,0.240406,0.165037,-0.075369
2026-03-03,CHYM,60d,0.391134,-0.205443,-0.596577
2026-03-03,CRSP,120d,0.253391,-0.011712,-0.265103
2026-03-03,ESLT,120d,0.261717,-0.105256,-0.366973
2026-03-03,LIF,120d,0.267502,0.013191,-0.254311
2026-03-03,OSCR,120d,0.311492,1.398317,1.086825
2026-03-03,QXO,120d,0.288404,-0.382232,-0.670636
2026-03-03,SMCI,120d,0.413904,0.152542,-0.261362
2026-03-03,STNE,120d,0.300711,-0.146138,-0.446849
2026-03-03,UBER,120d,0.276863,0.027567,-0.249296
2026-03-03,VSAT,120d,0.55588,0.602139,0.046259
2026-03-03,ZS,120d,0.302187,0.139781,-0.162406
2026-03-04,UNG,5d,0.054684,0.093379,0.038695
2026-03-04,BBIO,20d,0.114584,0.118876,0.004292
2026-03-04,CHYM,20d,0.179716,-0.172735,-0.352451
2026-03-04,RIVN,20d,0.12839,0.00134,-0.12705
2026-03-04,UNG,20d,0.130157,-0.03056,-0.160717
2026-03-04,BHF,60d,0.219402,0.026588,-0.192814
2026-03-04,CELC,60d,0.358298,0.184525,-0.173773
2026-03-04,CHYM,60d,0.458797,-0.174067,-0.632864
2026-03-04,GH,60d,0.380376,0.394216,0.01384
2026-03-04,KLAR,60d,0.234836,0.347826,0.11299
2026-03-04,LQDA,60d,0.241455,0.799302,0.557847
2026-03-04,LULU,60d,0.230607,-0.242653,-0.47326
2026-03-04,OPCH,60d,0.207123,-0.320638,-0.527761
2026-03-05,UNG,5d,0.053124,0.082158,0.029034
2026-03-05,CHYM,20d,0.179716,-0.16746,-0.347176
2026-03-05,UNG,20d,0.104837,-0.058091,-0.162928
2026-03-05,AS,60d,0.199151,0.013296,-0.185855
2026-03-05,CHYM,60d,0.310013,-0.168325,-0.478338
2026-03-05,ESTC,60d,0.172706,0.283666,0.11096
2026-03-05,GH,60d,0.170001,0.394902,0.224901
2026-03-05,LULU,60d,0.194789,-0.237268,-0.432057
2026-03-05,RBLX,60d,0.19621,-0.288741,-0.484951
2026-03-06,CHYM,5d,0.072817,-0.072874,-0.145691
2026-03-06,ALHC,20d,0.165038,0.012473,-0.152565
2026-03-06,AMRZ,20d,0.137038,-0.060736,-0.197774
2026-03-06,CAI,20d,0.224643,0.022593,-0.20205
2026-03-06,CHYM,20d,0.418979,-0.129105,-0.548084
2026-03-06,AS,60d,0.22304,0.042084,-0.180956
2026-03-06,CHYM,60d,0.241517,-0.163293,-0.40481
2026-03-06,DUOL,60d,0.237329,0.078787,-0.158542
2026-03-06,ESLT,60d,0.209679,-0.091943,-0.301622
2026-03-06,FIVE,60d,0.172384,0.023644,-0.14874
2026-03-06,LBRDK,60d,0.178528,-0.392831,-0.571359
2026-03-06,LTH,60d,0.218536,0.267245,0.048709
2026-03-06,LULU,60d,0.205943,-0.256627,-0.46257
2026-03-09,CHYM,5d,0.053478,-0.100751,-0.154229
2026-03-09,ALHC,20d,0.184923,0.188804,0.003881
2026-03-09,CHYM,20d,0.179716,-0.154662,-0.334378
2026-03-09,IOT,20d,0.12881,-0.108021,-0.236831
2026-03-09,ANF,60d,0.29314,-0.114176,-0.407316
2026-03-09,AS,60d,0.199151,0.008216,-0.190935
2026-03-09,CHYM,60d,0.310013,-0.220062,-0.530075
2026-03-09,ESTC,60d,0.232486,0.203756,-0.02873
2026-03-10,CRS,5d,0.051748,-0.051213,-0.102961
2026-03-10,ALHC,20d,0.25265,0.177348,-0.075302
2026-03-10,AVAV,20d,0.148524,-0.156294,-0.304818
2026-03-10,IOT,20d,0.14955,-0.109423,-0.258973
2026-03-10,ANF,60d,0.268328,-0.105609,-0.373937
2026-03-10,ESTC,60d,0.198281,0.255352,0.057071
2026-03-10,MSTR,60d,0.233623,-0.065651,-0.299274
2026-03-10,PINS,60d,0.203589,0.11461,-0.088979
2026-03-10,WING,60d,0.180839,-0.333646,-0.514485
2026-03-11,ALHC,20d,0.196631,0.187118,-0.009513
2026-03-11,FN,20d,0.158134,0.179143,0.021009
2026-03-11,OKTA,20d,0.123027,-0.161905,-0.284932
2026-03-11,ANF,60d,0.29314,-0.136801,-0.429941
2026-03-11,ESTC,60d,0.198281,0.169158,-0.029123
2026-03-11,GAP,60d,0.184112,-0.077585,-0.261697
2026-03-11,LULU,60d,0.183093,-0.298298,-0.481391
2026-03-11,WING,60d,0.180839,-0.316642,-0.497481
2026-03-12,OSCR,5d,0.085281,0.023077,-0.062204
2026-03-12,ALHC,20d,0.172125,0.19743,0.025305
2026-03-12,ANF,20d,0.156017,0.170195,0.014178
2026-03-12,AVAV,20d,0.157601,-0.151784,-0.309385
2026-03-12,CVNA,20d,0.206986,0.149228,-0.057758
2026-03-12,FN,20d,0.179337,0.291205,0.111868
2026-03-12,RIVN,20d,0.146542,0.008497,-0.138045
2026-03-12,SVIX,20d,0.155194,0.055523,-0.099671
2026-03-12,ANF,60d,0.263321,-0.054234,-0.317555
2026-03-12,ATRO,60d,0.197809,0.242741,0.044932
2026-03-12,CHWY,60d,0.211153,-0.180894,-0.392047
2026-03-12,CORT,60d,0.23017,1.26397,1.0338
2026-03-12,GEV,60d,0.181979,0.122946,-0.059033
2026-03-12,LBRDK,60d,0.189268,-0.381484,-0.570752
2026-03-12,MSTR,60d,0.259916,-0.073831,-0.333747
2026-03-12,TTAN,60d,0.275774,-0.035691,-0.311465
2026-03-13,ARRY,5d,0.072923,-0.033189,-0.106112
2026-03-13,AFRM,20d,0.195766,0.108575,-0.087191
2026-03-13,CVNA,20d,0.140306,0.196968,0.056662
2026-03-13,DUOL,20d,0.151643,-0.049395,-0.201038
2026-03-13,RDDT,20d,0.143719,0.128362,-0.015357
2026-03-13,AFRM,60d,0.425803,0.388865,-0.036938
2026-03-13,ANF,60d,0.286971,0.022111,-0.26486
2026-03-13,DUOL,60d,0.413997,0.197886,-0.216111
2026-03-13,ETHE,60d,0.278505,-0.213169,-0.491674
2026-03-13,LIF,60d,0.306866,0.140223,-0.166643
2026-03-13,MSTR,60d,0.357469,-0.162168,-0.519637
2026-03-13,RBLX,60d,0.241795,-0.237859,-0.479654
2026-03-13,STNE,60d,0.225703,-0.065623,-0.291326
2026-03-13,TTAN,60d,0.275774,-0.001271,-0.277045
2026-03-13,WING,60d,0.280441,-0.291075,-0.571516
2026-03-16,ALHC,20d,0.172125,0.215306,0.043181
2026-03-16,ANF,20d,0.117405,0.073647,-0.043758
2026-03-16,SN,20d,0.125558,0.13288,0.007322
2026-03-16,AFRM,60d,0.328766,0.317048,-0.011718
2026-03-16,AS,60d,0.209659,0.006259,-0.2034
2026-03-16,DUOL,60d,0.346824,0.19588,-0.150944
2026-03-16,LIF,60d,0.302359,0.093103,-0.209256
2026-03-16,MSTR,60d,0.315219,-0.218072,-0.533291
2026-03-16,RBLX,60d,0.249862,-0.298631,-0.548493
2026-03-16,TTAN,60d,0.30681,0.006769,-0.300041
2026-03-16,WING,60d,0.272454,-0.267352,-0.539806
2026-03-17,ALHC,20d,0.155428,0.167411,0.011983
2026-03-17,ANF,20d,0.158085,0.058204,-0.099881
2026-03-17,FN,20d,0.140909,0.371565,0.230656
2026-03-17,AFRM,60d,0.360205,0.398023,0.037818
2026-03-17,ANF,60d,0.270008,0.0486,-0.221408
2026-03-17,GBTC,60d,0.266246,-0.150826,-0.417072
2026-03-17,LIF,60d,0.302359,0.088985,-0.213374
2026-03-17,MSTR,60d,0.267306,-0.200492,-0.467798
2026-03-17,WING,60d,0.270803,-0.221178,-0.491981
2026-03-18,ARRY,5d,0.084272,0.126822,0.04255
2026-03-18,ALHC,20d,0.141603,0.144585,0.002982
2026-03-18,ANF,20d,0.156017,0.080493,-0.075524
2026-03-18,CORT,20d,0.159522,0.32012,0.160598
2026-03-18,CVNA,20d,0.190064,0.244084,0.05402
2026-03-18,RDDT,20d,0.142312,0.137685,-0.004627
2026-03-18,ADBE,60d,0.17961,-0.17065,-0.35026
2026-03-18,ANF,60d,0.263321,0.053507,-0.209814
2026-03-18,ATRO,60d,0.186209,0.386282,0.200073
2026-03-18,CHWY,60d,0.23439,-0.20633,-0.44072
2026-03-18,CORT,60d,0.216988,1.48979,1.272802
2026-03-18,CVNA,60d,0.204335,0.100731,-0.103604
2026-03-18,DG,60d,0.19005,-0.08941,-0.27946
2026-03-18,DUOL,60d,0.403155,0.225687,-0.177468
2026-03-18,GEV,60d,0.225073,0.09574,-0.129333
2026-03-18,MNDY,60d,0.195249,0.048668,-0.146581
2026-03-18,MSTR,60d,0.260953,-0.118028,-0.378981
2026-03-18,TMDX,60d,0.244793,-0.355976,-0.600769
2026-03-18,TTAN,60d,0.275774,-0.028659,-0.304433
2026-03-19,GEV,5d,0.065387,-0.004867,-0.070254
2026-03-19,AFRM,20d,0.259544,0.451722,0.192178
2026-03-19,DUOL,20d,0.178406,0.009086,-0.16932
2026-03-19,MSTR,20d,0.160037,0.204572,0.044535
2026-03-19,RDDT,20d,0.168606,0.185925,0.017319
2026-03-19,AFRM,60d,0.596395,0.618276,0.021881
2026-03-19,ANF,60d,0.440206,0.026595,-0.413611
2026-03-19,BITO,60d,0.263328,-0.060767,-0.324095
2026-03-19,DUOL,60d,0.344111,0.275639,-0.068472
2026-03-19,ELF,60d,0.241164,-0.128202,-0.369366
2026-03-19,ESTC,60d,0.310553,0.129646,-0.180907
2026-03-19,ETHE,60d,0.389616,-0.152161,-0.541777
2026-03-19,GAP,60d,0.257974,-0.075685,-0.333659
2026-03-19,GBTC,60d,0.47986,-0.055931,-0.535791
2026-03-19,IT,60d,0.258385,-0.103541,-0.361926
2026-03-19,METC,60d,0.593794,0.015928,-0.577866
2026-03-19,MSTR,60d,0.366664,-0.05136,-0.418024
2026-03-19,QXO,60d,0.27831,-0.177022,-0.455332
2026-03-19,RBLX,60d,0.270637,-0.206189,-0.476826
2026-03-19,STNE,60d,0.394959,-0.038786,-0.433745
2026-03-19,TMDX,60d,0.356259,-0.336264,-0.692523
2026-03-19,TTAN,60d,0.275774,0.004233,-0.271541
2026-03-19,WING,60d,0.376785,-0.110255,-0.48704
2026-03-19,ZS,60d,0.26914,-0.160746,-0.429886
2026-03-20,SARO,5d,0.065922,-0.005469,-0.071391
2026-03-20,AFRM,20d,0.140713,0.530701,0.389988
2026-03-20,DUOL,20d,0.12559,0.06925,-0.05634
2026-03-20,ETHE,20d,0.165025,0.091825,-0.0732
2026-03-20,MSTR,20d,0.218475,0.259104,0.040629
2026-03-20,AFRM,60d,0.643554,0.704862,0.061308
2026-03-20,AMKR,60d,0.370928,0.891451,0.520523
2026-03-20,ANF,60d,0.455443,0.012275,-0.443168
2026-03-20,BURL,60d,0.316213,0.075552,-0.240661
2026-03-20,CCL,60d,0.282924,0.288941,0.006017
2026-03-20,DOCN,60d,0.345826,1.107441,0.761615
2026-03-20,DOCU,60d,0.275484,-0.059284,-0.334768
2026-03-20,DUOL,60d,0.413997,0.30617,-0.107827
2026-03-20,ELF,60d,0.368625,-0.076828,-0.445453
2026-03-20,ESTC,60d,0.318916,0.127556,-0.19136
2026-03-20,ETHE,60d,0.33415,-0.160792,-0.494942
2026-03-20,FOUR,60d,0.293064,0.003158,-0.289906
2026-03-20,GAP,60d,0.297149,-0.084698,-0.381847
2026-03-20,GBTC,60d,0.326943,-0.068436,-0.395379
2026-03-20,IT,60d,0.294424,-0.118766,-0.41319
2026-03-20,KBH,60d,0.279919,0.057915,-0.222004
2026-03-20,LIF,60d,0.403983,0.179011,-0.224972
2026-03-20,METC,60d,0.601238,0.028996,-0.572242
2026-03-20,MIR,60d,0.275322,-0.061789,-0.337111
2026-03-20,MSTR,60d,0.351015,-0.094722,-0.445737
2026-03-20,PI,60d,0.294831,0.321068,0.026237
2026-03-20,PINS,60d,0.288436,0.132762,-0.155674
2026-03-20,QXO,60d,0.3691,-0.087446,-0.456546
2026-03-20,RBLX,60d,0.306982,-0.133778,-0.44076
2026-03-20,RBRK,60d,0.513741,0.403815,-0.109926
2026-03-20,SIG,60d,0.338421,-0.007596,-0.346017
2026-03-20,STNE,60d,0.516594,-0.003506,-0.5201
2026-03-20,TGTX,60d,0.428767,0.680745,0.251978
2026-03-20,TMDX,60d,0.489388,-0.334328,-0.823716
2026-03-20,TTAN,60d,0.313771,-0.017272,-0.331043
2026-03-20,UPST,60d,0.379432,0.240955,-0.138477
2026-03-20,WING,60d,0.425613,-0.131256,-0.556869
2026-03-20,WIX,60d,0.334991,-0.496268,-0.831259
2026-03-20,Z,60d,0.288086,-0.243231,-0.531317
2026-03-20,ZS,60d,0.333885,-0.160032,-0.493917
2026-03-23,ARRY,5d,0.072923,0.019259,-0.053664
2026-03-23,AFRM,20d,0.161382,0.39948,0.238098
2026-03-23,DUOL,20d,0.12559,0.028872,-0.096718
2026-03-23,RDDT,20d,0.146808,0.112514,-0.034294
2026-03-23,AFRM,60d,0.491812,0.532279,0.040467
2026-03-23,ANF,60d,0.334314,-0.031996,-0.36631
2026-03-23,CBRL,60d,0.24329,0.642613,0.399323
2026-03-23,CHWY,60d,0.242507,-0.246715,-0.489222
2026-03-23,DG,60d,0.232715,-0.127125,-0.35984
2026-03-23,DLTR,60d,0.245868,-0.017179,-0.263047
2026-03-23,DUOL,60d,0.458175,0.236992,-0.221183
2026-03-23,ELF,60d,0.33312,-0.134038,-0.467158
2026-03-23,ETHE,60d,0.364479,-0.198116,-0.562595
2026-03-23,GAP,60d,0.227118,-0.146185,-0.373303
2026-03-23,GEV,60d,0.226377,0.188929,-0.037448
2026-03-23,LIF,60d,0.354566,0.142025,-0.212541
2026-03-23,MSTR,60d,0.351015,-0.156585,-0.5076
2026-03-23,QXO,60d,0.26617,-0.184236,-0.450406
2026-03-23,RBLX,60d,0.267734,-0.155172,-0.422906
2026-03-23,RBRK,60d,0.224474,0.352872,0.128398
2026-03-23,STNE,60d,0.394959,-0.072767,-0.467726
2026-03-23,TMDX,60d,0.365756,-0.346717,-0.712473
2026-03-23,TTAN,60d,0.291292,-0.071375,-0.362667
2026-03-23,WING,60d,0.362904,-0.179058,-0.541962
2026-03-23,ZS,60d,0.264288,-0.180632,-0.44492
2026-03-24,RDDT,5d,0.085986,-0.010799,-0.096785
2026-03-24,ANF,20d,0.138619,0.041198,-0.097421
2026-03-24,MSTR,20d,0.169943,0.316404,0.146461
2026-03-24,RDDT,20d,0.146808,0.207097,0.060289
2026-03-24,AFRM,60d,0.491812,0.650368,0.158556
2026-03-24,AI,60d,0.259602,0.242461,-0.017141
2026-03-24,AMKR,60d,0.370928,0.801866,0.430938
2026-03-24,ANF,60d,0.436227,-0.01801,-0.454237
2026-03-24,BURL,60d,0.303579,0.036291,-0.267288
2026-03-24,CCL,60d,0.269097,0.219438,-0.049659
2026-03-24,CHWY,60d,0.29809,-0.223454,-0.521544
2026-03-24,DLTR,60d,0.28828,0.048062,-0.240218
2026-03-24,DUOL,60d,0.445291,0.285422,-0.159869
2026-03-24,ELF,60d,0.356679,-0.049734,-0.406413
2026-03-24,ESTC,60d,0.307764,0.187236,-0.120528
2026-03-24,ETHE,60d,0.38058,-0.196041,-0.576621
2026-03-24,KBH,60d,0.260926,0.02898,-0.231946
2026-03-24,LIF,60d,0.355425,0.207984,-0.147441
2026-03-24,METC,60d,0.342505,-0.020994,-0.363499
2026-03-24,MSTR,60d,0.351015,-0.174092,-0.525107
2026-03-24,PI,60d,0.285745,0.262853,-0.022892
2026-03-24,QXO,60d,0.312003,-0.120357,-0.43236
2026-03-24,RBLX,60d,0.306982,-0.063091,-0.370073
2026-03-24,RBRK,60d,0.408651,0.460786,0.052135
2026-03-24,SIG,60d,0.292094,-0.001078,-0.293172
2026-03-24,STNE,60d,0.506202,-0.083046,-0.589248
2026-03-24,TGTX,60d,0.317338,0.761085,0.443747
2026-03-24,TMDX,60d,0.431061,-0.276625,-0.707686
2026-03-24,TTAN,60d,0.291292,-0.008949,-0.300241
2026-03-24,UPST,60d,0.268675,0.219173,-0.049502
2026-03-24,WING,60d,0.403598,-0.057424,-0.461022
2026-03-24,WIX,60d,0.312748,-0.517707,-0.830455
2026-03-24,Z,60d,0.261103,-0.291326,-0.552429
2026-03-24,ZS,60d,0.286891,-0.10444,-0.391331
2026-03-25,RDDT,5d,0.085986,-0.024708,-0.110694
2026-03-25,ETHE,20d,0.190986,0.064788,-0.126198
2026-03-25,MSTR,20d,0.245483,0.239632,-0.005851
2026-03-25,RDDT,20d,0.195548,0.095467,-0.100081
2026-03-25,SARO,20d,0.185931,-0.086336,-0.272267
2026-03-25,AFRM,60d,0.596395,0.602664,0.006269
2026-03-25,AMR,60d,0.281935,-0.1951,-0.477035
2026-03-25,ANF,60d,0.426746,-0.028007,-0.454753
2026-03-25,BITO,60d,0.348264,-0.098323,-0.446587
2026-03-25,BURL,60d,0.30235,0.033407,-0.268943
2026-03-25,COIN,60d,0.276502,-0.089785,-0.366287
2026-03-25,DUOL,60d,0.39731,0.283797,-0.113513
2026-03-25,ESTC,60d,0.322112,0.176011,-0.146101
2026-03-25,ETHE,60d,0.469219,-0.204016,-0.673235
2026-03-25,GAP,60d,0.340454,-0.166989,-0.507443
2026-03-25,GBTC,60d,0.586141,-0.0946,-0.680741
2026-03-25,IT,60d,0.268514,-0.163083,-0.431597
2026-03-25,METC,60d,0.762328,-0.036638,-0.798966
2026-03-25,MSTR,60d,0.400064,-0.213254,-0.613318
2026-03-25,RBLX,60d,0.314329,-0.165578,-0.479907
2026-03-25,STNE,60d,0.303813,-0.094667,-0.39848
2026-03-25,TGTX,60d,0.293114,0.709617,0.416503
2026-03-25,TMDX,60d,0.400975,-0.281746,-0.682721
2026-03-25,WING,60d,0.389163,-0.05516,-0.444323
2026-03-25,WIX,60d,0.304988,-0.530296,-0.835284
2026-03-25,ZS,60d,0.26914,-0.110298,-0.379438
2026-03-26,DUOL,5d,0.062344,-0.016002,-0.078346
2026-03-26,DUOL,20d,0.145658,0.054429,-0.091229
2026-03-26,ETHE,20d,0.139478,0.132946,-0.006532
2026-03-26,MSTR,20d,0.218475,0.286542,0.068067
2026-03-26,AFRM,60d,0.588428,0.638084,0.049656
2026-03-26,AMKR,60d,0.372761,0.923296,0.550535
2026-03-26,ANF,60d,0.36545,-0.06172,-0.42717
2026-03-26,CBRL,60d,0.301401,0.685391,0.38399
2026-03-26,CCL,60d,0.293451,0.143034,-0.150417
2026-03-26,CHWY,60d,0.296367,-0.339134,-0.635501
2026-03-26,COIN,60d,0.482762,-0.087669,-0.570431
2026-03-26,DAVE,60d,0.371983,0.775377,0.403394
2026-03-26,DLTR,60d,0.326337,0.070007,-0.25633
2026-03-26,DOCN,60d,0.380525,0.835786,0.455261
2026-03-26,DOCU,60d,0.383593,-0.095591,-0.479184
2026-03-26,DUOL,60d,0.445291,0.347263,-0.098028
2026-03-26,ELF,60d,0.466319,-0.050688,-0.517007
2026-03-26,FOUR,60d,0.363674,-0.201198,-0.564872
2026-03-26,GEV,60d,0.386446,0.185987,-0.200459
2026-03-26,KYMR,60d,0.340555,0.225368,-0.115187
2026-03-26,LIF,60d,0.432294,0.182964,-0.24933
2026-03-26,LULU,60d,0.317706,-0.280534,-0.59824
2026-03-26,LYFT,60d,0.303088,0.063486,-0.239602
2026-03-26,METC,60d,0.513676,-0.081603,-0.595279
2026-03-26,MIR,60d,0.30035,0.029041,-0.271309
2026-03-26,QXO,60d,0.592376,-0.174975,-0.767351
2026-03-26,RBLX,60d,0.321162,-0.125162,-0.446324
2026-03-26,RBRK,60d,0.419194,0.559992,0.140798
2026-03-26,SIG,60d,0.388946,-0.030352,-0.419298
2026-03-26,SNOW,60d,0.348786,0.419393,0.070607
2026-03-26,STNE,60d,0.516594,-0.073116,-0.58971
2026-03-26,TEAM,60d,0.303087,0.194041,-0.109046
2026-03-26,TGTX,60d,0.330388,0.686679,0.356291
2026-03-26,TMDX,60d,0.560995,-0.277593,-0.838588
2026-03-26,TPG,60d,0.342758,-0.004211,-0.346969
2026-03-26,UPST,60d,0.474607,0.242005,-0.232602
2026-03-26,VKTX,60d,0.363879,0.01635,-0.347529
2026-03-26,WING,60d,0.442907,-0.031347,-0.474254
2026-03-26,Z,60d,0.308029,-0.271381,-0.57941
2026-03-26,ZG,60d,0.299535,-0.273073,-0.572608
2026-03-26,ZS,60d,0.369171,-0.108339,-0.47751
2026-03-27,GEV,5d,0.062192,0.051807,-0.010385
2026-03-27,DUOL,20d,0.154179,0.083377,-0.070802
2026-03-27,LCID,20d,0.136081,-0.369149,-0.50523
2026-03-27,MSTR,20d,0.236096,0.342537,0.106441
2026-03-27,STNE,20d,0.14619,0.078283,-0.067907
2026-03-27,AFRM,60d,0.723188,0.826005,0.102817
2026-03-27,AMD,60d,0.353769,1.573098,1.219329
2026-03-27,AS,60d,0.384798,0.116767,-0.268031
2026-03-27,CCL,60d,0.339192,0.202442,-0.13675
2026-03-27,CHWY,60d,0.348555,-0.272205,-0.62076
2026-03-27,COIN,60d,0.609445,-0.06845,-0.677895
2026-03-27,CRSP,60d,0.347866,0.170492,-0.177374
2026-03-27,CRWD,60d,0.352873,0.82104,0.468167
2026-03-27,DAVE,60d,1.240596,0.847499,-0.393097
2026-03-27,DLTR,60d,0.361768,0.115421,-0.246347
2026-03-27,DOCN,60d,0.423683,0.824982,0.401299
2026-03-27,DOCU,60d,0.406298,-0.032159,-0.438457
2026-03-27,DUOL,60d,0.481855,0.385946,-0.095909
2026-03-27,ELF,60d,0.536827,0.057166,-0.479661
2026-03-27,ETH,60d,0.340722,-0.202122,-0.542844
2026-03-27,ETHA,60d,0.339193,-0.205863,-0.545056
2026-03-27,FETH,60d,0.342431,-0.205141,-0.547572
2026-03-27,FOUR,60d,0.409113,-0.005845,-0.414958
2026-03-27,GEV,60d,0.391948,0.240319,-0.151629
2026-03-27,GTLB,60d,0.377552,0.389189,0.011637
2026-03-27,IOT,60d,0.339006,0.050084,-0.288922
2026-03-27,KYMR,60d,0.453979,0.277764,-0.176215
2026-03-27,LIF,60d,0.486461,0.280311,-0.20615
2026-03-27,METC,60d,0.466126,-0.192159,-0.658285
2026-03-27,OSCR,60d,0.50112,1.617594,1.116474
2026-03-27,QXO,60d,0.596143,-0.107067,-0.70321
2026-03-27,RBLX,60d,0.498687,-0.08354,-0.582227
2026-03-27,RBRK,60d,0.506968,0.629565,0.122597
2026-03-27,SHOP,60d,0.363662,0.020742,-0.34292
2026-03-27,SIG,60d,0.413853,0.016446,-0.397407
2026-03-27,SNOW,60d,0.379078,0.47873,0.099652
2026-03-27,STNE,60d,0.546781,-0.026938,-0.573719
2026-03-27,TGTX,60d,0.454504,0.688189,0.233685
2026-03-27,TMDX,60d,0.82841,-0.216406,-1.044816
2026-03-27,TPG,60d,0.380713,0.004069,-0.376644
2026-03-27,UPST,60d,0.483773,0.318127,-0.165646
2026-03-27,VKTX,60d,0.445427,0.164514,-0.280913
2026-03-27,WING,60d,0.511151,0.011161,-0.49999
2026-03-27,ZG,60d,0.334168,-0.245236,-0.579404
2026-03-27,ZS,60d,0.433176,-0.044233,-0.477409
2026-03-30,AR,5d,0.070863,-0.080714,-0.151577
2026-03-30,DUOL,20d,0.156057,0.128772,-0.027285
2026-03-30,LCID,20d,0.162722,-0.35847,-0.521192
2026-03-30,MSTR,20d,0.189738,0.364542,0.174804
2026-03-30,STNE,20d,0.14619,0.038574,-0.107616
2026-03-30,TTAN,20d,0.143691,0.000495,-0.143196
2026-03-30,AFRM,60d,0.588428,0.785963,0.197535
2026-03-30,AGX,60d,0.336448,0.466365,0.129917
2026-03-30,AS,60d,0.379618,0.10029,-0.279328
2026-03-30,CBRL,60d,0.324822,0.75539,0.430568
2026-03-30,CCL,60d,0.33729,0.195088,-0.142202
2026-03-30,CHWY,60d,0.344952,-0.299073,-0.644025
2026-03-30,COIN,60d,0.42553,-0.113626,-0.539156
2026-03-30,DAVE,60d,1.240596,0.904579,-0.336017
2026-03-30,DLTR,60d,0.342281,0.117931,-0.22435
2026-03-30,DOCN,60d,0.35872,0.85572,0.497
2026-03-30,DOCU,60d,0.381232,-0.101566,-0.482798
2026-03-30,DUOL,60d,0.506705,0.274331,-0.232374
2026-03-30,ELF,60d,0.536827,0.096714,-0.440113
2026-03-30,ETH,60d,0.340311,-0.227557,-0.567868
2026-03-30,ETHA,60d,0.338629,-0.231172,-0.569801
2026-03-30,FETH,60d,0.340059,-0.229642,-0.569701
2026-03-30,FOUR,60d,0.371653,0.003668,-0.367985
2026-03-30,GEV,60d,0.391948,0.328714,-0.063234
2026-03-30,IRTC,60d,0.332864,0.015585,-0.317279
2026-03-30,LEU,60d,0.444045,0.011037,-0.433008
2026-03-30,LIF,60d,0.48573,0.283841,-0.201889
2026-03-30,LYFT,60d,0.32153,0.113044,-0.208486
2026-03-30,MIR,60d,0.31832,0.066397,-0.251923
2026-03-30,QXO,60d,0.57658,-0.011532,-0.588112
2026-03-30,RBLX,60d,0.375024,-0.106338,-0.481362
2026-03-30,RBRK,60d,0.44165,0.558139,0.116489
2026-03-30,SIG,60d,0.397278,0.03586,-0.361418
2026-03-30,SNOW,60d,0.379078,0.477582,0.098504
2026-03-30,STNE,60d,0.522106,-0.038918,-0.561024
2026-03-30,TMDX,60d,0.82841,-0.175591,-1.004001
2026-03-30,TPG,60d,0.342758,0.020797,-0.321961
2026-03-30,TTAN,60d,0.316143,0.045342,-0.270801
2026-03-30,UPST,60d,0.474607,0.361272,-0.113335
2026-03-30,VKTX,60d,0.363879,0.236297,-0.127582
2026-03-30,WING,60d,0.511151,0.072415,-0.438736
2026-03-30,Z,60d,0.318606,-0.27899,-0.597596
2026-03-30,ZS,60d,0.423866,-0.098062,-0.521928
2026-03-31,GAP,5d,0.059442,0.058315,-0.001127
2026-03-31,EGO,20d,0.161216,-0.137489,-0.298705
2026-03-31,MSTR,20d,0.208397,0.267548,0.059151
2026-03-31,TTAN,20d,0.208804,-0.056413,-0.265217
2026-03-31,AFRM,60d,0.588428,0.734832,0.146404
2026-03-31,CBRL,60d,0.278645,0.896052,0.617407
2026-03-31,CCL,60d,0.270372,0.130141,-0.140231
2026-03-31,CHWY,60d,0.262629,-0.312963,-0.575592
2026-03-31,COIN,60d,0.508556,-0.146326,-0.654882
2026-03-31,DAVE,60d,0.405409,1.003044,0.597635
2026-03-31,DG,60d,0.287466,0.011343,-0.276123
2026-03-31,DLTR,60d,0.329991,0.13113,-0.198861
2026-03-31,DUOL,60d,0.370036,0.232525,-0.137511
2026-03-31,ELF,60d,0.469449,0.112523,-0.356926
2026-03-31,ETHE,60d,0.289196,-0.251317,-0.540513
2026-03-31,FOUR,60d,0.286151,0.089641,-0.19651
2026-03-31,KYMR,60d,0.322906,0.298115,-0.024791
2026-03-31,LIF,60d,0.461475,0.300343,-0.161132
2026-03-31,LMND,60d,0.265944,-0.060944,-0.326888
2026-03-31,LULU,60d,0.280019,-0.232071,-0.51209
2026-03-31,METC,60d,0.407307,-0.187581,-0.594888
2026-03-31,MIR,60d,0.294157,-0.007531,-0.301688
2026-03-31,MSTR,60d,0.367555,-0.340465,-0.70802
2026-03-31,OSCR,60d,0.393512,1.59721,1.203698
2026-03-31,QXO,60d,0.608197,-0.084449,-0.692646
2026-03-31,RBLX,60d,0.337453,-0.159123,-0.496576
2026-03-31,RBRK,60d,0.304262,0.477027,0.172765
2026-03-31,SIG,60d,0.328965,0.0383,-0.290665
2026-03-31,SNOW,60d,0.308894,0.650709,0.341815
2026-03-31,STNE,60d,0.512509,-0.057847,-0.570356
2026-03-31,TMDX,60d,0.507679,-0.311538,-0.819217
2026-03-31,UPST,60d,0.343635,0.312281,-0.031354
2026-03-31,WING,60d,0.432706,0.0788,-0.353906
2026-03-31,ZS,60d,0.351903,-0.057239,-0.409142
2026-04-01,GAP,5d,0.057791,0.072208,0.014417
2026-04-01,AFRM,20d,0.172945,0.411506,0.238561
2026-04-01,DUOL,20d,0.145658,0.14461,-0.001048
2026-04-01,TTAN,20d,0.274159,-0.047573,-0.321732
2026-04-01,AFRM,60d,0.408398,0.796003,0.387605
2026-04-01,CHWY,60d,0.242444,-0.270473,-0.512917
2026-04-01,COIN,60d,0.329287,-0.12336,-0.452647
2026-04-01,DAVE,60d,0.28295,1.142519,0.859569
2026-04-01,DG,60d,0.277205,0.007743,-0.269462
2026-04-01,DLTR,60d,0.291335,0.128059,-0.163276
2026-04-01,DUOL,60d,0.3244,0.206258,-0.118142
2026-04-01,ELF,60d,0.369415,0.122151,-0.247264
2026-04-01,FOUR,60d,0.253529,0.131894,-0.121635
2026-04-01,LIF,60d,0.327677,0.397234,0.069557
2026-04-01,LULU,60d,0.250499,-0.280335,-0.530834
2026-04-01,METC,60d,0.305301,-0.144976,-0.450277
2026-04-01,MIR,60d,0.277364,-0.064309,-0.341673
2026-04-01,MSTR,60d,0.355426,-0.245154,-0.60058
2026-04-01,QXO,60d,0.481513,-0.076684,-0.558197
2026-04-01,RBLX,60d,0.311071,-0.057088,-0.368159
2026-04-01,RBRK,60d,0.30364,0.57481,0.27117
2026-04-01,SIG,60d,0.275735,-0.002982,-0.278717
2026-04-01,STNE,60d,0.402662,-0.082023,-0.484685
2026-04-01,TMDX,60d,0.439498,-0.329781,-0.769279
2026-04-01,UPST,60d,0.255221,0.381309,0.126088
2026-04-01,WING,60d,0.402823,0.145084,-0.257739
2026-04-01,ZS,60d,0.298421,0.006805,-0.291616
2026-04-02,CVNA,5d,0.064954,0.071358,0.006404
2026-04-02,TGTX,20d,0.148456,0.009544,-0.138912
2026-04-02,TMDX,20d,0.213979,-0.006803,-0.220782
2026-04-02,TTAN,20d,0.277429,-0.019228,-0.296657
2026-04-02,AFRM,60d,0.326954,0.760959,0.434005
2026-04-02,ANF,60d,0.240227,-0.024282,-0.264509
2026-04-02,COIN,60d,0.37515,-0.147381,-0.522531
2026-04-02,DAVE,60d,0.254941,1.157441,0.9025
2026-04-02,DG,60d,0.246061,-0.034109,-0.28017
2026-04-02,DUOL,60d,0.26229,0.191423,-0.070867
2026-04-02,ELF,60d,0.330394,0.209941,-0.120453
2026-04-02,ETHE,60d,0.234913,-0.237492,-0.472405
2026-04-02,LIF,60d,0.267571,0.36928,0.101709
2026-04-02,LULU,60d,0.27712,-0.266761,-0.543881
2026-04-02,METC,60d,0.329245,-0.146452,-0.475697
2026-04-02,MIR,60d,0.27028,-0.056316,-0.326596
2026-04-02,MSTR,60d,0.336281,-0.274556,-0.610837
2026-04-02,OSCR,60d,0.238333,1.392617,1.154284
2026-04-02,QXO,60d,0.500378,-0.09196,-0.592338
2026-04-02,RBLX,60d,0.292241,-0.095325,-0.387566
2026-04-02,SIG,60d,0.268288,0.019876,-0.248412
2026-04-02,STNE,60d,0.360374,-0.059381,-0.419755
2026-04-02,TMDX,60d,0.535447,-0.340384,-0.875831
2026-04-02,WING,60d,0.399904,0.139915,-0.259989
2026-04-06,DUOL,5d,0.06243,-0.058865,-0.121295
2026-04-06,AFRM,20d,0.132805,0.38452,0.251715
2026-04-06,FLNC,20d,0.208427,-0.065909,-0.274336
2026-04-06,NCLH,20d,0.149055,-0.112029,-0.261084
2026-04-06,PI,20d,0.129405,0.406898,0.277493
2026-04-06,ROKU,20d,0.15271,0.283299,0.130589
2026-04-06,TTAN,20d,0.239557,0.012855,-0.226702
2026-04-06,AFRM,60d,0.503594,0.73065,0.227056
2026-04-06,BRBR,60d,0.268731,-0.151303,-0.420034
2026-04-06,CAVA,60d,0.275644,-0.028613,-0.304257
2026-04-06,CCL,60d,0.239092,0.104917,-0.134175
2026-04-06,CENX,60d,0.349882,-0.333282,-0.683164
2026-04-06,COIN,60d,0.299016,-0.088964,-0.38798
2026-04-06,DOCU,60d,0.308701,-0.042248,-0.350949
2026-04-06,FOUR,60d,0.285802,0.164773,-0.121029
2026-04-06,HRI,60d,0.235175,0.47421,0.239035
2026-04-06,IOT,60d,0.236252,0.086804,-0.149448
2026-04-06,LIF,60d,0.253911,0.428839,0.174928
2026-04-06,LULU,60d,0.246317,-0.254706,-0.501023
2026-04-06,MDGL,60d,0.294088,-0.036506,-0.330594
2026-04-06,NCLH,60d,0.266562,0.067114,-0.199448
2026-04-06,PCVX,60d,0.253158,-0.062521,-0.315679
2026-04-06,QXO,60d,0.415413,-0.130389,-0.545802
2026-04-06,SIG,60d,0.246892,-0.039004,-0.285896
2026-04-06,TGTX,60d,0.235544,0.588602,0.353058
2026-04-06,TMDX,60d,0.239514,-0.352576,-0.59209
2026-04-06,TPG,60d,0.250519,0.082064,-0.168455
2026-04-06,VERA,60d,0.273452,0.054766,-0.218686
2026-04-06,Z,60d,0.257362,-0.207203,-0.464565
2026-04-06,ZG,60d,0.251269,-0.219086,-0.470355
2026-04-06,ZIM,60d,0.262688,-0.040684,-0.303372
2026-04-07,VERA,5d,0.055919,0.109,0.053081
2026-04-07,FLNC,20d,0.224924,-0.042264,-0.267188
2026-04-07,NCLH,20d,0.179064,-0.095569,-0.274633
2026-04-07,ROKU,20d,0.15271,0.262661,0.109951
2026-04-07,SOC,20d,0.146008,-0.006272,-0.15228
2026-04-07,TTAN,20d,0.236911,0.016137,-0.220774
2026-04-07,AFRM,60d,0.617651,0.784388,0.166737
2026-04-07,BRBR,60d,0.268731,-0.114943,-0.383674
2026-04-07,CAVA,60d,0.286669,-0.078398,-0.365067
2026-04-07,CCL,60d,0.248686,0.114323,-0.134363
2026-04-07,CENX,60d,0.357481,-0.337271,-0.694752
2026-04-07,COIN,60d,0.325052,-0.055372,-0.380424
2026-04-07,DAVE,60d,0.245866,1.339413,1.093547
2026-04-07,DOCU,60d,0.310358,-0.033573,-0.343931
2026-04-07,ELF,60d,0.256141,0.249918,-0.006223
2026-04-07,FOUR,60d,0.277374,0.275143,-0.002231
2026-04-07,GBTC,60d,0.254476,-0.112849,-0.367325
2026-04-07,GTLB,60d,0.276828,0.385313,0.108485
2026-04-07,IOT,60d,0.236252,0.179193,-0.057059
2026-04-07,IRTC,60d,0.253394,0.066172,-0.187222
2026-04-07,LIF,60d,0.257559,0.399709,0.14215
2026-04-07,LULU,60d,0.246317,-0.229323,-0.47564
2026-04-07,MDGL,60d,0.294088,0.031667,-0.262421
2026-04-07,NCLH,60d,0.28071,0.05606,-0.22465
2026-04-07,PCVX,60d,0.2407,-0.037898,-0.278598
2026-04-07,QXO,60d,0.415413,-0.138682,-0.554095
2026-04-07,SIG,60d,0.255118,-0.037297,-0.292415
2026-04-07,TMDX,60d,0.239514,-0.358367,-0.597881
2026-04-07,TPG,60d,0.250519,0.105163,-0.145356
2026-04-07,VERA,60d,0.273452,0.03,-0.243452
2026-04-07,Z,60d,0.257362,-0.180436,-0.437798
2026-04-07,ZG,60d,0.251269,-0.183284,-0.434553
2026-04-07,ZIM,60d,0.273248,-0.027757,-0.301005
2026-04-08,CHYM,5d,0.158495,0.156621,-0.001874
2026-04-08,AFRM,20d,0.226288,0.316603,0.090315
2026-04-08,ALHC,20d,0.189968,-0.148756,-0.338724
2026-04-08,CHYM,20d,0.355404,0.073617,-0.281787
2026-04-08,FIG,20d,0.173304,-0.04268,-0.215984
2026-04-08,FLNC,20d,0.213564,0.033537,-0.180027
2026-04-08,NCLH,20d,0.215508,-0.119544,-0.335052
2026-04-08,SOC,20d,0.303714,-0.022595,-0.326309
2026-04-08,TTAN,20d,0.235498,0.01159,-0.223908
2026-04-08,AFRM,60d,0.409621,0.722144,0.312523
2026-04-08,ATEC,60d,0.290016,-0.199828,-0.489844
2026-04-08,BRBR,60d,0.280537,-0.144946,-0.425483
2026-04-08,CAVA,60d,0.322593,-0.165874,-0.488467
2026-04-08,CCL,60d,0.235078,-0.01254,-0.247618
2026-04-08,CENX,60d,0.330893,-0.288089,-0.618982
2026-04-08,COIN,60d,0.285468,-0.035525,-0.320993
2026-04-08,DJT,60d,0.237518,-0.095089,-0.332607
2026-04-08,DOCU,60d,0.266821,0.026034,-0.240787
2026-04-08,FOUR,60d,0.251449,0.21898,-0.032469
2026-04-08,GBTC,60d,0.254476,-0.110231,-0.364707
2026-04-08,HUBS,60d,0.272169,-0.110744,-0.382913
2026-04-08,LULU,60d,0.232981,-0.272063,-0.505044
2026-04-08,NCLH,60d,0.294872,-0.044643,-0.339515
2026-04-08,POWL,60d,0.324249,0.13787,-0.186379
2026-04-08,PRAX,60d,0.269528,-0.020986,-0.290514
2026-04-08,QXO,60d,0.250596,-0.229532,-0.480128
2026-04-08,SAIA,60d,0.311532,0.043916,-0.267616
2026-04-08,TPL,60d,0.304813,-0.100081,-0.404894
2026-04-08,VERA,60d,0.242164,-0.004959,-0.247123
2026-04-09,CHYM,5d,0.158495,0.182921,0.024426
2026-04-09,ALHC,20d,0.163834,-0.146398,-0.310232
2026-04-09,CCL,20d,0.168016,-0.030521,-0.198537
2026-04-09,CHYM,20d,0.355404,-0.039414,-0.394818
2026-04-09,FIG,20d,0.173304,0.077568,-0.095736
2026-04-09,NCLH,20d,0.215508,-0.137275,-0.352783
2026-04-09,SOC,20d,0.218114,-0.014593,-0.232707
2026-04-09,TTAN,20d,0.222935,0.1113,-0.111635
2026-04-09,AFRM,60d,0.406096,0.706183,0.300087
2026-04-09,BRBR,60d,0.272914,-0.094805,-0.367719
2026-04-09,CAVA,60d,0.286115,-0.190482,-0.476597
2026-04-09,CENX,60d,0.241704,-0.317147,-0.558851
2026-04-09,COIN,60d,0.299016,-0.0326,-0.331616
2026-04-09,FOUR,60d,0.236778,0.211461,-0.025317
2026-04-09,GBTC,60d,0.254476,-0.118517,-0.372993
2026-04-09,NCLH,60d,0.294872,-0.056613,-0.351485
2026-04-09,POWL,60d,0.324249,0.014387,-0.309862
2026-04-09,PRAX,60d,0.248999,0.011585,-0.237414
2026-04-09,TPL,60d,0.298586,0.067217,-0.231369
2026-04-09,TPR,60d,0.248828,-0.038673,-0.287501
2026-04-09,VERA,60d,0.236212,0.049597,-0.186615
2026-04-09,Z,60d,0.245165,-0.193207,-0.438372
2026-04-09,ZG,60d,0.237641,-0.195818,-0.433459
2026-04-10,DOCN,5d,0.066363,0.132822,0.066459
2026-04-10,AFRM,20d,0.289627,0.318978,0.029351
2026-04-10,ALHC,20d,0.163834,-0.125366,-0.2892
2026-04-10,CCL,20d,0.168902,-0.057184,-0.226086
2026-04-10,FLNC,20d,0.184155,0.753266,0.569111
2026-04-10,HIMS,20d,0.164743,0.454967,0.290224
2026-04-10,NCLH,20d,0.202807,-0.144289,-0.347096
2026-04-10,TVTX,20d,0.181682,0.470994,0.289312
2026-04-10,UPST,20d,0.156838,0.062362,-0.094476
2026-04-10,AFRM,60d,0.400144,0.67484,0.274696
2026-04-10,ATEC,60d,0.375894,-0.155046,-0.53094
2026-04-10,BRBR,60d,0.271163,-0.121919,-0.393082
2026-04-10,COIN,60d,0.322934,-0.050581,-0.373515
2026-04-10,DAVE,60d,0.407211,1.025295,0.618084
2026-04-10,FLUT,60d,0.24546,0.087322,-0.158138
2026-04-10,FOUR,60d,0.236778,0.08239,-0.154388
2026-04-10,GBTC,60d,0.279988,-0.154278,-0.434266
2026-04-10,HUBS,60d,0.301786,0.028919,-0.272867
2026-04-10,NCLH,60d,0.285421,-0.074649,-0.36007
2026-04-10,POWL,60d,0.319717,0.004286,-0.315431
2026-04-10,SYF,60d,0.223298,-0.053488,-0.276786
2026-04-10,TEAM,60d,0.232928,0.495538,0.26261
2026-04-10,TTAN,60d,0.242308,0.410924,0.168616
2026-04-10,VERA,60d,0.238782,-0.057949,-0.296731
2026-04-10,Z,60d,0.321808,-0.190619,-0.512427
2026-04-10,ZG,60d,0.301786,-0.195543,-0.497329
2026-04-13,CHYM,5d,0.087539,0.145207,0.057668
2026-04-13,AFRM,20d,0.289627,0.278622,-0.011005
2026-04-13,CCL,20d,0.146091,-0.083243,-0.229334
2026-04-13,CHYM,20d,0.214985,-0.143327,-0.358312
2026-04-13,NCLH,20d,0.18632,-0.181639,-0.367959
2026-04-13,NET,20d,0.141448,0.051625,-0.089823
2026-04-13,RH,20d,0.175209,0.02361,-0.151599
2026-04-13,TVTX,20d,0.178054,0.417264,0.23921
2026-04-13,W,20d,0.15489,-0.156984,-0.311874
2026-04-13,AFRM,60d,0.324908,0.612084,0.287176
2026-04-13,CHYM,60d,0.508057,0.00141,-0.506647
2026-04-13,DAVE,60d,0.510574,0.999385,0.488811
2026-04-13,FOUR,60d,0.236778,0.084011,-0.152767
2026-04-13,HUBS,60d,0.276697,0.003264,-0.273433
2026-04-13,POWL,60d,0.289172,0.033501,-0.255671
2026-04-13,PRAX,60d,0.248999,0.050852,-0.198147
2026-04-13,QXO,60d,0.244536,-0.343243,-0.587779
2026-04-13,RDDT,60d,0.562402,0.341212,-0.22119
2026-04-13,TEAM,60d,0.250997,0.479772,0.228775
2026-04-13,TPR,60d,0.235785,-0.064282,-0.300067
2026-04-13,VERA,60d,0.238782,-0.028826,-0.267608
2026-04-13,WRBY,60d,0.255186,0.377819,0.122633
2026-04-13,Z,60d,0.240611,-0.174117,-0.414728
2026-04-13,ZG,60d,0.238508,-0.182624,-0.421132
2026-04-14,RDDT,5d,0.05752,0.014754,-0.042766
2026-04-14,AFRM,20d,0.328245,0.172161,-0.156084
2026-04-14,CCL,20d,0.146091,-0.133845,-0.279936
2026-04-14,DUOL,20d,0.139414,0.159086,0.019672
2026-04-14,EL,20d,0.157059,0.110835,-0.046224
2026-04-14,FLNC,20d,0.184155,0.437838,0.253683
2026-04-14,HIMS,20d,0.164743,0.171816,0.007073
2026-04-14,NCLH,20d,0.189834,-0.241347,-0.431181
2026-04-14,NET,20d,0.147904,0.045564,-0.10234
2026-04-14,RH,20d,0.181902,0.00436,-0.177542
2026-04-14,UPST,20d,0.156838,-0.05723,-0.214068
2026-04-14,W,20d,0.170733,-0.190444,-0.361177
2026-04-14,AFRM,60d,0.396552,0.494446,0.097894
2026-04-14,AS,60d,0.27064,-0.041322,-0.311962
2026-04-14,ATEC,60d,0.345445,-0.168403,-0.513848
2026-04-14,COIN,60d,0.273048,-0.137411,-0.410459
2026-04-14,DAVE,60d,0.607351,0.874766,0.267415
2026-04-14,FOUR,60d,0.245637,0.086148,-0.159489
2026-04-14,GBTC,60d,0.237263,-0.142709,-0.379972
2026-04-14,HOOD,60d,0.303949,0.415729,0.11178
2026-04-14,HUBS,60d,0.292921,0.005038,-0.287883
2026-04-14,POWL,60d,0.253753,-0.009172,-0.262925
2026-04-14,RDDT,60d,0.580796,0.264009,-0.316787
2026-04-14,TEAM,60d,0.250997,0.488193,0.237196
2026-04-14,TPR,60d,0.238669,-0.064546,-0.303215
2026-04-14,VERA,60d,0.236212,-0.053201,-0.289413
2026-04-14,WRBY,60d,0.258777,0.255402,-0.003375
2026-04-14,Z,60d,0.265517,-0.212766,-0.478283
2026-04-14,ZG,60d,0.251754,-0.219512,-0.471266
2026-04-15,AFRM,20d,0.20544,0.065582,-0.139858
2026-04-15,COIN,20d,0.148963,0.030117,-0.118846
2026-04-15,DUOL,20d,0.135112,0.062766,-0.072346
2026-04-15,HIMS,20d,0.153382,-0.006175,-0.159557
2026-04-15,HOOD,20d,0.142135,-0.121049,-0.263184
2026-04-15,NCLH,20d,0.145141,-0.239583,-0.384724
2026-04-15,TVTX,20d,0.182612,0.087912,-0.0947
2026-04-15,W,20d,0.194363,-0.219189,-0.413552
2026-04-15,AFRM,60d,0.315491,0.374203,0.058712
2026-04-15,ATEC,60d,0.21628,-0.14711,-0.36339
2026-04-15,CVNA,60d,0.208155,-0.124313,-0.332468
2026-04-15,DAVE,60d,0.700649,0.693739,-0.00691
2026-04-15,HOOD,60d,0.263024,0.258131,-0.004893
2026-04-15,MSTR,60d,0.27508,-0.358367,-0.633447
2026-04-15,RBRK,60d,0.2286,0.632399,0.403799
2026-04-15,RDDT,60d,0.586032,0.267857,-0.318175
2026-04-15,TEAM,60d,0.20072,0.45697,0.25625
2026-04-15,TOST,60d,0.201525,0.06392,-0.137605
2026-04-15,WRBY,60d,0.248603,0.158495,-0.090108
2026-04-15,Z,60d,0.230792,-0.26,-0.490792
2026-04-15,ZG,60d,0.212443,-0.267767,-0.48021
2026-04-16,HIMS,5d,0.052186,0.042979,-0.009207
2026-04-16,AFRM,20d,0.248862,0.120936,-0.127926
2026-04-16,APGE,20d,0.17334,-0.07333,-0.24667
2026-04-16,COIN,20d,0.37653,0.060952,-0.315578
2026-04-16,CSIQ,20d,0.148887,0.372881,0.223994
2026-04-16,FLNC,20d,0.215962,0.397864,0.181902
2026-04-16,HOOD,20d,0.227078,-0.070812,-0.29789
2026-04-16,ILMN,20d,0.144468,0.079265,-0.065203
2026-04-16,INSM,20d,0.154455,-0.190279,-0.344734
2026-04-16,NCLH,20d,0.147848,-0.204693,-0.352541
2026-04-16,SOFI,20d,0.175386,-0.158171,-0.333557
2026-04-16,STNE,20d,0.144076,-0.232068,-0.376144
2026-04-16,UPST,20d,0.299367,-0.102146,-0.401513
2026-04-16,W,20d,0.224226,-0.199198,-0.423424
2026-04-16,AFRM,60d,0.315491,0.400962,0.085471
2026-04-16,AMR,60d,0.289906,-0.187909,-0.477815
2026-04-16,ATEC,60d,0.262829,-0.17098,-0.433809
2026-04-16,CELH,60d,0.281189,-0.135151,-0.41634
2026-04-16,CG,60d,0.226226,-0.106593,-0.332819
2026-04-16,EL,60d,0.220392,0.077418,-0.142974
2026-04-16,FETH,60d,0.2032,-0.20527,-0.40847
2026-04-16,HOOD,60d,0.20415,0.306275,0.102125
2026-04-16,LQDA,60d,0.514955,0.847584,0.332629
2026-04-16,MHK,60d,0.23326,0.076065,-0.157195
2026-04-16,RDDT,60d,0.53448,0.251277,-0.283203
2026-04-16,RKT,60d,0.20758,-0.09264,-0.30022
2026-04-16,RYTM,60d,0.267596,0.247985,-0.019611
2026-04-16,SGML,60d,0.2087,-0.420773,-0.629473
2026-04-16,WYNN,60d,0.207481,-0.09987,-0.307351
2026-04-16,Z,60d,0.24025,-0.277223,-0.517473
2026-04-16,ZG,60d,0.211305,-0.278912,-0.490217
2026-04-17,NTLA,5d,0.07441,-0.088294,-0.162704
2026-04-17,AFRM,20d,0.20544,0.020465,-0.184975
2026-04-17,COIN,20d,0.25815,-0.052828,-0.310978
2026-04-17,DAVE,20d,0.1809,-0.059511,-0.240411
2026-04-17,EL,20d,0.188052,0.053543,-0.134509
2026-04-17,GH,20d,0.186291,0.050465,-0.135826
2026-04-17,HOOD,20d,0.226033,-0.149972,-0.376005
2026-04-17,JOBY,20d,0.184347,0.123644,-0.060703
2026-04-17,SOFI,20d,0.197071,-0.196603,-0.393674
2026-04-17,UPST,20d,0.298918,-0.14637,-0.445288
2026-04-17,W,20d,0.234036,-0.284151,-0.518187
2026-04-17,AFRM,60d,0.266633,0.266822,0.000189
2026-04-17,AMR,60d,0.268214,-0.204121,-0.472335
2026-04-17,BE,60d,0.680468,0.151641,-0.528827
2026-04-17,CELH,60d,0.307706,-0.142979,-0.450685
2026-04-17,CG,60d,0.26048,-0.118289,-0.378769
2026-04-17,CRDO,60d,0.359838,0.41104,0.051202
2026-04-17,ETH,60d,0.552817,-0.205551,-0.758368
2026-04-17,ETHA,60d,0.548333,-0.210011,-0.758344
2026-04-17,FETH,60d,0.55207,-0.209245,-0.761315
2026-04-17,HOOD,60d,0.303949,0.273168,-0.030781
2026-04-17,IBP,60d,0.386387,-0.230543,-0.61693
2026-04-17,LQDA,60d,0.401998,0.96985,0.567852
2026-04-17,MEDP,60d,0.269952,0.016577,-0.253375
2026-04-17,RDDT,60d,0.666202,0.208974,-0.457228
2026-04-17,RYTM,60d,0.372764,0.23678,-0.135984
2026-04-17,SOFI,60d,0.259767,-0.080288,-0.340055
2026-04-20,COIN,5d,0.096532,-0.070642,-0.167174
2026-04-20,AFRM,20d,0.236466,-0.039517,-0.275983
2026-04-20,CCL,20d,0.178372,-0.136071,-0.314443
2026-04-20,COIN,20d,0.413424,-0.104853,-0.518277
2026-04-20,EL,20d,0.190502,0.027746,-0.162756
2026-04-20,ELF,20d,0.234944,-0.198188,-0.433132
2026-04-20,FLNC,20d,0.278293,0.54711,0.268817
2026-04-20,GH,20d,0.17861,0.050401,-0.128209
2026-04-20,HOOD,20d,0.256038,-0.154752,-0.41079
2026-04-20,INSM,20d,0.293928,-0.249755,-0.543683
2026-04-20,JOBY,20d,0.188093,0.132385,-0.055708
2026-04-20,KYMR,20d,0.22014,-0.083515,-0.303655
2026-04-20,QXO,20d,0.208184,-0.310487,-0.518671
2026-04-20,SOFI,20d,0.28877,-0.194359,-0.483129
2026-04-20,UPST,20d,0.390549,-0.198508,-0.589057
2026-04-20,VSAT,20d,0.261128,0.116105,-0.145023
2026-04-20,W,20d,0.233613,-0.269207,-0.50282
2026-04-20,AFRM,60d,0.365828,0.190576,-0.175252
2026-04-20,ALNY,60d,0.449366,-0.089374,-0.53874
2026-04-20,AMD,60d,0.372818,0.821931,0.449113
2026-04-20,AMR,60d,0.318227,-0.255397,-0.573624
2026-04-20,CELH,60d,0.307706,-0.112493,-0.420199
2026-04-20,CG,60d,0.341149,-0.10614,-0.447289
2026-04-20,ETH,60d,0.720073,-0.193767,-0.91384
2026-04-20,ETHA,60d,0.715306,-0.19807,-0.913376
2026-04-20,ETHE,60d,0.349736,-0.197863,-0.547599
2026-04-20,FETH,60d,0.719536,-0.196559,-0.916095
2026-04-20,HOOD,60d,0.342298,0.161545,-0.180753
2026-04-20,IBP,60d,0.468403,-0.23786,-0.706263
2026-04-20,INSM,60d,0.466774,-0.247584,-0.714358
2026-04-20,KSS,60d,0.287402,0.206522,-0.08088
2026-04-20,LIF,60d,0.386151,0.134485,-0.251666
2026-04-20,LQDA,60d,0.495917,0.998672,0.502755
2026-04-20,MEDP,60d,0.409638,0.01794,-0.391698
2026-04-20,MHK,60d,0.300461,0.047302,-0.253159
2026-04-20,MIRM,60d,0.348262,0.226204,-0.122058
2026-04-20,RDDT,60d,0.808707,0.114145,-0.694562
2026-04-20,RYTM,60d,0.372764,0.209416,-0.163348
2026-04-21,W,5d,0.064882,-0.080929,-0.145811
2026-04-21,APGE,20d,0.153581,-0.138565,-0.292146
2026-04-21,CCL,20d,0.16329,-0.121479,-0.284769
2026-04-21,COIN,20d,0.415744,-0.012758,-0.428502
2026-04-21,EL,20d,0.187974,0.003691,-0.184283
2026-04-21,FLNC,20d,0.242268,0.402506,0.160238
2026-04-21,HOOD,20d,0.242221,-0.141965,-0.384186
2026-04-21,INSM,20d,0.232306,-0.238119,-0.470425
2026-04-21,QXO,20d,0.176428,-0.291111,-0.467539
2026-04-21,SOFI,20d,0.246748,-0.191184,-0.437932
2026-04-21,TLRY,20d,0.16945,-0.243832,-0.413282
2026-04-21,UPST,20d,0.332126,-0.154217,-0.486343
2026-04-21,VSAT,20d,0.222345,0.134655,-0.08769
2026-04-21,W,20d,0.214013,-0.283127,-0.49714
2026-04-21,ATEC,60d,0.259958,-0.185114,-0.445072
2026-04-21,BZ,60d,0.27892,0.078871,-0.200049
2026-04-21,CELH,60d,0.383466,-0.113184,-0.49665
2026-04-21,CG,60d,0.304978,-0.109076,-0.414054
2026-04-21,ETH,60d,0.696306,-0.195692,-0.891998
2026-04-21,ETHA,60d,0.691088,-0.198271,-0.889359
2026-04-21,ETHE,60d,0.279357,-0.199709,-0.479066
2026-04-21,FETH,60d,0.697229,-0.198253,-0.895482
2026-04-21,IBP,60d,0.379441,-0.271346,-0.650787
2026-04-21,LIF,60d,0.340066,0.180382,-0.159684
2026-04-21,LQDA,60d,0.488702,1.205241,0.716539
2026-04-21,MEDP,60d,0.382423,0.044339,-0.338084
2026-04-21,MHK,60d,0.296206,0.025287,-0.270919
2026-04-21,MOD,60d,0.240055,-0.073336,-0.313391
2026-04-21,RDDT,60d,0.798159,0.155337,-0.642822
2026-04-21,RYTM,60d,0.261982,0.255299,-0.006683
2026-04-21,Z,60d,0.258592,-0.265649,-0.524241
2026-04-21,ZETA,60d,0.261017,0.217294,-0.043723
2026-04-22,COGT,5d,0.084999,-0.01429,-0.099289
2026-04-22,AFRM,20d,0.250658,0.008111,-0.242547
2026-04-22,CCL,20d,0.185272,-0.027861,-0.213133
2026-04-22,COIN,20d,0.428658,-0.072488,-0.501146
2026-04-22,CSIQ,20d,0.180245,0.233161,0.052916
2026-04-22,DAVE,20d,0.185553,-0.135277,-0.32083
2026-04-22,EL,20d,0.197658,0.020089,-0.177569
2026-04-22,ELF,20d,0.196513,-0.226593,-0.423106
2026-04-22,FLNC,20d,0.280628,0.402963,0.122335
2026-04-22,HOOD,20d,0.283089,-0.143277,-0.426366
2026-04-22,INSM,20d,0.293928,-0.253115,-0.547043
2026-04-22,MP,20d,0.199196,-0.183408,-0.382604
2026-04-22,QXO,20d,0.248733,-0.177958,-0.426691
2026-04-22,SOFI,20d,0.316582,-0.17681,-0.493392
2026-04-22,UPST,20d,0.396887,-0.169833,-0.56672
2026-04-22,VSAT,20d,0.297367,0.193247,-0.10412
2026-04-22,W,20d,0.224226,-0.197222,-0.421448
2026-04-22,AFRM,60d,0.34281,0.131271,-0.211539
2026-04-22,AMD,60d,0.372818,0.659428,0.28661
2026-04-22,ATEC,60d,0.273954,-0.221281,-0.495235
2026-04-22,BLDR,60d,0.30234,-0.197837,-0.500177
2026-04-22,CELH,60d,0.349799,-0.115454,-0.465253
2026-04-22,CG,60d,0.330131,-0.121129,-0.45126
2026-04-22,ETH,60d,0.702671,-0.205185,-0.907856
2026-04-22,ETHA,60d,0.697927,-0.209597,-0.907524
2026-04-22,ETHE,60d,0.363335,-0.210305,-0.57364
2026-04-22,FETH,60d,0.70274,-0.208952,-0.911692
2026-04-22,HOOD,60d,0.299019,0.122696,-0.176323
2026-04-22,IBP,60d,0.487542,-0.266337,-0.753879
2026-04-22,KSS,60d,0.287402,0.143922,-0.14348
2026-04-22,LIF,60d,0.342734,0.122139,-0.220595
2026-04-22,LQDA,60d,0.514955,1.07987,0.564915
2026-04-22,MEDP,60d,0.41964,0.038292,-0.381348
2026-04-22,MHK,60d,0.334507,-0.00369,-0.338197
2026-04-22,MOD,60d,0.271823,-0.099822,-0.371645
2026-04-22,RDDT,60d,0.808707,0.105471,-0.703236
2026-04-22,RYTM,60d,0.316831,0.22806,-0.088771
2026-04-22,Z,60d,0.283723,-0.28258,-0.566303
2026-04-23,COGT,5d,0.094665,-0.009685,-0.10435
2026-04-23,AFRM,20d,0.250658,0.066688,-0.18397
2026-04-23,APGE,20d,0.168371,-0.066372,-0.234743
2026-04-23,CCL,20d,0.178372,-0.011619,-0.189991
2026-04-23,COIN,20d,0.428658,-0.022078,-0.450736
2026-04-23,EL,20d,0.198457,0.032853,-0.165604
2026-04-23,FLNC,20d,0.280628,0.493343,0.212715
2026-04-23,HOOD,20d,0.256038,-0.091214,-0.347252
2026-04-23,INSM,20d,0.250434,-0.238476,-0.48891
2026-04-23,JOBY,20d,0.177343,0.224971,0.047628
2026-04-23,MP,20d,0.222039,-0.024953,-0.246992
2026-04-23,QXO,20d,0.228634,-0.229412,-0.458046
2026-04-23,SOFI,20d,0.29854,-0.145742,-0.444282
2026-04-23,UPST,20d,0.381479,-0.120963,-0.502442
2026-04-23,VSAT,20d,0.288974,0.130713,-0.158261
2026-04-23,W,20d,0.218675,-0.13777,-0.356445
2026-04-23,AFRM,60d,0.34281,0.186408,-0.156402
2026-04-23,AMD,60d,0.360865,0.783087,0.422222
2026-04-23,BLDR,60d,0.30234,-0.226315,-0.528655
2026-04-23,CELH,60d,0.383466,-0.174182,-0.557648
2026-04-23,CG,60d,0.335036,-0.083469,-0.418505
2026-04-23,CRSP,60d,0.282326,-0.127401,-0.409727
2026-04-23,ETH,60d,0.709036,-0.165301,-0.874337
2026-04-23,ETHA,60d,0.704766,-0.16924,-0.874006
2026-04-23,ETHE,60d,0.42213,-0.170084,-0.592214
2026-04-23,FETH,60d,0.70825,-0.169991,-0.878241
2026-04-23,HOOD,60d,0.279198,0.273163,-0.006035
2026-04-23,IBP,60d,0.487542,-0.279859,-0.767401
2026-04-23,INDV,60d,0.286549,0.219843,-0.066706
2026-04-23,KSS,60d,0.294039,0.213301,-0.080738
2026-04-23,LIF,60d,0.345401,0.252853,-0.092548
2026-04-23,LQDA,60d,0.544609,1.15937,0.614761
2026-04-23,MEDP,60d,0.451007,0.351406,-0.099601
2026-04-23,MHK,60d,0.330146,9.2e-05,-0.330054
2026-04-23,MOD,60d,0.290041,-0.013888,-0.303929
2026-04-23,POWL,60d,0.287397,-0.030557,-0.317954
2026-04-23,RDDT,60d,0.837979,0.214958,-0.623021
2026-04-23,RYTM,60d,0.334785,0.251027,-0.083758
2026-04-24,COGT,5d,0.094665,-0.00489,-0.099555
2026-04-24,AFRM,20d,0.270494,0.02354,-0.246954
2026-04-24,BBIO,20d,0.200732,-0.056769,-0.257501
2026-04-24,COIN,20d,0.428658,-0.073985,-0.502643
2026-04-24,EL,20d,0.202368,0.134927,-0.067441
2026-04-24,ELF,20d,0.217377,-0.201871,-0.419248
2026-04-24,FLNC,20d,0.280628,0.606129,0.325501
2026-04-24,HOOD,20d,0.256038,-0.130681,-0.386719
2026-04-24,INSM,20d,0.273252,-0.214027,-0.487279
2026-04-24,KYMR,20d,0.214334,-0.070899,-0.285233
2026-04-24,MP,20d,0.222039,0.061419,-0.16062
2026-04-24,QXO,20d,0.254779,-0.205055,-0.459834
2026-04-24,RDDT,20d,0.239722,-0.085351,-0.325073
2026-04-24,SOFI,20d,0.322268,-0.152928,-0.475196
2026-04-24,UPST,20d,0.390549,-0.147208,-0.537757
2026-04-24,VSAT,20d,0.297367,0.202775,-0.094592
2026-04-24,W,20d,0.21921,-0.148642,-0.367852
2026-04-24,AFRM,60d,0.365828,0.159997,-0.205831
2026-04-24,AMD,60d,0.39593,0.588022,0.192092
2026-04-24,BLDR,60d,0.340593,-0.211128,-0.551721
2026-04-24,CELH,60d,0.377363,-0.17693,-0.554293
2026-04-24,CG,60d,0.333178,-0.08105,-0.414228
2026-04-24,ETH,60d,0.702671,-0.16833,-0.871001
2026-04-24,ETHA,60d,0.697927,-0.171233,-0.86916
2026-04-24,ETHE,60d,0.42213,-0.172193,-0.594323
2026-04-24,FETH,60d,0.70274,-0.171997,-0.874737
2026-04-24,HOOD,60d,0.436011,0.233385,-0.202626
2026-04-24,IBP,60d,0.521824,-0.254669,-0.776493
2026-04-24,INDV,60d,0.287425,0.217274,-0.070151
2026-04-24,KSS,60d,0.293338,0.309038,0.0157
2026-04-24,LIF,60d,0.342734,0.136523,-0.206211
2026-04-24,LQDA,60d,0.571875,1.332887,0.761012
2026-04-24,MEDP,60d,0.439049,0.286403,-0.152646
2026-04-24,MHK,60d,0.334507,0.024782,-0.309725
2026-04-24,MOD,60d,0.297212,-0.008184,-0.305396
2026-04-24,POWL,60d,0.301168,-0.047465,-0.348633
2026-04-24,RDDT,60d,0.882947,0.100006,-0.782941
2026-04-24,RYTM,60d,0.334785,0.213186,-0.121599
2026-04-24,Z,60d,0.322609,-0.309403,-0.632012
2026-04-27,COGT,5d,0.083474,0.003415,-0.080059
2026-04-27,AFRM,20d,0.236466,0.063565,-0.172901
2026-04-27,BBWI,20d,0.220679,-0.066351,-0.28703
2026-04-27,COIN,20d,0.391875,-0.084757,-0.476632
2026-04-27,EL,20d,0.196458,0.120021,-0.076437
2026-04-27,ELF,20d,0.227185,-0.150502,-0.377687
2026-04-27,FLNC,20d,0.230473,0.596557,0.366084
2026-04-27,HOOD,20d,0.242221,-0.117451,-0.359672
2026-04-27,INSM,20d,0.273252,-0.199368,-0.47262
2026-04-27,KYMR,20d,0.214334,-0.068182,-0.282516
2026-04-27,MP,20d,0.199196,0.031885,-0.167311
2026-04-27,QXO,20d,0.262367,-0.158411,-0.420778
2026-04-27,SIG,20d,0.194935,-0.042383,-0.237318
2026-04-27,SOFI,20d,0.311258,-0.148188,-0.459446
2026-04-27,UPST,20d,0.368091,-0.075204,-0.443295
2026-04-27,VSAT,20d,0.279444,0.387658,0.108214
2026-04-27,W,20d,0.21508,-0.050812,-0.265892
2026-04-27,AFRM,60d,0.355168,0.093352,-0.261816
2026-04-27,AMD,60d,0.39593,0.612796,0.216866
2026-04-27,BLDR,60d,0.321528,-0.215064,-0.536592
2026-04-27,CELH,60d,0.349799,-0.180145,-0.529944
2026-04-27,CG,60d,0.325392,-0.06253,-0.387922
2026-04-27,ETH,60d,0.696306,-0.177716,-0.874022
2026-04-27,ETHA,60d,0.691088,-0.182976,-0.874064
2026-04-27,ETHE,60d,0.42213,-0.183301,-0.605431
2026-04-27,FETH,60d,0.697229,-0.181499,-0.878728
2026-04-27,HOOD,60d,0.42753,0.210006,-0.217524
2026-04-27,IBP,60d,0.507225,-0.252,-0.759225
2026-04-27,INDV,60d,0.287425,0.180705,-0.10672
2026-04-27,KSS,60d,0.287402,0.202022,-0.08538
2026-04-27,LIF,60d,0.340066,0.11574,-0.224326
2026-04-27,LQDA,60d,0.545344,1.384306,0.838962
2026-04-27,MEDP,60d,0.434417,0.437739,0.003322
2026-04-27,MHK,60d,0.332186,0.022493,-0.309693
2026-04-27,MOD,60d,0.290041,0.019065,-0.270976
2026-04-27,POWL,60d,0.287397,-0.068964,-0.356361
2026-04-27,RDDT,60d,0.882947,0.053492,-0.829455
2026-04-27,RYTM,60d,0.316831,0.20493,-0.111901
2026-04-27,Z,60d,0.297409,-0.351174,-0.648583
2026-04-28,COGT,5d,0.083474,0.017611,-0.065863
2026-04-28,AFRM,20d,0.236466,0.115263,-0.121203
2026-04-28,BBWI,20d,0.220679,0.009865,-0.210814
2026-04-28,COIN,20d,0.391875,-0.104688,-0.496563
2026-04-28,EL,20d,0.196458,0.182879,-0.013579
2026-04-28,ELF,20d,0.227185,-0.089524,-0.316709
2026-04-28,FLNC,20d,0.230473,0.718219,0.487746
2026-04-28,HOOD,20d,0.242221,-0.071159,-0.31338
2026-04-28,INSM,20d,0.273252,-0.211501,-0.484753
2026-04-28,KYMR,20d,0.214334,-0.025641,-0.239975
2026-04-28,MP,20d,0.199196,0.056888,-0.142308
2026-04-28,QXO,20d,0.262367,-0.112698,-0.375065
2026-04-28,SIG,20d,0.194935,-0.045126,-0.240061
2026-04-28,SOFI,20d,0.311258,-0.119281,-0.430539
2026-04-28,UPST,20d,0.368091,-0.065125,-0.433216
2026-04-28,VSAT,20d,0.279444,0.47382,0.194376
2026-04-28,W,20d,0.21508,-0.005843,-0.220923
2026-04-28,AFRM,60d,0.355168,0.111938,-0.24323
2026-04-28,AMD,60d,0.39593,0.614894,0.218964
2026-04-28,BLDR,60d,0.321528,-0.173173,-0.494701
2026-04-28,CELH,60d,0.349799,-0.168608,-0.518407
2026-04-28,CG,60d,0.325392,-0.041632,-0.367024
2026-04-28,ETH,60d,0.696306,-0.187271,-0.883577
2026-04-28,ETHA,60d,0.691088,-0.19171,-0.882798
2026-04-28,ETHE,60d,0.42213,-0.193043,-0.615173
2026-04-28,FETH,60d,0.697229,-0.191016,-0.888245
2026-04-28,HOOD,60d,0.42753,0.156452,-0.271078
2026-04-28,IBP,60d,0.507225,-0.22489,-0.732115
2026-04-28,INDV,60d,0.287425,0.177026,-0.110399
2026-04-28,KSS,60d,0.287402,0.220852,-0.06655
2026-04-28,LIF,60d,0.340066,0.130757,-0.209309
2026-04-28,LQDA,60d,0.545344,1.29004,0.744696
2026-04-28,MEDP,60d,0.434417,0.468034,0.033617
2026-04-28,MHK,60d,0.332186,0.065569,-0.266617
2026-04-28,MOD,60d,0.290041,0.019953,-0.270088
2026-04-28,POWL,60d,0.287397,-0.091055,-0.378452
2026-04-28,RDDT,60d,0.882947,0.140607,-0.74234
2026-04-28,RYTM,60d,0.316831,0.212877,-0.103954
2026-04-28,Z,60d,0.297409,-0.312779,-0.610188
2026-04-29,UPST,5d,0.094654,-0.058399,-0.153053
2026-04-29,APGE,20d,0.27836,-0.051323,-0.329683
2026-04-29,COIN,20d,0.374357,0.002861,-0.371496
2026-04-29,CVNA,20d,0.164508,-0.073476,-0.237984
2026-04-29,DAVE,20d,0.191653,0.044895,-0.146758
2026-04-29,ELF,20d,0.171743,-0.060249,-0.231992
2026-04-29,HOOD,20d,0.242221,0.191573,-0.050648
2026-04-29,MSTR,20d,0.162116,-0.041406,-0.203522
2026-04-29,QXO,20d,0.183721,-0.098419,-0.28214
2026-04-29,RDDT,20d,0.252011,0.134958,-0.117053
2026-04-29,TLRY,20d,0.189364,-0.079805,-0.269169
2026-04-29,UPST,20d,0.261101,0.072507,-0.188594
2026-04-29,W,20d,0.186364,-0.007097,-0.193461
2026-04-29,AMD,60d,0.314944,0.468215,0.153271
2026-04-29,AMR,60d,0.265798,-0.234161,-0.499959
2026-04-29,APGE,60d,0.333148,0.636962,0.303814
2026-04-29,APP,60d,0.263937,-0.069233,-0.33317
2026-04-29,BLDR,60d,0.271112,-0.127848,-0.39896
2026-04-29,CAVA,60d,0.285768,-0.291626,-0.577394
2026-04-29,CELH,60d,0.383466,-0.118494,-0.50196
2026-04-29,CVNA,60d,0.331435,-0.192617,-0.524052
2026-04-29,DAVE,60d,0.653693,0.576748,-0.076945
2026-04-29,ETH,60d,0.61103,-0.123702,-0.734732
2026-04-29,ETHA,60d,0.606981,-0.127003,-0.733984
2026-04-29,ETHE,60d,0.267771,-0.128868,-0.396639
2026-04-29,FETH,60d,0.611367,-0.128482,-0.739849
2026-04-29,IBP,60d,0.367168,-0.195286,-0.562454
2026-04-29,LIF,60d,0.318863,0.261542,-0.057321
2026-04-29,LQDA,60d,0.425643,1.212844,0.787201
2026-04-29,MEDP,60d,0.382423,0.42501,0.042587
2026-04-29,MSTR,60d,0.257068,-0.376383,-0.633451
2026-04-29,RDDT,60d,0.847531,0.213063,-0.634468
2026-04-29,VKTX,60d,0.508193,0.112991,-0.395202
2026-04-30,RBRK,5d,0.11681,0.156262,0.039452
2026-04-30,ANF,20d,0.15581,-0.095255,-0.251065
2026-04-30,APGE,20d,0.227267,-0.009048,-0.236315
2026-04-30,COIN,20d,0.404613,0.00671,-0.397903
2026-04-30,CVNA,20d,0.164508,-0.077817,-0.242325
2026-04-30,ELF,20d,0.209741,-0.12459,-0.334331
2026-04-30,HOOD,20d,0.24722,0.29373,0.04651
2026-04-30,INSM,20d,0.204008,-0.2158,-0.419808
2026-04-30,KYMR,20d,0.156557,0.004317,-0.15224
2026-04-30,MDGL,20d,0.158104,-0.038888,-0.196992
2026-04-30,QXO,20d,0.208184,-0.140508,-0.348692
2026-04-30,SOFI,20d,0.269551,0.131677,-0.137874
2026-04-30,TLRY,20d,0.174236,-0.116987,-0.291223
2026-04-30,UPST,20d,0.261101,0.069981,-0.19112
2026-04-30,ZIM,20d,0.177482,-0.111573,-0.289055
2026-04-30,AMD,60d,0.33614,0.282462,-0.053678
2026-04-30,APGE,60d,0.364384,0.618651,0.254267
2026-04-30,BLDR,60d,0.30234,-0.068403,-0.370743
2026-04-30,CAVA,60d,0.297168,-0.304143,-0.601311
2026-04-30,CELH,60d,0.283458,-0.122729,-0.406187
2026-04-30,CG,60d,0.256693,-0.065085,-0.321778
2026-04-30,COIN,60d,0.296186,-0.105821,-0.402007
2026-04-30,CVNA,60d,0.312117,-0.165361,-0.477478
2026-04-30,DAVE,60d,0.857669,0.494357,-0.363312
2026-04-30,ETH,60d,0.55605,-0.147717,-0.703767
2026-04-30,ETHA,60d,0.551321,-0.151639,-0.70296
2026-04-30,ETHE,60d,0.324964,-0.152458,-0.477422
2026-04-30,FETH,60d,0.555182,-0.15091,-0.706092
2026-04-30,HOOD,60d,0.266882,0.272603,0.005721
2026-04-30,IBP,60d,0.390008,-0.166443,-0.556451
2026-04-30,INSP,60d,0.329009,-0.074279,-0.403288
2026-04-30,LQDA,60d,0.495917,1.214231,0.718314
2026-04-30,MEDP,60d,0.393374,0.363803,-0.029571
2026-04-30,MHK,60d,0.328782,0.109701,-0.219081
2026-04-30,MOD,60d,0.258677,-0.182893,-0.44157
2026-04-30,MSTR,60d,0.257068,-0.418797,-0.675865
2026-04-30,TOST,60d,0.256959,0.133941,-0.123018
2026-04-30,VKTX,60d,0.871692,0.085953,-0.785739
2026-05-01,UPST,5d,0.090487,-0.115455,-0.205942
2026-05-01,AFRM,20d,0.155394,0.079508,-0.075886
2026-05-01,APGE,20d,0.17334,-0.017957,-0.191297
2026-05-01,COIN,20d,0.404613,-0.045176,-0.449789
2026-05-01,EL,20d,0.156903,0.083366,-0.073537
2026-05-01,ELF,20d,0.201561,-0.115722,-0.317283
2026-05-01,HOOD,20d,0.256038,0.23174,-0.024298
2026-05-01,INSM,20d,0.232306,-0.204337,-0.436643
2026-05-01,QXO,20d,0.194743,-0.154389,-0.349132
2026-05-01,SOFI,20d,0.217759,0.130858,-0.086901
2026-05-01,TLRY,20d,0.174236,-0.108766,-0.283002
2026-05-01,UPST,20d,0.316837,0.026573,-0.290264
2026-05-01,VSAT,20d,0.267849,0.118857,-0.148992
2026-05-01,W,20d,0.20102,0.108397,-0.092623
2026-05-01,AMD,60d,0.360177,0.191435,-0.168742
2026-05-01,AMR,60d,0.268214,-0.236936,-0.50515
2026-05-01,BLDR,60d,0.284642,-0.105124,-0.389766
2026-05-01,CELH,60d,0.377363,-0.143789,-0.521152
2026-05-01,CG,60d,0.268302,-0.089235,-0.357537
2026-05-01,ETH,60d,0.61103,-0.178539,-0.789569
2026-05-01,ETHA,60d,0.606981,-0.182549,-0.78953
2026-05-01,ETHE,60d,0.349736,-0.183609,-0.533345
2026-05-01,FETH,60d,0.611367,-0.182768,-0.794135
2026-05-01,IBP,60d,0.424942,-0.204836,-0.629778
2026-05-01,KSS,60d,0.260702,0.310342,0.04964
2026-05-01,LIF,60d,0.327069,0.208525,-0.118544
2026-05-01,LQDA,60d,0.495917,1.27635,0.780433
2026-05-01,MEDP,60d,0.41964,0.400896,-0.018744
2026-05-01,MHK,60d,0.300461,0.134594,-0.165867
2026-05-01,MOD,60d,0.271823,-0.332759,-0.604582
2026-05-01,RDDT,60d,0.506147,0.069137,-0.43701
2026-05-01,Z,60d,0.260851,-0.249117,-0.509968
2026-05-04,COIN,5d,0.085096,0.067048,-0.018048
2026-05-04,APGE,20d,0.227936,-0.057929,-0.285865
2026-05-04,BBIO,20d,0.144617,-0.074069,-0.218686
2026-05-04,COIN,20d,0.374357,-0.142864,-0.517221
2026-05-04,CVNA,20d,0.164508,-0.128934,-0.293442
2026-05-04,ELF,20d,0.201885,-0.15958,-0.361465
2026-05-04,HOOD,20d,0.242221,0.151666,-0.090555
2026-05-04,INSM,20d,0.180942,-0.259124,-0.440066
2026-05-04,MSTR,20d,0.162116,-0.25963,-0.421746
2026-05-04,QXO,20d,0.204059,-0.146444,-0.350503
2026-05-04,TLRY,20d,0.174236,-0.088136,-0.262372
2026-05-04,UPST,20d,0.261101,0.009663,-0.251438
2026-05-04,W,20d,0.172793,0.115189,-0.057604
2026-05-04,APP,60d,0.228553,-0.149747,-0.3783
2026-05-04,CELH,60d,0.337538,-0.125707,-0.463245
2026-05-04,COIN,60d,0.229155,-0.194148,-0.423303
2026-05-04,CVNA,60d,0.262311,-0.184172,-0.446483
2026-05-04,DAVE,60d,0.236786,0.352724,0.115938
2026-05-04,ETH,60d,0.61103,-0.181046,-0.792076
2026-05-04,ETHA,60d,0.606981,-0.183455,-0.790436
2026-05-04,ETHE,60d,0.267771,-0.185359,-0.45313
2026-05-04,FETH,60d,0.611367,-0.184759,-0.796126
2026-05-04,IBP,60d,0.299702,-0.185673,-0.485375
2026-05-04,LIF,60d,0.309005,0.203112,-0.105893
2026-05-04,LQDA,60d,0.37185,1.255717,0.883867
2026-05-04,MEDP,60d,0.35839,0.386744,0.028354
2026-05-04,MHK,60d,0.246418,0.259454,0.013036
2026-05-04,RDDT,60d,0.442173,0.053055,-0.389118
2026-05-04,VKTX,60d,0.24422,0.042506,-0.201714
2026-05-04,Z,60d,0.24798,-0.234386,-0.482366
2026-05-04,ZG,60d,0.221058,-0.230856,-0.451914
2026-05-05,RBRK,5d,0.11681,0.058463,-0.058347
2026-05-05,APGE,20d,0.215595,0.010806,-0.204789
2026-05-05,COIN,20d,0.404613,-0.174614,-0.579227
2026-05-05,CVNA,20d,0.1616,-0.16049,-0.32209
2026-05-05,ELF,20d,0.200072,-0.125042,-0.325114
2026-05-05,HOOD,20d,0.24722,0.075555,-0.171665
2026-05-05,INSM,20d,0.204008,-0.255164,-0.459172
2026-05-05,KYMR,20d,0.163001,-0.114859,-0.27786
2026-05-05,MDGL,20d,0.156048,-0.028499,-0.184547
2026-05-05,QXO,20d,0.194743,-0.128776,-0.323519
2026-05-05,SOFI,20d,0.269551,0.041198,-0.228353
2026-05-05,TLRY,20d,0.16574,-0.101933,-0.267673
2026-05-05,UPST,20d,0.261101,-0.028232,-0.289333
2026-05-05,ZIM,20d,0.177482,-0.141856,-0.319338
2026-05-05,AMD,60d,0.314944,0.340286,0.025342
2026-05-05,APGE,60d,0.362519,0.609917,0.247398
2026-05-05,BLDR,60d,0.301022,-0.108906,-0.409928
2026-05-05,CAVA,60d,0.282162,-0.27795,-0.560112
2026-05-05,CELH,60d,0.283458,-0.12858,-0.412038
2026-05-05,COIN,60d,0.397179,-0.260379,-0.657558
2026-05-05,CVNA,60d,0.312117,-0.177504,-0.489621
2026-05-05,DAVE,60d,0.857669,0.412721,-0.444948
2026-05-05,ETH,60d,0.55605,-0.209942,-0.765992
2026-05-05,ETHA,60d,0.551321,-0.213966,-0.765287
2026-05-05,ETHE,60d,0.274814,-0.215164,-0.489978
2026-05-05,FETH,60d,0.555182,-0.214376,-0.769558
2026-05-05,HOOD,60d,0.285163,0.123718,-0.161445
2026-05-05,IBP,60d,0.379441,-0.209427,-0.588868
2026-05-05,INSP,60d,0.278942,0.040622,-0.23832
2026-05-05,LQDA,60d,0.458033,1.095938,0.637905
2026-05-05,MEDP,60d,0.382423,0.341118,-0.041305
2026-05-05,MHK,60d,0.300461,0.26399,-0.036471
2026-05-05,MOD,60d,0.258677,-0.25972,-0.518397
2026-05-05,MSTR,60d,0.257068,-0.50091,-0.757978
2026-05-05,TOST,60d,0.256959,0.130694,-0.126265
2026-05-05,VKTX,60d,0.995316,0.013734,-0.981582
2026-05-06,COIN,5d,0.116045,0.019398,-0.096647
2026-05-06,ANF,20d,0.157202,-0.021914,-0.179116
2026-05-06,APGE,20d,0.196553,0.075231,-0.121322
2026-05-06,ETH,20d,0.403441,-0.243946,-0.647387
2026-05-06,ETHA,20d,0.402511,-0.244357,-0.646868
2026-05-06,FETH,20d,0.403513,-0.24434,-0.647853
2026-05-06,ACMR,60d,0.277032,0.420007,0.142975
2026-05-06,APGE,60d,0.363451,0.58635,0.222899
2026-05-06,APP,60d,0.347944,-0.133673,-0.481617
2026-05-06,CAVA,60d,0.323776,-0.279745,-0.603521
2026-05-06,COIN,60d,0.363244,-0.259952,-0.623196
2026-05-06,CYTK,60d,0.474974,0.021513,-0.453461
2026-05-06,DAVE,60d,0.817115,0.620124,-0.196991
2026-05-06,DJT,60d,0.295534,0.1,-0.195534
2026-05-06,ETH,60d,0.629074,-0.200897,-0.829971
2026-05-06,ETHA,60d,0.624648,-0.203725,-0.828373
2026-05-06,ETHE,60d,0.268512,-0.206169,-0.474681
2026-05-06,FETH,60d,0.629053,-0.205041,-0.834094
2026-05-06,IBP,60d,0.27614,-0.235713,-0.511853
2026-05-06,LIF,60d,0.494427,0.298064,-0.196363
2026-05-06,LQDA,60d,0.646619,0.989796,0.343177
2026-05-06,MEDP,60d,0.304631,0.34326,0.038629
2026-05-06,MSTR,60d,0.257068,-0.492239,-0.749307
2026-05-06,VKTX,60d,0.849967,0.010223,-0.839744
2026-05-07,COIN,5d,0.095173,0.098725,0.003552
2026-05-07,APGE,20d,0.177512,0.062462,-0.11505
2026-05-07,COIN,20d,0.189191,-0.210199,-0.39939
2026-05-07,ELF,20d,0.163442,-0.197767,-0.361209
2026-05-07,ETHE,20d,0.162811,-0.314733,-0.477544
2026-05-07,HOOD,20d,0.209329,0.081148,-0.128181
2026-05-07,VKTX,20d,0.249265,-0.099113,-0.348378
2026-05-07,ACMR,60d,0.253721,0.39375,0.140029
2026-05-07,APP,60d,0.281344,-0.158699,-0.440043
2026-05-07,CELH,60d,0.263775,-0.13777,-0.401545
2026-05-07,ETH,60d,0.668901,-0.179899,-0.8488
2026-05-07,ETHA,60d,0.665927,-0.182081,-0.848008
2026-05-07,FETH,60d,0.669617,-0.184797,-0.854414
2026-05-07,HOOD,60d,0.235998,0.225878,-0.01012
2026-05-07,INSP,60d,0.241609,0.407505,0.165896
2026-05-07,LIF,60d,0.382965,0.453533,0.070568
2026-05-07,LQDA,60d,0.254849,1.09035,0.835501
2026-05-07,LYFT,60d,0.241167,0.181497,-0.05967
2026-05-07,MEDP,60d,0.266989,0.34142,0.074431
2026-05-07,MHK,60d,0.235275,0.32957,0.094295
2026-05-08,RBRK,5d,0.264356,0.022939,-0.241417
2026-05-08,APGE,20d,0.266654,-0.000241,-0.266895
2026-05-08,COIN,20d,0.216565,-0.194124,-0.410689
2026-05-08,DAVE,20d,0.260683,0.054461,-0.206222
2026-05-08,ELF,20d,0.200072,-0.140979,-0.341051
2026-05-08,HOOD,20d,0.227361,0.103985,-0.123376
2026-05-08,QXO,20d,0.189869,-0.171642,-0.361511
2026-05-08,RBRK,20d,0.269414,0.150626,-0.118788
2026-05-08,VKTX,20d,0.212038,-0.066709,-0.278747
2026-05-08,WAY,20d,0.18058,-0.112254,-0.292834
2026-05-08,ACMR,60d,0.259037,0.335004,0.075967
2026-05-08,APGE,60d,0.375606,0.616645,0.241039
2026-05-08,APP,60d,0.291886,-0.108313,-0.400199
2026-05-08,CAVA,60d,0.306094,-0.166625,-0.472719
2026-05-08,CNM,60d,0.258033,-0.052149,-0.310182
2026-05-08,COIN,60d,0.421123,-0.254872,-0.675995
2026-05-08,CVNA,60d,0.312117,-0.108545,-0.420662
2026-05-08,DAVE,60d,1.092388,0.678149,-0.414239
2026-05-08,GBTC,60d,0.281022,-0.194511,-0.475533
2026-05-08,IBP,60d,0.276482,0.099894,-0.176588
2026-05-08,INSP,60d,0.329009,0.357659,0.02865
2026-05-08,KNSL,60d,0.266927,0.217808,-0.049119
2026-05-08,LQDA,60d,0.395875,1.106856,0.710981
2026-05-08,MEDP,60d,0.294563,0.386203,0.09164
2026-05-08,MSTR,60d,0.282533,-0.475612,-0.758145
2026-05-08,OGN,60d,0.282983,0.018004,-0.264979
2026-05-08,SHAK,60d,0.312019,0.059738,-0.252281
2026-05-08,VKTX,60d,1.752494,0.069582,-1.682912
2026-05-08,WAY,60d,0.393298,0.093545,-0.299753
2026-05-08,WING,60d,0.337235,-0.042391,-0.379626
2026-05-11,COIN,5d,0.104796,-0.125392,-0.230188
2026-05-11,ETH,20d,0.403441,-0.291629,-0.69507
2026-05-11,ETHA,20d,0.402511,-0.293718,-0.696229
2026-05-11,FETH,20d,0.403513,-0.292149,-0.695662
2026-05-11,HIMS,20d,0.181621,-0.005491,-0.187112
2026-05-11,ACMR,60d,0.286265,0.221277,-0.064988
2026-05-11,APGE,60d,0.314488,0.589716,0.275228
2026-05-11,APP,60d,0.361848,-0.298378,-0.660226
2026-05-11,CAVA,60d,0.294128,-0.222028,-0.516156
2026-05-11,CELH,60d,0.229211,-0.224217,-0.453428
2026-05-11,DAVE,60d,0.416859,0.464438,0.047579
2026-05-11,ETH,60d,0.629074,-0.180918,-0.809992
2026-05-11,ETHA,60d,0.624648,-0.185059,-0.809707
2026-05-11,FETH,60d,0.629053,-0.184041,-0.813094
2026-05-11,IBP,60d,0.229453,0.175687,-0.053766
2026-05-11,KNSL,60d,0.243061,0.256765,0.013704
2026-05-11,LIF,60d,0.494427,0.379159,-0.115268
2026-05-11,LQDA,60d,0.24196,0.683042,0.441082
2026-05-11,MEDP,60d,0.275316,0.401927,0.126611
2026-05-12,COIN,5d,0.095783,-0.068339,-0.164122
2026-05-12,ETHE,20d,0.116526,-0.287415,-0.403941
2026-05-12,RBRK,20d,0.118251,0.179428,0.061177
2026-05-12,ACMR,60d,0.355324,0.33037,-0.024954
2026-05-12,APP,60d,0.335635,-0.29324,-0.628875
2026-05-12,KRMN,60d,0.194952,-0.068022,-0.262974
2026-05-12,RYAN,60d,0.172957,0.359568,0.186611
2026-05-12,WAY,60d,0.298551,0.249613,-0.048938
2026-05-12,ZETA,60d,0.209454,0.639385,0.429931
2026-05-13,RBRK,5d,0.069551,0.12458,0.055029
2026-05-13,RBRK,20d,0.112806,0.201244,0.088438
2026-05-13,VKTX,20d,0.138392,-0.097476,-0.235868
2026-05-13,ACMR,60d,0.341596,0.226409,-0.115187
2026-05-13,APGE,60d,0.204159,0.604122,0.399963
2026-05-13,APP,60d,0.360785,-0.25253,-0.613315
2026-05-13,CELH,60d,0.285142,-0.023331,-0.308473
2026-05-13,FETH,60d,0.188828,-0.168519,-0.357347
2026-05-13,LQDA,60d,0.24196,0.580656,0.338696
2026-05-13,PI,60d,0.21145,0.192974,-0.018476
2026-05-13,WAY,60d,0.193452,0.321562,0.12811
2026-05-14,COIN,5d,0.096532,-0.087024,-0.183556
2026-05-14,ETH,20d,0.367159,-0.274519,-0.641678
2026-05-14,ETHA,20d,0.366907,-0.275922,-0.642829
2026-05-14,FETH,20d,0.366325,-0.275983,-0.642308
2026-05-14,ACMR,60d,0.387846,0.264757,-0.123089
2026-05-14,APP,60d,0.356271,-0.343145,-0.699416
2026-05-14,ETH,60d,0.587572,-0.177818,-0.76539
2026-05-14,ETHA,60d,0.582037,-0.18318,-0.765217
2026-05-14,FETH,60d,0.58849,-0.182533,-0.771023
2026-05-14,LIF,60d,0.318131,0.21343,-0.104701
2026-05-14,LQDA,60d,0.24196,0.484823,0.242863
2026-05-14,MEDP,60d,0.254451,0.444521,0.19007
2026-05-14,TLN,60d,0.20348,0.014169,-0.189311
2026-05-14,ZETA,60d,0.216214,0.758142,0.541928
2026-05-15,LIF,5d,0.056917,0.043862,-0.013055
2026-05-15,LIF,20d,0.108982,0.268233,0.159251
2026-05-15,SMCI,20d,0.099661,-0.006121,-0.105782
2026-05-15,ACMR,60d,0.209162,0.276268,0.067106
2026-05-15,APP,60d,0.278966,-0.393693,-0.672659
2026-05-15,CAVA,60d,0.235457,-0.096266,-0.331723
2026-05-15,CELH,60d,0.227206,-0.084217,-0.311423
2026-05-15,CLS,60d,0.279626,-0.053242,-0.332868
2026-05-15,DJT,60d,0.238446,-0.046136,-0.284582
2026-05-15,MMYT,60d,0.242543,0.392841,0.150298
2026-05-15,SM,60d,0.231183,0.001625,-0.229558
2026-05-15,SPHR,60d,0.196105,0.303432,0.107327
2026-05-15,VRT,60d,0.234281,-0.222462,-0.456743
2026-05-18,KRMN,5d,0.059532,-0.083824,-0.143356
2026-05-18,CLS,20d,0.111117,0.114804,0.003687
2026-05-18,TPL,20d,0.115572,-0.076861,-0.192433
2026-05-18,APP,60d,0.325557,-0.364982,-0.690539
2026-05-18,CLS,60d,0.238953,0.014475,-0.224478
2026-05-18,DJT,60d,0.215432,0.003628,-0.211804
2026-05-18,ETH,60d,0.444648,-0.107143,-0.551791
2026-05-18,ETHA,60d,0.44354,-0.110625,-0.554165
2026-05-18,FETH,60d,0.449967,-0.111584,-0.561551
2026-05-18,KRMN,60d,0.216322,-0.086241,-0.302563
2026-05-18,MMYT,60d,0.216164,0.351881,0.135717
2026-05-19,KRMN,5d,0.120058,-0.010592,-0.13065
2026-05-19,AMTM,20d,0.141603,-0.049934,-0.191537
2026-05-19,CVNA,20d,0.198599,-0.007735,-0.206334
2026-05-19,KRMN,20d,0.258098,-0.189564,-0.447662
2026-05-19,APP,60d,0.266341,-0.338562,-0.604903
2026-05-19,CAVA,60d,0.309421,-0.047363,-0.356784
2026-05-19,CLS,60d,0.187779,-0.012031,-0.19981
2026-05-19,DJT,60d,0.2424,0.03375,-0.20865
2026-05-19,MMYT,60d,0.219588,0.457308,0.23772
2026-05-19,PR,60d,0.192816,0.021846,-0.17097
2026-05-19,SM,60d,0.212958,-0.009846,-0.222804
2026-05-19,VRT,60d,0.202975,-0.089046,-0.292021
2026-05-20,KRMN,5d,0.059532,0.001521,-0.058011
2026-05-20,CLS,20d,0.111117,0.075242,-0.035875
2026-05-20,LIF,20d,0.108982,0.237254,0.128272
2026-05-20,APP,60d,0.316683,-0.353114,-0.669797
2026-05-20,CLS,60d,0.227392,-0.017548,-0.24494
2026-05-20,ETH,60d,0.444648,-0.103941,-0.548589
2026-05-20,ETHA,60d,0.44354,-0.107807,-0.551347
2026-05-20,FETH,60d,0.449967,-0.108241,-0.558208
2026-05-20,KRMN,60d,0.216322,-0.060523,-0.276845
2026-05-21,QXO,5d,0.072595,0.012918,-0.059677
2026-05-21,CVNA,20d,0.141989,0.035409,-0.10658
2026-05-21,TPL,20d,0.144626,-0.088966,-0.233592
2026-05-21,APP,60d,0.234262,-0.367635,-0.601897
2026-05-21,CAVA,60d,0.211629,-0.16033,-0.371959
2026-05-21,DJT,60d,0.197699,0.013837,-0.183862
2026-05-21,ETH,60d,0.376863,-0.10182,-0.478683
2026-05-21,ETHA,60d,0.375389,-0.105882,-0.481271
2026-05-21,FETH,60d,0.378442,-0.106423,-0.484865
2026-05-21,MMYT,60d,0.208459,0.383256,0.174797
2026-05-21,ZETA,60d,0.229086,0.563989,0.334903
2026-05-22,RDDT,20d,0.380799,0.169125,-0.211674
2026-05-22,ETH,20d,0.166377,-0.194388,-0.360765
2026-05-22,FETH,20d,0.164991,-0.194647,-0.359638
2026-05-22,ETHA,20d,0.163194,-0.195889,-0.359083
2026-05-22,PRAX,20d,0.152905,-0.11116,-0.264065
2026-05-22,CENX,20d,0.1245,-0.272406,-0.396906
2026-05-22,DAVE,20d,0.12,0.391797,0.271797
2026-05-22,GEV,20d,0.116401,-0.003111,-0.119512
2026-05-22,METC,20d,0.111029,-0.078305,-0.189333
2026-05-22,AMD,20d,0.110337,0.111955,0.001618
2026-05-22,VERA,20d,0.103073,0.122209,0.019136
2026-05-22,AMR,20d,0.094153,-0.049173,-0.143325
2026-05-22,IRTC,20d,0.093674,-0.05525,-0.148925
2026-05-22,ATEC,20d,0.092251,0.027811,-0.06444
2026-05-22,LIF,20d,0.091351,0.167081,0.07573
2026-05-22,CELH,20d,0.090625,-0.065073,-0.155698
2026-05-22,ANF,20d,0.08899,0.090085,0.001096
2026-05-22,MP,20d,0.088457,-0.086255,-0.174712
2026-05-22,TLRY,20d,0.086449,-0.128544,-0.214994
2026-05-22,SRPT,20d,0.084378,0.027381,-0.056997
2026-05-22,ZIM,20d,0.083734,0.007528,-0.076206
2026-05-22,APGE,20d,0.078681,0.63726,0.558578
2026-05-22,RYTM,20d,0.078591,0.208903,0.130312
2026-05-22,RVMD,20d,0.064272,0.118435,0.054163
2026-05-22,HCC,20d,0.064244,0.025974,-0.03827
2026-05-22,STRL,20d,0.062208,0.217357,0.155149
2026-05-22,VKTX,20d,0.06213,0.126902,0.064772
2026-05-22,MRVL,20d,0.060565,0.421281,0.360715
2026-05-22,BTU,20d,0.058529,-0.012627,-0.071157
2026-05-22,KRMN,20d,0.056961,-0.276443,-0.333404
2026-05-22,ELF,20d,0.056161,0.200189,0.144028
2026-05-22,NVDA,20d,0.054851,-0.069925,-0.124776
2026-05-22,CNR,20d,0.05484,-0.020606,-0.075446
2026-05-22,EME,20d,0.053511,-0.012133,-0.065644
2026-05-22,INSP,20d,0.051849,-0.047673,-0.099523
2026-05-22,GPN,20d,0.051511,-0.119212,-0.170724
2026-05-22,AMTM,20d,0.051133,-0.097718,-0.148852
2026-05-22,ETH,5d,0.074456,-0.030102,-0.104558
2026-05-22,ETHA,5d,0.073951,-0.029544,-0.103495
2026-05-22,FETH,5d,0.072847,-0.029197,-0.102044
2026-05-22,KRMN,5d,0.069083,-0.163026,-0.23211
2026-05-22,LIF,5d,0.056305,0.196917,0.140611
2026-05-22,FETH,60d,0.448804,0.018492,-0.430313
2026-05-22,ETH,60d,0.447042,0.02398,-0.423063
2026-05-22,APP,60d,0.446923,-0.354779,-0.801702
2026-05-22,ETHA,60d,0.444401,0.01991,-0.424491
2026-05-22,INDV,60d,0.350456,0.040235,-0.310221
2026-05-22,RDDT,60d,0.321936,0.070869,-0.251067
2026-05-22,ACMR,60d,0.307866,0.057805,-0.250061
2026-05-22,CLS,60d,0.264759,-0.179683,-0.444441
2026-05-22,CELH,60d,0.238121,0.071049,-0.167071
2026-05-22,ANF,60d,0.230665,0.364872,0.134206
2026-05-22,HOOD,60d,0.221219,0.300516,0.079297
2026-05-22,KRMN,60d,0.216131,-0.092044,-0.308175
2026-05-22,OSCR,60d,0.199566,0.426678,0.227112
2026-05-22,DJT,60d,0.180953,0.050315,-0.130639
2026-05-22,AEO,60d,0.173712,0.016084,-0.157628
2026-05-22,SRPT,60d,0.167879,0.174405,0.006526
2026-05-22,MMYT,60d,0.165005,0.432515,0.26751
2026-05-22,MRNA,60d,0.162177,2.71971,2.557533
2026-05-22,OGN,60d,0.157036,0.023831,-0.133206
2026-05-22,ELF,60d,0.155835,0.883743,0.727908
2026-05-22,HIMS,60d,0.154441,0.309053,0.154612
2026-05-22,CRNX,60d,0.152484,1.301359,1.148875
2026-05-22,ZETA,60d,0.147333,0.532198,0.384865
2026-05-22,DAVE,60d,0.146286,0.51033,0.364044
2026-05-22,VERA,60d,0.139025,-0.051851,-0.190876
2026-05-22,AXON,60d,0.138498,0.67285,0.534352
2026-05-22,MTDR,60d,0.132514,0.031899,-0.100615
2026-05-22,WIX,60d,0.128388,0.464373,0.335985
2026-05-22,OKTA,60d,0.127967,0.530898,0.40293
2026-05-22,AR,60d,0.126481,0.008707,-0.117774
2026-05-22,NVO,60d,0.125277,0.047018,-0.078259
2026-05-22,ETHE,60d,0.124521,0.016288,-0.108233
2026-05-22,PRIM,60d,0.121841,-0.319474,-0.441315
2026-05-22,KRYS,60d,0.121376,0.146569,0.025192
2026-05-22,VST,60d,0.120296,-0.085558,-0.205854
2026-05-22,ERO,60d,0.117878,0.263158,0.14528
2026-05-22,TTD,60d,0.117593,-0.394996,-0.512588
2026-05-22,TLN,60d,0.117409,-0.134515,-0.251924
2026-05-22,NTRA,60d,0.11615,0.599833,0.483682
2026-05-22,POWL,60d,0.114842,-0.289816,-0.404657
2026-05-22,HQY,60d,0.112451,0.179775,0.067324
2026-05-22,MOD,60d,0.110644,-0.25096,-0.361604
2026-05-22,PBF,60d,0.107738,0.844923,0.737185
2026-05-22,AAP,60d,0.106929,-0.026117,-0.133046
2026-05-22,CVE,60d,0.106193,0.086901,-0.019292
2026-05-22,BBWI,60d,0.10385,0.120031,0.016181
2026-05-22,DELL,60d,0.103095,0.484715,0.38162
2026-05-22,RGEN,60d,0.102966,0.532766,0.4298
2026-05-22,BRBR,60d,0.101565,0.204265,0.1027
2026-05-22,SM,60d,0.100276,0.07754,-0.022736
2026-05-22,LLY,60d,0.099737,0.20392,0.104183
2026-05-22,MU,60d,0.098033,0.248008,0.149975
2026-05-22,CROX,60d,0.096847,0.138446,0.041599
2026-05-22,WFRD,60d,0.094836,-0.149271,-0.244107
2026-05-22,FANG,60d,0.094647,0.044784,-0.049864
2026-05-22,WSM,60d,0.094558,0.262956,0.168398
2026-05-22,HUM,60d,0.092322,0.230433,0.138111
2026-05-22,VRT,60d,0.091544,-0.20279,-0.294334
2026-05-22,PI,60d,0.091251,0.101629,0.010379
2026-05-22,CYTK,60d,0.090175,0.010398,-0.079778
2026-05-22,BZ,60d,0.088435,0.169455,0.081019
2026-05-22,MUSA,60d,0.08537,0.046984,-0.038386
2026-05-22,VLTO,60d,0.084703,0.154926,0.070223
2026-05-22,AVAV,60d,0.08305,-0.008552,-0.091602
2026-05-22,GPOR,60d,0.083034,-0.028504,-0.111538
2026-05-22,IBKR,60d,0.08295,0.114096,0.031146
2026-05-22,FTAI,60d,0.082427,-0.161629,-0.244056
2026-05-22,BTC,60d,0.082374,-0.097226,-0.1796
2026-05-22,MSTR,60d,0.07947,-0.347989,-0.427459
2026-05-22,OWL,60d,0.079167,0.192423,0.113256
2026-05-22,GMED,60d,0.078629,0.041622,-0.037006
2026-05-22,GPN,60d,0.077429,0.257055,0.179626
2026-05-22,CEG,60d,0.077122,-0.066238,-0.14336
2026-05-22,PVH,60d,0.077039,-0.111326,-0.188365
2026-05-26,ETH,20d,0.234285,-0.235384,-0.469669
2026-05-26,FETH,20d,0.23066,-0.23595,-0.46661
2026-05-26,ETHA,20d,0.230376,-0.236876,-0.467252
2026-05-26,SMCI,20d,0.157275,-0.125337,-0.282612
2026-05-26,LIF,20d,0.119784,0.210088,0.090304
2026-05-26,RBRK,20d,0.112841,0.090909,-0.021932
2026-05-26,ETHE,20d,0.1116,-0.236796,-0.348396
2026-05-26,NVDA,20d,0.10979,-0.072736,-0.182526
2026-05-26,HIMS,20d,0.100634,0.371069,0.270436
2026-05-26,INDV,20d,0.094523,0.0968,0.002277
2026-05-26,PRAX,20d,0.087744,-0.118825,-0.206569
2026-05-26,FSLR,20d,0.087474,-0.079978,-0.167451
2026-05-26,ANF,20d,0.083418,0.187885,0.104467
2026-05-26,TTAN,20d,0.080151,0.036996,-0.043156
2026-05-26,TTD,20d,0.073914,-0.201984,-0.275898
2026-05-26,CRSP,20d,0.07289,0.037992,-0.034898
2026-05-26,TLRY,20d,0.067493,-0.157798,-0.225291
2026-05-26,ELF,20d,0.067172,0.192315,0.125142
2026-05-26,EME,20d,0.064116,-0.016531,-0.080647
2026-05-26,BURL,20d,0.063913,0.034357,-0.029556
2026-05-26,DKS,20d,0.063866,0.022004,-0.041862
2026-05-26,HALO,20d,0.063393,0.035361,-0.028032
2026-05-26,AAP,20d,0.063154,0.05097,-0.012184
2026-05-26,VKTX,20d,0.061623,0.229545,0.167923
2026-05-26,COGT,20d,0.060265,0.105775,0.04551
2026-05-26,COIN,20d,0.059077,-0.166102,-0.225179
2026-05-26,INSP,20d,0.058101,0.028816,-0.029285
2026-05-26,MOD,20d,0.057958,-0.064824,-0.122781
2026-05-26,CAVA,20d,0.05707,0.023904,-0.033166
2026-05-26,SOC,20d,0.05621,-0.423273,-0.479482
2026-05-26,COIN,5d,0.091093,-0.033443,-0.124535
2026-05-26,ETH,5d,0.088733,-0.078292,-0.167025
2026-05-26,FETH,5d,0.085716,-0.078004,-0.16372
2026-05-26,ETHA,5d,0.085378,-0.079385,-0.164764
2026-05-26,ETHE,5d,0.06242,-0.078665,-0.141085
2026-05-26,ETH,60d,0.576524,0.127606,-0.448919
2026-05-26,FETH,60d,0.575873,0.122093,-0.45378
2026-05-26,ETHA,60d,0.572144,0.123559,-0.448585
2026-05-26,APP,60d,0.314045,-0.399561,-0.713605
2026-05-26,ACMR,60d,0.304224,-0.091834,-0.396058
2026-05-26,LIF,60d,0.289876,0.121939,-0.167937
2026-05-26,ZETA,60d,0.219523,0.417303,0.19778
2026-05-26,KRMN,60d,0.201138,-0.103858,-0.304996
2026-05-26,CELH,60d,0.178616,0.096731,-0.081885
2026-05-26,PI,60d,0.174963,0.000814,-0.174148
2026-05-26,FSLR,60d,0.173768,-0.207038,-0.380807
2026-05-26,TLRY,60d,0.164372,-0.143119,-0.307491
2026-05-26,TLN,60d,0.158522,-0.185116,-0.343638
2026-05-26,CVE,60d,0.157404,0.12937,-0.028034
2026-05-26,WFRD,60d,0.144615,-0.159063,-0.303678
2026-05-26,MMYT,60d,0.138782,0.436437,0.297654
2026-05-26,BZ,60d,0.13374,0.185575,0.051835
2026-05-26,MOD,60d,0.133651,-0.355347,-0.488998
2026-05-26,HALO,60d,0.131415,0.544237,0.412823
2026-05-26,ABBV,60d,0.122988,0.237301,0.114313
2026-05-26,PRIM,60d,0.11991,-0.386942,-0.506851
2026-05-26,COGT,60d,0.118842,0.040365,-0.078476
2026-05-26,OKTA,60d,0.117076,0.430125,0.313049
2026-05-26,CAVA,60d,0.115792,-0.103212,-0.219004
2026-05-26,MHK,60d,0.114443,0.285838,0.171395
2026-05-26,SM,60d,0.113623,0.192163,0.07854
2026-05-26,NVO,60d,0.107604,0.05747,-0.050134
2026-05-26,LLY,60d,0.105563,0.170411,0.064848
2026-05-26,AVAV,60d,0.104057,-0.123285,-0.227343
2026-05-26,INSM,60d,0.101367,0.148893,0.047527
2026-05-26,MU,60d,0.101124,0.087735,-0.01339
2026-05-26,BFAM,60d,0.100026,0.131417,0.031391
2026-05-26,AEO,60d,0.09994,-0.058914,-0.158854
2026-05-26,CRNX,60d,0.098952,1.30261,1.203658
2026-05-26,INSP,60d,0.098344,0.459157,0.360813
2026-05-26,TTD,60d,0.097571,-0.399459,-0.49703
2026-05-26,KRYS,60d,0.096991,0.113453,0.016462
2026-05-26,HOOD,60d,0.096969,0.283574,0.186605
2026-05-26,AVTR,60d,0.096797,0.750614,0.653817
2026-05-26,NVDA,60d,0.095384,0.010438,-0.084946
2026-05-26,MUR,60d,0.094942,0.060075,-0.034868
2026-05-26,VLTO,60d,0.09332,0.157543,0.064223
2026-05-26,BOOT,60d,0.093197,-0.023585,-0.116781
2026-05-26,WIX,60d,0.091138,0.489066,0.397927
2026-05-26,OVV,60d,0.089867,0.187358,0.097491
2026-05-26,LYFT,60d,0.088983,0.281296,0.192313
2026-05-26,AR,60d,0.088887,0.051955,-0.036932
2026-05-26,WSM,60d,0.087673,0.192091,0.104418
2026-05-26,DY,60d,0.087224,-0.048137,-0.13536
2026-05-26,NTAP,60d,0.086983,0.391836,0.304853
2026-05-26,OXY,60d,0.084466,0.075603,-0.008863
2026-05-26,SFM,60d,0.083537,-0.084667,-0.168204
2026-05-26,RYAN,60d,0.083493,0.335361,0.251868
2026-05-26,TPL,60d,0.08281,-0.074895,-0.157706
2026-05-26,GE,60d,0.082355,0.097236,0.014881
2026-05-26,KBH,60d,0.080758,0.111172,0.030415
2026-05-26,OGN,60d,0.080354,0.026104,-0.054249
2026-05-26,CEG,60d,0.080208,-0.093612,-0.17382
2026-05-26,THC,60d,0.079548,0.545527,0.465979
2026-05-26,LCID,60d,0.079202,-0.057789,-0.136991
2026-05-26,HUM,60d,0.07729,0.264968,0.187679
2026-05-26,PLTR,60d,0.076554,0.273499,0.196946
2026-05-26,SRPT,60d,0.075062,0.152969,0.077907
2026-05-26,HAL,60d,0.074981,-0.127511,-0.202492
2026-05-26,XYL,60d,0.073959,0.024789,-0.04917
2026-05-26,DJT,60d,0.072545,0.027778,-0.044767
2026-05-26,MEDP,60d,0.071453,0.427699,0.356246
2026-05-26,MGY,60d,0.07066,0.009734,-0.060926
2026-05-26,KWEB,60d,0.070296,-0.02091,-0.091206
2026-05-26,CPNG,60d,0.068716,0.051067,-0.017649
2026-05-26,CVLT,60d,0.068352,0.217782,0.149429
2026-05-26,RKT,60d,0.067982,0.001425,-0.066557
2026-05-26,GDDY,60d,0.067588,0.103382,0.035794
2026-05-26,AAON,60d,0.067503,-0.426755,-0.494258
2026-05-27,ETH,20d,0.367439,-0.241026,-0.608465
2026-05-27,ETHA,20d,0.366999,-0.241847,-0.608846
2026-05-27,FETH,20d,0.366956,-0.24132,-0.608276
2026-05-27,HIMS,20d,0.257686,0.298016,0.04033
2026-05-27,ETHE,20d,0.181537,-0.242409,-0.423946
2026-05-27,SMCI,20d,0.138316,-0.170463,-0.308779
2026-05-27,ELF,20d,0.129592,0.134763,0.005171
2026-05-27,LIF,20d,0.127213,0.173621,0.046408
2026-05-27,NVDA,20d,0.117484,-0.078231,-0.195715
2026-05-27,METC,20d,0.116057,-0.185972,-0.302029
2026-05-27,RBRK,20d,0.112796,0.079167,-0.033629
2026-05-27,VKTX,20d,0.111038,0.168351,0.057313
2026-05-27,PRAX,20d,0.105767,-0.081959,-0.187726
2026-05-27,TTAN,20d,0.100117,0.001738,-0.098379
2026-05-27,AMD,20d,0.099922,0.074727,-0.025196
2026-05-27,CRSP,20d,0.098484,0.008407,-0.090078
2026-05-27,ANF,20d,0.097588,0.097396,-0.000192
2026-05-27,EME,20d,0.094185,0.008652,-0.085533
2026-05-27,HALO,20d,0.086082,0.058121,-0.027961
2026-05-27,TTD,20d,0.083781,-0.222521,-0.306302
2026-05-27,ECG,20d,0.083644,0.079747,-0.003897
2026-05-27,SEI,20d,0.081471,0.113009,0.031537
2026-05-27,COGT,20d,0.08136,0.10142,0.02006
2026-05-27,CAMT,20d,0.079611,-0.009197,-0.088808
2026-05-27,INDV,20d,0.077808,0.112638,0.034831
2026-05-27,DJT,20d,0.07609,-0.176196,-0.252286
2026-05-27,COIN,20d,0.075572,-0.179883,-0.255454
2026-05-27,PLTR,20d,0.072483,-0.190476,-0.262959
2026-05-27,MOD,20d,0.0711,0.013361,-0.057739
2026-05-27,IP,20d,0.071091,0.203578,0.132488
2026-05-27,BURL,20d,0.068807,-0.005364,-0.074171
2026-05-27,WIX,20d,0.066118,-0.219603,-0.285722
2026-05-27,OGN,20d,0.065761,0.006726,-0.059034
2026-05-27,BTC,20d,0.065715,-0.20978,-0.275495
2026-05-27,SOC,20d,0.065151,-0.421934,-0.487085
2026-05-27,KRYS,20d,0.0632,0.173825,0.110625
2026-05-27,HOOD,20d,0.060092,0.226158,0.166066
2026-05-27,TM,20d,0.058462,-0.124191,-0.182653
2026-05-27,WING,20d,0.057204,0.087645,0.030442
2026-05-27,DKS,20d,0.056415,0.088554,0.032138
2026-05-27,Z,20d,0.056219,-0.184189,-0.240407
2026-05-27,TMO,20d,0.055511,0.109702,0.05419
2026-05-27,SAIA,20d,0.055031,-0.085042,-0.140073
2026-05-27,CAVA,20d,0.054759,0.013382,-0.041377
2026-05-27,WT,20d,0.054202,-0.082671,-0.136873
2026-05-27,STZ,20d,0.053507,0.005079,-0.048427
2026-05-27,NVO,20d,0.052267,0.06936,0.017094
2026-05-27,ZG,20d,0.051852,-0.19879,-0.250642
2026-05-27,IBKR,20d,0.050863,0.139634,0.08877
2026-05-27,INSP,20d,0.0506,0.029133,-0.021467
2026-05-27,MRVL,20d,0.050413,0.415501,0.365088
2026-05-27,DLTR,20d,0.050107,0.233024,0.182917
2026-05-27,COIN,5d,0.105804,-0.060766,-0.166571
2026-05-27,COGT,5d,0.087404,-0.065198,-0.152603
2026-05-27,ETH,5d,0.085947,-0.121539,-0.207485
2026-05-27,FETH,5d,0.085707,-0.123227,-0.208934
2026-05-27,ETHA,5d,0.084781,-0.123022,-0.207803
2026-05-27,ETHE,5d,0.079086,-0.123265,-0.202351
2026-05-27,MSTR,5d,0.069607,-0.179313,-0.248919
2026-05-27,MRNA,5d,0.063293,0.030456,-0.032838
2026-05-27,METC,5d,0.061801,0.084942,0.023141
2026-05-27,CSIQ,5d,0.056839,0.025197,-0.031642
2026-05-27,DJT,5d,0.053246,0.007001,-0.046245
2026-05-27,PRAX,5d,0.052064,-0.218968,-0.271032
2026-05-27,NTLA,5d,0.052057,-0.03125,-0.083306
2026-05-27,HOOD,5d,0.050701,0.086842,0.036142
2026-05-27,FETH,60d,0.583554,0.176039,-0.407515
2026-05-27,ETH,60d,0.580243,0.181539,-0.398704
2026-05-27,ETHA,60d,0.579421,0.177914,-0.401507
2026-05-27,APP,60d,0.367742,-0.461511,-0.829253
2026-05-27,LIF,60d,0.319685,0.070983,-0.248702
2026-05-27,ACMR,60d,0.309978,-0.104129,-0.414107
2026-05-27,CLS,60d,0.222573,-0.170953,-0.393527
2026-05-27,ZETA,60d,0.213921,0.493834,0.279913
2026-05-27,TLN,60d,0.205485,-0.171994,-0.37748
2026-05-27,MEDP,60d,0.20458,0.45035,0.24577
2026-05-27,RYAN,60d,0.203346,0.327207,0.123861
2026-05-27,CELH,60d,0.202213,0.054028,-0.148184
2026-05-27,KRMN,60d,0.197836,-0.15932,-0.357156
2026-05-27,WFRD,60d,0.185328,-0.144732,-0.33006
2026-05-27,MHK,60d,0.182045,0.285337,0.103291
2026-05-27,CVE,60d,0.174301,0.174668,0.000367
2026-05-27,SM,60d,0.168902,0.222848,0.053946
2026-05-27,BFAM,60d,0.166393,0.165521,-0.000872
2026-05-27,BZ,60d,0.166355,0.195652,0.029297
2026-05-27,PI,60d,0.163068,0.049116,-0.113952
2026-05-27,KNSL,60d,0.161223,0.254169,0.092946
2026-05-27,HOOD,60d,0.155267,0.41847,0.263203
2026-05-27,MOD,60d,0.154863,-0.293823,-0.448687
2026-05-27,TLRY,60d,0.151535,-0.127928,-0.279463
2026-05-27,OKTA,60d,0.14892,0.509944,0.361024
2026-05-27,SPHR,60d,0.145453,0.204167,0.058714
2026-05-27,LYFT,60d,0.144678,0.275182,0.130505
2026-05-27,AAP,60d,0.144584,-0.265801,-0.410385
2026-05-27,INSP,60d,0.143772,0.477025,0.333253
2026-05-27,OVV,60d,0.143008,0.207239,0.064231
2026-05-27,WAY,60d,0.142295,0.312172,0.169877
2026-05-27,CAVA,60d,0.140125,-0.104258,-0.244383
2026-05-27,ABBV,60d,0.137063,0.238839,0.101776
2026-05-27,DJT,60d,0.132655,0.061844,-0.070812
2026-05-27,PBF,60d,0.130305,0.902138,0.771833
2026-05-27,MTDR,60d,0.128501,0.120992,-0.007508
2026-05-27,IBP,60d,0.128073,0.158146,0.030072
2026-05-27,WSM,60d,0.127344,0.173212,0.045868
2026-05-27,AEO,60d,0.122117,-0.072204,-0.194321
2026-05-27,CVNA,60d,0.120618,-0.042329,-0.162947
2026-05-27,PLTR,60d,0.120586,0.357935,0.237349
2026-05-27,WIX,60d,0.120303,0.535167,0.414864
2026-05-27,COGT,60d,0.119297,0.064329,-0.054968
2026-05-27,AXON,60d,0.119261,0.604186,0.484925
2026-05-27,PR,60d,0.117271,0.23915,0.12188
2026-05-27,EXP,60d,0.115444,-0.034783,-0.150227
2026-05-27,POWL,60d,0.114944,-0.331765,-0.446709
2026-05-27,AVTR,60d,0.114239,0.721429,0.60719
2026-05-27,TRU,60d,0.114089,0.196172,0.082083
2026-05-27,HALO,60d,0.113197,0.575674,0.462477
2026-05-27,DOCS,60d,0.113116,0.250247,0.13713
2026-05-27,MMYT,60d,0.112582,0.347448,0.234866
2026-05-27,FSLR,60d,0.111395,-0.217013,-0.328408
2026-05-27,KRYS,60d,0.109742,0.130287,0.020545
2026-05-27,VST,60d,0.106793,-0.148294,-0.255087
2026-05-27,ICLR,60d,0.106301,0.454031,0.347731
2026-05-27,EBAY,60d,0.106021,-0.053836,-0.159857
2026-05-27,LLY,60d,0.105301,0.160934,0.055634
2026-05-27,GPC,60d,0.104631,0.376215,0.271584
2026-05-27,PSN,60d,0.104191,-0.137051,-0.241243
2026-05-27,FTNT,60d,0.103063,0.199953,0.09689
2026-05-27,CGON,60d,0.102257,0.312664,0.210407
2026-05-27,RKT,60d,0.097773,-0.023826,-0.121599
2026-05-27,OXY,60d,0.096099,0.082495,-0.013604
2026-05-27,FANG,60d,0.095111,0.098737,0.003626
2026-05-27,SFM,60d,0.094906,-0.085908,-0.180814
2026-05-27,J,60d,0.093316,0.298068,0.204752
2026-05-27,CNK,60d,0.093087,0.351052,0.257965
2026-05-27,KBH,60d,0.092068,0.118828,0.02676
2026-05-27,CEG,60d,0.091756,-0.053279,-0.145035
2026-05-27,NVDA,60d,0.091241,0.011149,-0.080093
2026-05-27,NTAP,60d,0.090921,0.351086,0.260165
2026-05-27,MGY,60d,0.090275,0.028053,-0.062222
2026-05-27,SRPT,60d,0.089679,0.126499,0.03682
2026-05-28,RBRK,20d,0.159303,0.028584,-0.13072
2026-05-28,HIMS,20d,0.152335,0.337273,0.184939
2026-05-28,SMCI,20d,0.142966,-0.258354,-0.40132
2026-05-28,ETHE,20d,0.118342,-0.218486,-0.336828
2026-05-28,NVDA,20d,0.109889,-0.10033,-0.210218
2026-05-28,ELF,20d,0.101291,0.174739,0.073447
2026-05-28,TLRY,20d,0.099508,-0.178761,-0.278269
2026-05-28,TTAN,20d,0.09558,0.051832,-0.043749
2026-05-28,COIN,20d,0.093735,-0.182112,-0.275848
2026-05-28,FSLR,20d,0.087098,-0.211978,-0.299076
2026-05-28,PRAX,20d,0.079032,-0.070442,-0.149474
2026-05-28,INDV,20d,0.077397,0.142584,0.065187
2026-05-28,AR,20d,0.075449,-0.017872,-0.093321
2026-05-28,DKS,20d,0.073994,0.062757,-0.011237
2026-05-28,AAP,20d,0.073687,0.038757,-0.03493
2026-05-28,CRSP,20d,0.072818,-0.025896,-0.098714
2026-05-28,SOC,20d,0.071918,-0.498979,-0.570896
2026-05-28,ANF,20d,0.070861,0.113531,0.04267
2026-05-28,BURL,20d,0.068906,0.067383,-0.001523
2026-05-28,INSP,20d,0.062427,0.061528,-0.0009
2026-05-28,COGT,20d,0.060899,0.07688,0.01598
2026-05-28,CAVA,20d,0.058417,0.066496,0.00808
2026-05-28,HALO,20d,0.058137,0.099443,0.041306
2026-05-28,FLNC,20d,0.053507,-0.097846,-0.151354
2026-05-28,ASO,20d,0.052478,-0.117434,-0.169911
2026-05-28,MU,20d,0.051367,0.226102,0.174735
2026-05-28,COIN,5d,0.095841,-0.099424,-0.195264
2026-05-28,ETHE,5d,0.071733,-0.118418,-0.190151
2026-05-28,RBRK,5d,0.069599,0.094994,0.025395
2026-05-28,ETH,5d,0.062258,-0.117277,-0.179535
2026-05-28,ETHA,5d,0.061152,-0.118499,-0.179651
2026-05-28,FETH,5d,0.060893,-0.117265,-0.178159
2026-05-28,FLNC,5d,0.059054,0.271067,0.212013
2026-05-28,APP,60d,0.292392,-0.498391,-0.790783
2026-05-28,ACMR,60d,0.284174,-0.146457,-0.430631
2026-05-28,ZETA,60d,0.218223,0.410619,0.192396
2026-05-28,KRMN,60d,0.200333,-0.197844,-0.398177
2026-05-28,WAY,60d,0.185994,0.288551,0.102557
2026-05-28,CELH,60d,0.166757,0.046358,-0.120399
2026-05-28,FSLR,60d,0.159716,-0.304437,-0.464153
2026-05-28,BFAM,60d,0.149061,0.210819,0.061758
2026-05-28,HALO,60d,0.148412,0.576562,0.42815
2026-05-28,TLRY,60d,0.148203,-0.165487,-0.31369
2026-05-28,OKTA,60d,0.138053,0.374789,0.236736
2026-05-28,CAVA,60d,0.132481,-0.068286,-0.200767
2026-05-28,ABBV,60d,0.130161,0.22003,0.089869
2026-05-28,NVDA,60d,0.124517,-0.01776,-0.142277
2026-05-28,MOD,60d,0.121846,-0.306557,-0.428403
2026-05-28,ETH,60d,0.120697,0.248691,0.127994
2026-05-28,BZ,60d,0.119713,0.123237,0.003524
2026-05-28,FETH,60d,0.119083,0.241766,0.122684
2026-05-28,LCID,60d,0.118285,-0.191951,-0.310236
2026-05-28,ETHA,60d,0.118084,0.241277,0.123193
2026-05-28,MHK,60d,0.11542,0.256386,0.140967
2026-05-28,CVE,60d,0.114483,0.158144,0.043661
2026-05-28,RYAN,60d,0.113192,0.385495,0.272303
2026-05-28,TLN,60d,0.109802,-0.191745,-0.301547
2026-05-28,INSP,60d,0.109282,0.432319,0.323037
2026-05-28,WIX,60d,0.105415,0.588984,0.483569
2026-05-28,PRIM,60d,0.101337,-0.405798,-0.507135
2026-05-28,COGT,60d,0.100904,0.026286,-0.074617
2026-05-28,DOCS,60d,0.100204,0.21476,0.114556
2026-05-28,TTD,60d,0.099049,-0.366903,-0.465952
2026-05-28,INSM,60d,0.098811,0.145243,0.046432
2026-05-28,BOOT,60d,0.097834,-0.046437,-0.144271
2026-05-28,LLY,60d,0.097533,0.106171,0.008638
2026-05-28,RKT,60d,0.095001,-0.032986,-0.127988
2026-05-28,WFRD,60d,0.094988,-0.154448,-0.249436
2026-05-28,NVO,60d,0.09153,0.038927,-0.052603
2026-05-28,SM,60d,0.090985,0.165696,0.074711
2026-05-28,KRYS,60d,0.090641,0.094779,0.004138
2026-05-28,VLTO,60d,0.090553,0.185142,0.094589
2026-05-28,AR,60d,0.089284,0.060346,-0.028937
2026-05-28,GDDY,60d,0.088634,0.164144,0.075511
2026-05-28,WSM,60d,0.088067,0.164722,0.076656
2026-05-28,RBRK,60d,0.087099,0.398038,0.310939
2026-05-28,MMYT,60d,0.085301,0.277836,0.192536
2026-05-28,NTAP,60d,0.08522,0.32515,0.23993
2026-05-28,AVTR,60d,0.084213,0.559016,0.474803
2026-05-28,CRNX,60d,0.084085,1.354624,1.270539
2026-05-28,THC,60d,0.083859,0.605196,0.521338
2026-05-28,SFM,60d,0.083537,-0.028723,-0.11226
2026-05-28,DY,60d,0.081827,-0.286435,-0.368262
2026-05-28,MMM,60d,0.079399,0.169218,0.08982
2026-05-28,KBH,60d,0.076748,0.139969,0.063221
2026-05-28,DJT,60d,0.073739,0.037068,-0.036672
2026-05-28,CVLT,60d,0.072165,0.191321,0.119156
2026-05-28,GH,60d,0.071102,0.250188,0.179086
2026-05-28,XYL,60d,0.070559,0.038902,-0.031657
2026-05-28,CNK,60d,0.07055,0.41685,0.346301
2026-05-28,SRPT,60d,0.070088,0.057226,-0.012862
2026-05-28,CPB,60d,0.070033,0.179944,0.109911
2026-05-28,AAON,60d,0.068591,-0.471444,-0.540035
2026-05-28,DKS,60d,0.06823,-0.201055,-0.269285
2026-05-28,HUM,60d,0.068003,0.243078,0.175075
2026-05-28,OXY,60d,0.067961,0.04493,-0.023031
2026-05-28,BSX,60d,0.067113,0.006514,-0.060599
2026-05-28,AEO,60d,0.067086,-0.061325,-0.128411
2026-05-28,REGN,60d,0.065399,0.329923,0.264525
2026-05-28,PLTR,60d,0.064971,0.238942,0.173972
2026-05-28,LNTH,60d,0.064671,0.00803,-0.056641
2026-05-28,ORLY,60d,0.06456,0.01244,-0.05212
2026-05-28,CPNG,60d,0.063747,0.016975,-0.046772
2026-05-28,NU,60d,0.063327,0.135632,0.072305
2026-05-28,AXON,60d,0.063126,0.371051,0.307925
2026-05-28,OGN,60d,0.062737,0.029966,-0.032771
2026-05-28,PSN,60d,0.061653,-0.169471,-0.231124
2026-05-28,PGR,60d,0.060558,0.148111,0.087553
2026-05-29,ETHA,20d,0.219299,-0.194737,-0.414035
2026-05-29,FETH,20d,0.219044,-0.193822,-0.412866
2026-05-29,ETH,20d,0.218956,-0.193312,-0.412269
2026-05-29,ETHE,20d,0.118755,-0.19393,-0.312685
2026-05-29,LIF,20d,0.115503,0.355142,0.239639
2026-05-29,INDV,20d,0.100908,0.145475,0.044567
2026-05-29,NVDA,20d,0.094225,-0.075508,-0.169733
2026-05-29,FSLR,20d,0.088668,-0.241175,-0.329843
2026-05-29,SMCI,20d,0.0835,-0.389238,-0.472739
2026-05-29,CRSP,20d,0.07281,0.003026,-0.069784
2026-05-29,ANF,20d,0.071312,0.157602,0.08629
2026-05-29,ELF,20d,0.068997,0.248393,0.179396
2026-05-29,MOD,20d,0.06588,-0.080922,-0.146802
2026-05-29,HALO,20d,0.064843,0.159904,0.095061
2026-05-29,SOC,20d,0.063676,-0.524232,-0.587909
2026-05-29,TTAN,20d,0.061702,-0.029851,-0.091553
2026-05-29,VKTX,20d,0.061318,0.207697,0.146379
2026-05-29,COGT,20d,0.06102,0.108124,0.047104
2026-05-29,TLRY,20d,0.060975,-0.163339,-0.224314
2026-05-29,TMO,20d,0.057136,0.029274,-0.027862
2026-05-29,TTD,20d,0.057109,-0.134972,-0.192082
2026-05-29,BURL,20d,0.056855,-0.029491,-0.086346
2026-05-29,DKS,20d,0.056415,0.026691,-0.029724
2026-05-29,COIN,20d,0.055359,-0.197746,-0.253105
2026-05-29,EME,20d,0.054693,-0.015009,-0.069703
2026-05-29,INSP,20d,0.054183,0.086315,0.032132
2026-05-29,RBRK,20d,0.053889,-0.026835,-0.080723
2026-05-29,PRAX,20d,0.051793,0.001686,-0.050107
2026-05-29,COIN,5d,0.087408,-0.193779,-0.281186
2026-05-29,ETH,5d,0.086185,-0.218913,-0.305098
2026-05-29,FETH,5d,0.086122,-0.217987,-0.304109
2026-05-29,ETHA,5d,0.084981,-0.219079,-0.30406
2026-05-29,RBRK,5d,0.06497,-0.066387,-0.131357
2026-05-29,ETHE,5d,0.057037,-0.217258,-0.274295
2026-06-01,ETH,20d,0.131685,-0.209364,-0.341049
2026-06-01,FETH,20d,0.124946,-0.211028,-0.335973
2026-06-01,ETHA,20d,0.124798,-0.213104,-0.337902
2026-06-01,RBRK,20d,0.112126,-0.056307,-0.168433
2026-06-01,INDV,20d,0.110578,0.176319,0.065741
2026-06-01,SMCI,20d,0.088304,-0.37436,-0.462664
2026-06-01,PRAX,20d,0.078601,-0.001104,-0.079704
2026-06-01,LIF,20d,0.076975,0.149979,0.073004
2026-06-01,NVDA,20d,0.069173,-0.107135,-0.176308
2026-06-01,TLRY,20d,0.068666,-0.182149,-0.250816
2026-06-01,INSP,20d,0.058196,0.092311,0.034116
2026-06-01,MOD,20d,0.057847,-0.074518,-0.132366
2026-06-01,ETHE,20d,0.056602,-0.211812,-0.268414
2026-06-01,TTAN,20d,0.056561,-0.089727,-0.146288
2026-06-01,AAP,20d,0.054865,0.049241,-0.005624
2026-06-01,ANF,20d,0.054695,0.189822,0.135126
2026-06-01,FSLR,20d,0.053676,-0.221254,-0.27493
2026-06-01,DKS,20d,0.053393,0.051268,-0.002125
2026-06-01,TM,20d,0.05,-0.07927,-0.12927
2026-06-01,ETH,5d,0.08628,-0.157812,-0.244091
2026-06-01,FETH,5d,0.086206,-0.158897,-0.245103
2026-06-01,ETHA,5d,0.085073,-0.158173,-0.243247
2026-06-01,COIN,5d,0.076367,-0.112261,-0.188628
2026-06-01,RBRK,5d,0.069481,-0.156812,-0.226293
2026-06-01,ETHE,5d,0.052456,-0.158072,-0.210528
2026-06-02,ETH,20d,0.131826,-0.152234,-0.28406
2026-06-02,ETHA,20d,0.125293,-0.152295,-0.277588
2026-06-02,FETH,20d,0.125001,-0.154493,-0.279494
2026-06-02,ETHE,20d,0.113553,-0.154145,-0.267698
2026-06-02,INDV,20d,0.110578,0.194008,0.08343
2026-06-02,LIF,20d,0.098948,0.219681,0.120733
2026-06-02,VKTX,20d,0.098773,0.279618,0.180844
2026-06-02,PRAX,20d,0.089766,0.238376,0.14861
2026-06-02,TLRY,20d,0.08797,-0.17658,-0.26455
2026-06-02,RDDT,20d,0.086948,0.169278,0.08233
2026-06-02,MDGL,20d,0.083688,0.13587,0.052181
2026-06-02,FSLR,20d,0.070319,-0.253786,-0.324105
2026-06-02,ELF,20d,0.069738,0.515006,0.445268
2026-06-02,NVDA,20d,0.069173,-0.112242,-0.181415
2026-06-02,CELH,20d,0.066903,0.043549,-0.023354
2026-06-02,ANF,20d,0.064828,0.207903,0.143075
2026-06-02,AMD,20d,0.063096,0.037083,-0.026014
2026-06-02,IRTC,20d,0.059505,0.180379,0.120874
2026-06-02,INSP,20d,0.056744,0.120256,0.063512
2026-06-02,DKS,20d,0.055596,0.075951,0.020355
2026-06-02,AAP,20d,0.054865,0.093148,0.038283
2026-06-02,ZIM,20d,0.05305,0.000793,-0.052256
2026-06-02,TM,20d,0.053039,-0.060003,-0.113043
2026-06-02,RH,20d,0.05105,0.050727,-0.000323
2026-06-02,RBRK,5d,0.056396,-0.128629,-0.185024
2026-06-02,HIMS,5d,0.050931,0.053435,0.002504
2026-06-03,FETH,20d,0.220273,-0.055215,-0.275488
2026-06-03,ETHA,20d,0.220031,-0.053019,-0.273051
2026-06-03,ETH,20d,0.219113,-0.055458,-0.274571
2026-06-03,RDDT,20d,0.193948,0.148563,-0.045384
2026-06-03,AMD,20d,0.131463,-0.045528,-0.176991
2026-06-03,METC,20d,0.129238,-0.23191,-0.361148
2026-06-03,AMR,20d,0.117022,-0.24805,-0.365072
2026-06-03,ATEC,20d,0.114376,0.161458,0.047083
2026-06-03,CELH,20d,0.113913,0.104965,-0.008948
2026-06-03,TLRY,20d,0.109329,-0.09589,-0.20522
2026-06-03,ANF,20d,0.103165,0.209369,0.106204
2026-06-03,LIF,20d,0.09868,0.248864,0.150184
2026-06-03,IRTC,20d,0.097458,0.20964,0.112183
2026-06-03,STRL,20d,0.09249,-0.267787,-0.360277
2026-06-03,CLS,20d,0.088371,-0.266141,-0.354513
2026-06-03,RYTM,20d,0.08516,0.347775,0.262615
2026-06-03,CHYM,20d,0.082609,0.182436,0.099827
2026-06-03,ELF,20d,0.08168,0.469898,0.388218
2026-06-03,SRPT,20d,0.080549,0.187192,0.106643
2026-06-03,SANM,20d,0.080139,-0.222658,-0.302797
2026-06-03,AAON,20d,0.077698,-0.273558,-0.351256
2026-06-03,APGE,20d,0.07576,0.578691,0.502931
2026-06-03,PRAX,20d,0.075482,0.141935,0.066453
2026-06-03,CENX,20d,0.074626,-0.347255,-0.421881
2026-06-03,VKTX,20d,0.073794,0.276509,0.202715
2026-06-03,IBP,20d,0.071151,0.133591,0.06244
2026-06-03,AMTM,20d,0.068144,-0.082505,-0.150649
2026-06-03,MP,20d,0.067537,-0.222319,-0.289856
2026-06-03,KRYS,20d,0.067112,0.242694,0.175582
2026-06-03,RKT,20d,0.066065,0.218702,0.152637
2026-06-03,EME,20d,0.065148,-0.07728,-0.142429
2026-06-03,BTU,20d,0.064664,-0.259382,-0.324046
2026-06-03,HCC,20d,0.064561,-0.236589,-0.301149
2026-06-03,VSEC,20d,0.062746,0.319832,0.257086
2026-06-03,MOD,20d,0.06192,-0.235275,-0.297194
2026-06-03,VERA,20d,0.060914,0.317557,0.256643
2026-06-03,SOC,20d,0.0603,-0.679003,-0.739303
2026-06-03,IBKR,20d,0.060056,0.047963,-0.012093
2026-06-03,PRIM,20d,0.055951,-0.301198,-0.35715
2026-06-03,KRMN,20d,0.055731,0.087384,0.031653
2026-06-03,TMO,20d,0.055431,0.105527,0.050096
2026-06-03,WIX,20d,0.051461,-0.103949,-0.15541
2026-06-03,ETH,5d,0.069335,-0.096906,-0.166241
2026-06-03,ETHA,5d,0.067635,-0.095729,-0.163364
2026-06-03,FETH,5d,0.066576,-0.094813,-0.161389
2026-06-03,KRMN,5d,0.065724,-0.115162,-0.180886
2026-06-03,LIF,5d,0.059155,-0.029431,-0.088585
2026-06-03,MLTX,5d,0.056746,-0.042693,-0.099439
2026-06-04,TLRY,20d,0.119818,-0.156069,-0.275887
2026-06-04,SEI,20d,0.112454,-0.115843,-0.228297
2026-06-04,RYTM,20d,0.108688,0.27474,0.166053
2026-06-04,AMR,20d,0.101992,-0.267971,-0.369963
2026-06-04,METC,20d,0.094008,-0.270809,-0.364817
2026-06-04,PRAX,20d,0.087053,0.184136,0.097083
2026-06-04,GNRC,20d,0.083834,-0.073093,-0.156927
2026-06-04,RVMD,20d,0.077671,0.22031,0.142639
2026-06-04,HCC,20d,0.075874,-0.233173,-0.309046
2026-06-04,BE,20d,0.074238,0.01263,-0.061608
2026-06-04,VRT,20d,0.069972,-0.016621,-0.086592
2026-06-04,POWL,20d,0.069846,-0.173332,-0.243178
2026-06-04,CENX,20d,0.064507,-0.297305,-0.361812
2026-06-04,HUM,20d,0.063984,0.125749,0.061764
2026-06-04,ETHA,20d,0.063419,0.011949,-0.05147
2026-06-04,VTRS,20d,0.063005,0.056604,-0.006401
2026-06-04,KRMN,20d,0.062347,-0.018937,-0.081284
2026-06-04,UI,20d,0.062084,-0.075486,-0.13757
2026-06-04,ETH,20d,0.061506,0.012455,-0.049051
2026-06-04,FETH,20d,0.061446,0.00961,-0.051836
2026-06-04,STRL,20d,0.060681,-0.278373,-0.339054
2026-06-04,NEM,20d,0.052867,-0.093511,-0.146378
2026-06-04,CHTR,20d,0.051962,0.049516,-0.002446
2026-06-04,CORT,20d,0.05072,0.223261,0.172541
2026-06-04,LIF,5d,0.05614,-0.05272,-0.108859
2026-06-05,CHYM,20d,0.148249,0.208238,0.059989
2026-06-05,POWL,20d,0.130528,-0.178397,-0.308925
2026-06-05,AS,20d,0.107988,-0.002053,-0.110041
2026-06-05,SOLS,20d,0.106368,-0.233523,-0.339891
2026-06-05,G,20d,0.095529,-0.083006,-0.178535
2026-06-05,ONTO,20d,0.094492,0.105394,0.010902
2026-06-05,CRK,20d,0.094255,0.090769,-0.003485
2026-06-05,SN,20d,0.092668,0.259723,0.167055
2026-06-05,FMC,20d,0.092598,0.002655,-0.089943
2026-06-05,SITM,20d,0.091496,-0.053526,-0.145022
2026-06-05,YETI,20d,0.084148,0.027655,-0.056493
2026-06-05,LIF,20d,0.082978,0.240688,0.15771
2026-06-05,NVST,20d,0.082128,0.174459,0.092331
2026-06-05,HWM,20d,0.081797,0.09341,0.011614
2026-06-05,CPRI,20d,0.079498,0.029147,-0.050352
2026-06-05,MLTX,20d,0.076642,0.069832,-0.00681
2026-06-05,BOOT,20d,0.074007,-0.0571,-0.131107
2026-06-05,GLOB,20d,0.073658,-0.173629,-0.247287
2026-06-05,CRS,20d,0.072338,0.22074,0.148402
2026-06-05,SPHR,20d,0.072251,0.12172,0.049469
2026-06-05,BIRK,20d,0.071764,0.076051,0.004287
2026-06-05,BRZE,20d,0.070167,0.065037,-0.005129
2026-06-05,COKE,20d,0.070116,-0.012617,-0.082734
2026-06-05,PBR,20d,0.06906,-0.061408,-0.130468
2026-06-05,LITE,20d,0.069043,-0.190758,-0.259801
2026-06-05,ALGM,20d,0.068233,0.111231,0.042998
2026-06-05,ONON,20d,0.067258,-0.012406,-0.079664
2026-06-05,GH,20d,0.06703,0.29703,0.23
2026-06-05,ALHC,20d,0.06701,0.564736,0.497727
2026-06-05,FRPT,20d,0.066832,0.095899,0.029066
2026-06-05,PEN,20d,0.066155,-0.006926,-0.073081
2026-06-05,HXL,20d,0.066068,0.122813,0.056745
2026-06-05,NTRA,20d,0.065847,0.306349,0.240501
2026-06-05,KEYS,20d,0.062895,-0.06279,-0.125685
2026-06-05,SKY,20d,0.062858,0.109402,0.046544
2026-06-05,FND,20d,0.061877,0.193419,0.131543
2026-06-05,EAT,20d,0.061573,0.248042,0.186469
2026-06-05,ILMN,20d,0.061308,0.18137,0.120062
2026-06-05,IOT,20d,0.060846,0.044253,-0.016593
2026-06-05,LBRT,20d,0.060219,-0.168366,-0.228585
2026-06-05,EQT,20d,0.060217,-0.037023,-0.097241
2026-06-05,FN,20d,0.060131,-0.245907,-0.306038
2026-06-05,CHWY,20d,0.059979,0.00436,-0.055618
2026-06-05,SYNA,20d,0.058818,-0.027773,-0.086591
2026-06-05,KVYO,20d,0.058629,0.105263,0.046634
2026-06-05,PR,20d,0.058525,0.004329,-0.054196
2026-06-05,PEGA,20d,0.058449,-0.071095,-0.129545
2026-06-05,ZIM,20d,0.056726,-0.052298,-0.109024
2026-06-05,EMBJ,20d,0.056702,0.167941,0.111239
2026-06-05,WK,20d,0.056645,0.077956,0.021311
2026-06-05,LULU,20d,0.056415,0.007354,-0.049062
2026-06-05,ZBRA,20d,0.056033,0.140192,0.084159
2026-06-05,INSP,20d,0.055452,0.215829,0.160377
2026-06-05,SMTC,20d,0.055439,-0.163025,-0.218463
2026-06-05,GAP,20d,0.055212,-0.115492,-0.170703
2026-06-05,APD,20d,0.054737,0.087108,0.032371
2026-06-05,ESLT,20d,0.054638,-0.053955,-0.108593
2026-06-05,IMO,20d,0.054467,-0.04231,-0.096778
2026-06-05,CRDO,20d,0.053074,0.190971,0.137897
2026-06-05,PLNT,20d,0.053042,0.031965,-0.021077
2026-06-05,RAL,20d,0.052939,0.126913,0.073974
2026-06-05,EWZ,20d,0.05279,0.02822,-0.02457
2026-06-05,CF,20d,0.052694,0.012777,-0.039917
2026-06-05,INDV,20d,0.052379,0.085471,0.033092
2026-06-05,WWD,20d,0.05236,0.13166,0.0793
2026-06-05,IESC,20d,0.052125,-0.15436,-0.206484
2026-06-05,MMSI,20d,0.052032,0.118796,0.066764
2026-06-05,VFC,20d,0.051847,-0.003165,-0.055011
2026-06-05,FTI,20d,0.051839,0.019306,-0.032533
2026-06-05,SBUX,20d,0.051142,0.087312,0.03617
2026-06-05,LRN,20d,0.05077,-0.089391,-0.140161
2026-06-05,LTH,20d,0.050023,0.295153,0.24513
2026-06-05,CHYM,5d,0.060029,-0.044622,-0.104652
2026-06-08,GH,20d,0.15746,0.25046,0.093
2026-06-08,CHYM,20d,0.154704,0.194081,0.039377
2026-06-08,SITM,20d,0.114782,-0.078506,-0.193288
2026-06-08,FMC,20d,0.110271,-0.007534,-0.117806
2026-06-08,HWM,20d,0.103792,0.101521,-0.002272
2026-06-08,G,20d,0.099437,-0.089197,-0.188634
2026-06-08,POWL,20d,0.097344,-0.21032,-0.307664
2026-06-08,FRPT,20d,0.095481,0.055447,-0.040034
2026-06-08,AR,20d,0.094317,-0.024212,-0.118529
2026-06-08,RIVN,20d,0.090062,-0.010689,-0.100751
2026-06-08,BLSH,20d,0.088171,-0.062845,-0.151015
2026-06-08,VSAT,20d,0.085166,0.130116,0.04495
2026-06-08,ALGM,20d,0.084533,0.06796,-0.016573
2026-06-08,INDV,20d,0.08424,0.093608,0.009367
2026-06-08,CRK,20d,0.083752,0.083268,-0.000484
2026-06-08,COKE,20d,0.083478,-0.016945,-0.100424
2026-06-08,AS,20d,0.082635,0.0,-0.082635
2026-06-08,LMND,20d,0.082396,0.340948,0.258552
2026-06-08,TGTX,20d,0.08147,0.397558,0.316088
2026-06-08,SPHR,20d,0.080563,0.098764,0.018201
2026-06-08,LITE,20d,0.079596,-0.210297,-0.289893
2026-06-08,ALHC,20d,0.078614,0.304886,0.226272
2026-06-08,SMTC,20d,0.077998,-0.188614,-0.266612
2026-06-08,MLTX,20d,0.075425,0.059444,-0.015981
2026-06-08,BBIO,20d,0.075102,0.162684,0.087581
2026-06-08,KEYS,20d,0.074966,-0.043305,-0.118272
2026-06-08,BOOT,20d,0.074868,-0.035512,-0.11038
2026-06-08,BROS,20d,0.07467,0.154311,0.079641
2026-06-08,SN,20d,0.074469,0.238502,0.164033
2026-06-08,EQT,20d,0.074164,-0.034353,-0.108517
2026-06-08,EAT,20d,0.07246,0.197208,0.124748
2026-06-08,CRS,20d,0.071788,0.177403,0.105615
2026-06-08,ESLT,20d,0.070939,-0.059147,-0.130086
2026-06-08,CRDO,20d,0.070185,0.163855,0.09367
2026-06-08,CPRI,20d,0.0697,-0.076367,-0.146067
2026-06-08,RH,20d,0.069019,0.107561,0.038542
2026-06-08,HUM,20d,0.06845,0.115863,0.047413
2026-06-08,NTRA,20d,0.067606,0.28538,0.217774
2026-06-08,ONON,20d,0.067371,-0.019671,-0.087042
2026-06-08,BIRK,20d,0.067014,0.013285,-0.05373
2026-06-08,HXL,20d,0.065448,0.10472,0.039273
2026-06-08,BRZE,20d,0.06366,0.031643,-0.032017
2026-06-08,ONTO,20d,0.06345,0.083498,0.020047
2026-06-08,FND,20d,0.063081,0.174831,0.11175
2026-06-08,HALO,20d,0.062333,0.136293,0.07396
2026-06-08,NVST,20d,0.062158,0.098123,0.035965
2026-06-08,WWD,20d,0.062117,0.110592,0.048475
2026-06-08,PTEN,20d,0.061288,-0.184874,-0.246162
2026-06-08,LIF,20d,0.061235,0.153516,0.092281
2026-06-08,PBR,20d,0.060988,-0.028732,-0.08972
2026-06-08,AAP,20d,0.060372,-0.056355,-0.116727
2026-06-08,IOT,20d,0.060334,0.069877,0.009543
2026-06-08,PLNT,20d,0.060186,0.018924,-0.041263
2026-06-08,CACC,20d,0.060103,0.117833,0.05773
2026-06-08,TER,20d,0.059849,-0.061704,-0.121553
2026-06-08,CHWY,20d,0.059176,0.020347,-0.038829
2026-06-08,WAL,20d,0.05916,-0.016248,-0.075408
2026-06-08,EMBJ,20d,0.058827,0.125575,0.066749
2026-06-08,RAL,20d,0.05842,0.1165,0.05808
2026-06-08,PEGA,20d,0.05756,-0.100495,-0.158055
2026-06-08,IESC,20d,0.056596,-0.157325,-0.213921
2026-06-08,TFC,20d,0.056263,0.017612,-0.038651
2026-06-08,WK,20d,0.056248,0.075983,0.019736
2026-06-08,QXO,20d,0.056235,-0.056628,-0.112863
2026-06-08,OMF,20d,0.055966,0.059008,0.003042
2026-06-08,MMSI,20d,0.055954,0.076177,0.020223
2026-06-08,AGI,20d,0.05559,-0.184124,-0.239714
2026-06-08,UI,20d,0.055444,-0.07888,-0.134324
2026-06-08,AXTA,20d,0.055225,0.022613,-0.032612
2026-06-08,PTCT,20d,0.055139,0.249753,0.194614
2026-06-08,DVA,20d,0.054681,0.201166,0.146485
2026-06-08,SNOW,20d,0.054618,0.086754,0.032136
2026-06-08,SOLS,20d,0.054067,-0.241735,-0.295802
2026-06-08,AAL,20d,0.053867,0.214706,0.160839
2026-06-08,KTOS,20d,0.053634,-0.127317,-0.180951
2026-06-08,LMND,5d,0.054999,0.146876,0.091877
2026-06-08,CHYM,5d,0.052732,0.003984,-0.048748
2026-06-09,ALHC,20d,0.218874,0.095312,-0.123562
2026-06-09,GH,20d,0.157321,0.26099,0.103668
2026-06-09,CHYM,20d,0.153745,0.248389,0.094644
2026-06-09,BLSH,20d,0.143105,-0.078067,-0.221172
2026-06-09,FMC,20d,0.130718,-0.046433,-0.177151
2026-06-09,POWL,20d,0.109056,-0.165532,-0.274588
2026-06-09,HWM,20d,0.108048,0.06459,-0.043458
2026-06-09,G,20d,0.104506,-0.08637,-0.190876
2026-06-09,ONTO,20d,0.102479,0.156881,0.054401
2026-06-09,SN,20d,0.10049,0.158235,0.057744
2026-06-09,SITM,20d,0.098809,-0.01724,-0.116049
2026-06-09,FRPT,20d,0.098463,0.084457,-0.014006
2026-06-09,NVST,20d,0.085675,0.04758,-0.038095
2026-06-09,VSAT,20d,0.085166,0.100876,0.01571
2026-06-09,COKE,20d,0.083478,-0.051813,-0.135291
2026-06-09,AS,20d,0.083181,-0.025324,-0.108505
2026-06-09,BBIO,20d,0.082976,0.332299,0.249323
2026-06-09,UPST,20d,0.08284,0.069865,-0.012975
2026-06-09,SPHR,20d,0.082545,0.088663,0.006118
2026-06-09,NRG,20d,0.078891,0.080948,0.002057
2026-06-09,UI,20d,0.078817,-0.034322,-0.113139
2026-06-09,HUM,20d,0.076707,0.097798,0.021091
2026-06-09,BROS,20d,0.074439,0.135837,0.061398
2026-06-09,EQT,20d,0.074436,-0.048206,-0.122642
2026-06-09,HALO,20d,0.074227,0.099888,0.025661
2026-06-09,KEYS,20d,0.073954,-0.027939,-0.101893
2026-06-09,CAI,20d,0.073565,0.053656,-0.01991
2026-06-09,BOOT,20d,0.073091,-0.078684,-0.151774
2026-06-09,EAT,20d,0.072205,0.197573,0.125368
2026-06-09,ESLT,20d,0.070916,-0.090398,-0.161314
2026-06-09,CRK,20d,0.070588,0.080505,0.009917
2026-06-09,ALGM,20d,0.069469,0.230538,0.161069
2026-06-09,AR,20d,0.069389,-0.004905,-0.074293
2026-06-09,NTRA,20d,0.069094,0.264922,0.195829
2026-06-09,RH,20d,0.069019,0.121527,0.052508
2026-06-09,WWD,20d,0.069005,0.059698,-0.009307
2026-06-09,IOT,20d,0.068722,0.100238,0.031516
2026-06-09,APP,20d,0.0682,-0.000787,-0.068987
2026-06-09,LITE,20d,0.067859,-0.043796,-0.111655
2026-06-09,ONON,20d,0.067371,-0.038693,-0.106064
2026-06-09,TFC,20d,0.067164,0.039247,-0.027916
2026-06-09,CPRI,20d,0.066789,-0.09328,-0.160069
2026-06-09,IESC,20d,0.066676,-0.11502,-0.181696
2026-06-09,SMTC,20d,0.064942,-0.127095,-0.192037
2026-06-09,AGI,20d,0.063994,-0.14525,-0.209244
2026-06-09,PLNT,20d,0.063915,0.008242,-0.055673
2026-06-09,SOLS,20d,0.063275,-0.217738,-0.281013
2026-06-09,ERO,20d,0.062994,-0.045697,-0.108691
2026-06-09,INDV,20d,0.062791,0.079456,0.016666
2026-06-09,PEN,20d,0.061969,-0.009687,-0.071655
2026-06-09,LRN,20d,0.061641,-0.062185,-0.123826
2026-06-09,BLDR,20d,0.061142,-0.03869,-0.099831
2026-06-09,RKT,20d,0.061086,0.104704,0.043618
2026-06-09,BIRK,20d,0.061059,0.002655,-0.058404
2026-06-09,FND,20d,0.060515,0.117411,0.056896
2026-06-09,EWZ,20d,0.060102,0.040472,-0.01963
2026-06-09,EMBJ,20d,0.06002,0.16816,0.10814
2026-06-09,RIVN,20d,0.059939,0.151939,0.092
2026-06-09,OMF,20d,0.05918,0.05448,-0.0047
2026-06-09,WAL,20d,0.05916,-0.023077,-0.082237
2026-06-09,LULU,20d,0.058773,-0.039964,-0.098737
2026-06-09,ENB,20d,0.058579,-0.017105,-0.075683
2026-06-09,CHWY,20d,0.058577,0.013235,-0.045342
2026-06-09,UHS,20d,0.058444,0.058735,0.000291
2026-06-09,ZIM,20d,0.058409,-0.053333,-0.111743
2026-06-09,LINE,20d,0.058044,-0.000988,-0.059032
2026-06-09,FN,20d,0.058039,-0.176143,-0.234182
2026-06-09,PBR,20d,0.056967,-0.044332,-0.101299
2026-06-09,MMSI,20d,0.056785,0.05851,0.001725
2026-06-09,GKOS,20d,0.056654,0.227402,0.170748
2026-06-09,DVA,20d,0.056553,0.157879,0.101326
2026-06-09,OC,20d,0.056442,0.141253,0.084811
2026-06-09,NEM,20d,0.056366,-0.037853,-0.094219
2026-06-09,MOD,20d,0.056297,-0.124667,-0.180964
2026-06-09,CRS,20d,0.05627,0.128243,0.071974
2026-06-09,BLSH,5d,0.070959,-0.034944,-0.105903
2026-06-09,SOLS,5d,0.067661,0.040857,-0.026804
2026-06-09,CHYM,5d,0.052734,-0.001172,-0.053905
2026-06-10,CHYM,20d,0.428172,0.272506,-0.155666
2026-06-10,BLSH,20d,0.225583,-0.071648,-0.297231
2026-06-10,CAI,20d,0.222163,-0.009907,-0.23207
2026-06-10,CVNA,20d,0.190245,-0.021115,-0.21136
2026-06-10,ALHC,20d,0.173831,-0.035506,-0.209336
2026-06-10,FMC,20d,0.133769,0.017237,-0.116532
2026-06-10,UPST,20d,0.13309,0.080528,-0.052562
2026-06-10,AMRZ,20d,0.128745,0.004752,-0.123993
2026-06-10,ONTO,20d,0.127832,0.19348,0.065648
2026-06-10,ANF,20d,0.113499,0.090707,-0.022792
2026-06-10,SITM,20d,0.111557,-0.053129,-0.164686
2026-06-10,AR,20d,0.108153,-0.067621,-0.175774
2026-06-10,SYM,20d,0.103956,0.058196,-0.04576
2026-06-10,RIVN,20d,0.099916,0.184282,0.084366
2026-06-10,G,20d,0.099396,-0.087605,-0.187
2026-06-10,FRPT,20d,0.098957,0.059684,-0.039274
2026-06-10,KTOS,20d,0.098359,-0.120941,-0.2193
2026-06-10,CRK,20d,0.098219,-0.033657,-0.131877
2026-06-10,MKTX,20d,0.096572,-0.019378,-0.11595
2026-06-10,SN,20d,0.095945,0.190532,0.094587
2026-06-10,CROX,20d,0.094804,0.088896,-0.005908
2026-06-10,AS,20d,0.093457,0.030806,-0.062651
2026-06-10,VSAT,20d,0.091332,0.196098,0.104765
2026-06-10,ERO,20d,0.089694,-0.007758,-0.097452
2026-06-10,POWL,20d,0.084867,-0.114927,-0.199794
2026-06-10,EQT,20d,0.083577,-0.071469,-0.155046
2026-06-10,ALGM,20d,0.083166,0.231926,0.148761
2026-06-10,EAT,20d,0.082546,0.256767,0.174221
2026-06-10,TTAN,20d,0.07917,0.088248,0.009078
2026-06-10,AG,20d,0.07658,0.078931,0.002351
2026-06-10,CRBG,20d,0.074608,0.133608,0.059
2026-06-10,BBIO,20d,0.074213,0.274238,0.200025
2026-06-10,MMYT,20d,0.073953,0.500768,0.426815
2026-06-10,HUM,20d,0.073327,0.078707,0.00538
2026-06-10,KVYO,20d,0.072813,0.165403,0.09259
2026-06-10,CORT,20d,0.072299,0.176139,0.103841
2026-06-10,SAIC,20d,0.072188,-0.010885,-0.083073
2026-06-10,MSTR,20d,0.072037,-0.179541,-0.251578
2026-06-10,NEM,20d,0.072034,0.027164,-0.04487
2026-06-10,AGI,20d,0.07146,-0.10646,-0.17792
2026-06-10,BZ,20d,0.07091,0.039275,-0.031635
2026-06-10,FIG,20d,0.070884,0.0667,-0.004184
2026-06-10,PLNT,20d,0.070628,0.014427,-0.056201
2026-06-10,BROS,20d,0.069537,0.12077,0.051233
2026-06-10,APGE,20d,0.069501,0.615691,0.54619
2026-06-10,RKT,20d,0.069317,0.147528,0.078211
2026-06-10,TFX,20d,0.069134,0.027091,-0.042044
2026-06-10,DB,20d,0.067398,0.154243,0.086845
2026-06-10,QXO,20d,0.064252,-0.004648,-0.0689
2026-06-10,BRBR,20d,0.064226,0.446118,0.381893
2026-06-10,RAL,20d,0.063536,0.108887,0.045351
2026-06-10,AU,20d,0.063431,0.04626,-0.017171
2026-06-10,AEO,20d,0.062852,-0.033832,-0.096684
2026-06-10,GAP,20d,0.06138,-0.069183,-0.130564
2026-06-10,LBRDK,20d,0.060606,-0.047457,-0.108063
2026-06-10,GDX,20d,0.060214,0.023303,-0.036911
2026-06-10,CACC,20d,0.059938,0.1234,0.063462
2026-06-10,KEYS,20d,0.059621,-0.006019,-0.065639
2026-06-10,CE,20d,0.059166,-0.068678,-0.127844
2026-06-10,OKTA,20d,0.059157,0.206317,0.147161
2026-06-10,BCS,20d,0.058963,0.162437,0.103474
2026-06-10,SILJ,20d,0.058204,0.037113,-0.021092
2026-06-10,ELV,20d,0.057979,0.028846,-0.029133
2026-06-10,CPER,20d,0.057877,0.007158,-0.050719
2026-06-10,GKOS,20d,0.057835,0.246796,0.188961
2026-06-10,EWZ,20d,0.057798,0.073773,0.015975
2026-06-10,LNC,20d,0.057772,0.109855,0.052083
2026-06-10,OZK,20d,0.057747,-0.007249,-0.064997
2026-06-10,CAVA,20d,0.057736,-0.115007,-0.172744
2026-06-10,CPRI,20d,0.057153,-0.074397,-0.13155
2026-06-10,ROKU,20d,0.057135,0.203096,0.14596
2026-06-10,DG,20d,0.056631,0.087,0.030369
2026-06-10,SQM,20d,0.05558,-0.014143,-0.069723
2026-06-10,GDXJ,20d,0.055558,0.045906,-0.009652
2026-06-10,BLSH,5d,0.107386,-0.085824,-0.19321
2026-06-10,CAI,5d,0.075277,0.040793,-0.034484
2026-06-10,SOLS,5d,0.067808,0.095894,0.028086
2026-06-10,CHYM,5d,0.062429,0.009732,-0.052697
2026-06-10,KRMN,5d,0.06233,0.134293,0.071962
2026-06-10,POWL,5d,0.062023,0.120797,0.058775
2026-06-10,OSCR,5d,0.05685,0.015081,-0.041769
2026-06-10,GH,5d,0.053863,-0.012165,-0.066029
2026-06-10,LGN,5d,0.051751,0.054778,0.003026
2026-06-10,LNTH,5d,0.05021,0.029429,-0.020781
2026-06-10,ALGM,5d,0.050018,0.211944,0.161926
2026-06-11,CHYM,20d,0.184936,0.214493,0.029557
2026-06-11,BLSH,20d,0.159549,-0.168364,-0.327912
2026-06-11,GH,20d,0.13236,0.210084,0.077724
2026-06-11,ALHC,20d,0.120953,0.006917,-0.114036
2026-06-11,FMC,20d,0.11557,-0.025185,-0.140756
2026-06-11,G,20d,0.111603,-0.044214,-0.155818
2026-06-11,CRK,20d,0.107828,0.005315,-0.102513
2026-06-11,BBIO,20d,0.107582,0.229904,0.122322
2026-06-11,AR,20d,0.103903,0.001753,-0.10215
2026-06-11,KEYS,20d,0.103821,-0.056466,-0.160287
2026-06-11,AS,20d,0.103352,-0.04073,-0.144083
2026-06-11,FRPT,20d,0.100688,0.070854,-0.029834
2026-06-11,SITM,20d,0.099348,-0.164564,-0.263912
2026-06-11,ONTO,20d,0.097434,0.00224,-0.095194
2026-06-11,SN,20d,0.09545,0.104727,0.009278
2026-06-11,COKE,20d,0.091045,-0.044498,-0.135543
2026-06-11,CPRI,20d,0.090139,-0.16211,-0.252249
2026-06-11,RIVN,20d,0.089506,0.1139,0.024394
2026-06-11,EQT,20d,0.089499,-0.028906,-0.118405
2026-06-11,ONON,20d,0.08918,-0.0329,-0.12208
2026-06-11,EAT,20d,0.088463,0.192402,0.103939
2026-06-11,POWL,20d,0.085233,-0.223201,-0.308435
2026-06-11,KVYO,20d,0.084849,0.221833,0.136985
2026-06-11,BROS,20d,0.082091,0.02199,-0.060101
2026-06-11,HWM,20d,0.081735,0.025246,-0.056489
2026-06-11,SPHR,20d,0.081371,-0.038403,-0.119773
2026-06-11,LITE,20d,0.08078,-0.136512,-0.217293
2026-06-11,UI,20d,0.078996,-0.070647,-0.149642
2026-06-11,CE,20d,0.078726,-0.072576,-0.151302
2026-06-11,ALGM,20d,0.077886,0.060363,-0.017523
2026-06-11,UGI,20d,0.077331,0.055591,-0.02174
2026-06-11,ESLT,20d,0.077082,-0.193659,-0.270741
2026-06-11,PEN,20d,0.076608,0.001948,-0.074661
2026-06-11,TGTX,20d,0.076516,0.144849,0.068333
2026-06-11,CACC,20d,0.075331,0.140804,0.065473
2026-06-11,IOT,20d,0.075298,0.141662,0.066363
2026-06-11,OPCH,20d,0.074953,0.044273,-0.03068
2026-06-11,BOOT,20d,0.074182,-0.060921,-0.135103
2026-06-11,HALO,20d,0.073815,0.076064,0.002249
2026-06-11,VSAT,20d,0.073524,-0.043598,-0.117122
2026-06-11,RGEN,20d,0.07312,0.086627,0.013508
2026-06-11,BRZE,20d,0.073096,0.22807,0.154974
2026-06-11,VAL,20d,0.07263,-0.113722,-0.186352
2026-06-11,HUM,20d,0.070784,0.103794,0.03301
2026-06-11,INDV,20d,0.070426,0.05455,-0.015875
2026-06-11,DAL,20d,0.069516,0.055882,-0.013634
2026-06-11,WWD,20d,0.069005,0.022462,-0.046543
2026-06-11,PLNT,20d,0.068904,-0.019037,-0.087941
2026-06-11,AGI,20d,0.068836,-0.163236,-0.232072
2026-06-11,FLG,20d,0.067835,0.023384,-0.044452
2026-06-11,WIX,20d,0.066829,0.189244,0.122415
2026-06-11,TFC,20d,0.066396,0.025059,-0.041337
2026-06-11,LULU,20d,0.06623,-0.012639,-0.07887
2026-06-11,NVST,20d,0.066213,0.070204,0.003991
2026-06-11,CHWY,20d,0.066054,0.082579,0.016525
2026-06-11,TTAN,20d,0.066023,0.177462,0.111439
2026-06-11,NTR,20d,0.065989,0.04047,-0.025518
2026-06-11,LMND,20d,0.065849,0.235047,0.169198
2026-06-11,NTRA,20d,0.065389,0.244766,0.179377
2026-06-11,PBR,20d,0.065357,-0.019737,-0.085094
2026-06-11,VFC,20d,0.064988,-0.034877,-0.099865
2026-06-11,ERO,20d,0.064734,-0.110108,-0.174843
2026-06-11,HWC,20d,0.064531,0.061653,-0.002878
2026-06-11,APP,20d,0.06451,-0.074639,-0.139149
2026-06-11,SQM,20d,0.062981,-0.105669,-0.16865
2026-06-11,KYMR,20d,0.061826,0.330762,0.268936
2026-06-11,OKTA,20d,0.061751,0.187489,0.125738
2026-06-11,MIDD,20d,0.06121,0.061831,0.000621
2026-06-11,LBRT,20d,0.060881,-0.099893,-0.160774
2026-06-11,INSP,20d,0.060694,0.210179,0.149485
2026-06-11,LTH,20d,0.06064,0.189275,0.128635
2026-06-11,INSM,20d,0.060542,0.128412,0.06787
2026-06-11,BILL,20d,0.060531,0.333956,0.273425
2026-06-11,BLDR,20d,0.060473,-0.064401,-0.124874
2026-06-11,SOLS,5d,0.067955,0.054207,-0.013747
2026-06-11,UNG,5d,0.054099,0.051971,-0.002128
2026-06-11,CHYM,5d,0.053406,0.02029,-0.033117
2026-06-12,HIMS,20d,0.34799,0.310589,-0.037401
2026-06-12,SOC,20d,0.231422,-0.596507,-0.827929
2026-06-12,BLSH,20d,0.218723,-0.086733,-0.305456
2026-06-12,WIX,20d,0.168375,0.148116,-0.020259
2026-06-12,CAVA,20d,0.155981,-0.231014,-0.386996
2026-06-12,DOCN,20d,0.145039,-0.258977,-0.404015
2026-06-12,IOT,20d,0.140293,0.096257,-0.044036
2026-06-12,KRMN,20d,0.120435,-0.041815,-0.16225
2026-06-12,NET,20d,0.113109,0.23315,0.120041
2026-06-12,BROS,20d,0.107658,-0.027925,-0.135583
2026-06-12,CHYM,20d,0.105568,0.28503,0.179462
2026-06-12,FOUR,20d,0.104302,0.214424,0.110122
2026-06-12,ALHC,20d,0.102471,0.073418,-0.029053
2026-06-12,MNDY,20d,0.101412,0.055047,-0.046365
2026-06-12,MELI,20d,0.101153,0.178837,0.077685
2026-06-12,LOGI,20d,0.090307,-0.09223,-0.182537
2026-06-12,LNC,20d,0.086889,0.118913,0.032025
2026-06-12,G,20d,0.086269,-0.079226,-0.165495
2026-06-12,KVYO,20d,0.080377,0.232231,0.151853
2026-06-12,ESLT,20d,0.07986,-0.136768,-0.216628
2026-06-12,LQDA,20d,0.07924,0.073845,-0.005395
2026-06-12,DAR,20d,0.076948,0.084927,0.00798
2026-06-12,CNR,20d,0.076762,-0.061842,-0.138604
2026-06-12,NFLX,20d,0.076632,-0.084765,-0.161397
2026-06-12,PENN,20d,0.075453,-0.069188,-0.144641
2026-06-12,CZR,20d,0.075248,0.012208,-0.06304
2026-06-12,SRAD,20d,0.075044,-0.060038,-0.135081
2026-06-12,FRPT,20d,0.074521,0.029814,-0.044707
2026-06-12,SN,20d,0.073769,0.120254,0.046485
2026-06-12,FLG,20d,0.073097,0.001339,-0.071758
2026-06-12,NVMI,20d,0.073051,-0.187823,-0.260874
2026-06-12,WAY,20d,0.071276,0.183467,0.11219
2026-06-12,AGI,20d,0.069588,-0.165625,-0.235213
2026-06-12,VIAV,20d,0.069026,-0.217172,-0.286197
2026-06-12,SFM,20d,0.068499,-0.127186,-0.195686
2026-06-12,RKT,20d,0.067773,0.094109,0.026336
2026-06-12,TRI,20d,0.066817,0.126888,0.060071
2026-06-12,VRTX,20d,0.064933,0.070528,0.005595
2026-06-12,COST,20d,0.064844,-0.061689,-0.126533
2026-06-12,EAT,20d,0.064628,0.163256,0.098628
2026-06-12,PTGX,20d,0.064121,0.195755,0.131634
2026-06-12,LTH,20d,0.063946,0.2116,0.147654
2026-06-12,DOCS,20d,0.063588,0.087824,0.024236
2026-06-12,CRWD,20d,0.062571,0.234505,0.171934
2026-06-12,NXT,20d,0.061309,-0.141286,-0.202595
2026-06-12,UPST,20d,0.060842,0.04,-0.020842
2026-06-12,ROKU,20d,0.059064,-0.013226,-0.07229
2026-06-12,RBC,20d,0.05731,-0.025611,-0.082922
2026-06-12,PAAS,20d,0.057007,-0.096178,-0.153185
2026-06-12,BFAM,20d,0.056646,0.127062,0.070416
2026-06-12,UI,20d,0.056091,-0.066618,-0.122709
2026-06-12,CF,20d,0.055962,0.088692,0.03273
2026-06-12,PINS,20d,0.055151,0.118753,0.063602
2026-06-12,WELL,20d,0.054291,0.10162,0.047328
2026-06-12,MDGL,20d,0.05404,0.116667,0.062627
2026-06-12,OKTA,20d,0.053805,0.329607,0.275802
2026-06-12,SLVP,20d,0.053608,-0.054565,-0.108173
2026-06-12,ZETA,20d,0.052755,0.114795,0.06204
2026-06-12,VRSK,20d,0.052694,0.039498,-0.013196
2026-06-12,TMUS,20d,0.052036,-0.010418,-0.062453
2026-06-12,GWRE,20d,0.051059,0.148091,0.097032
2026-06-12,TKO,20d,0.050748,-0.088908,-0.139656
2026-06-12,HUBS,20d,0.050553,0.115438,0.064885
2026-06-12,AR,20d,0.050336,-0.026127,-0.076463
2026-06-12,BLSH,5d,0.076816,-0.077912,-0.154729
2026-06-12,KRMN,5d,0.074243,-0.002718,-0.076961
2026-06-12,FIG,5d,0.066396,0.029126,-0.03727
2026-06-12,TTAN,5d,0.060524,-0.062902,-0.123426
2026-06-12,CEG,5d,0.053701,0.08579,0.032089
2026-06-15,DJT,20d,0.201483,0.133886,-0.067596
2026-06-15,SGML,20d,0.190625,-0.266883,-0.457508
2026-06-15,TVTX,20d,0.16898,0.054647,-0.114333
2026-06-15,HIMS,20d,0.157873,0.232018,0.074146
2026-06-15,RBRK,20d,0.14299,0.151741,0.008751
2026-06-15,ZIM,20d,0.129965,-0.004815,-0.134781
2026-06-15,RIVN,20d,0.128526,0.067146,-0.06138
2026-06-15,CRK,20d,0.126795,0.001533,-0.125263
2026-06-15,LVS,20d,0.124309,-0.099517,-0.223826
2026-06-15,CHYM,20d,0.119915,0.252268,0.132352
2026-06-15,CRDO,20d,0.115783,-0.12594,-0.241722
2026-06-15,ILMN,20d,0.112961,0.121397,0.008436
2026-06-15,AS,20d,0.112109,-0.007802,-0.119911
2026-06-15,BHF,20d,0.108279,0.034165,-0.074114
2026-06-15,CNX,20d,0.107786,0.008799,-0.098987
2026-06-15,DOCU,20d,0.107171,0.157597,0.050426
2026-06-15,KVYO,20d,0.10059,0.259286,0.158696
2026-06-15,HOOD,20d,0.089245,0.177538,0.088292
2026-06-15,LULU,20d,0.085115,0.010412,-0.074703
2026-06-15,HCC,20d,0.081063,-0.146418,-0.227481
2026-06-15,SPHR,20d,0.080154,-0.070994,-0.151148
2026-06-15,AAL,20d,0.079805,0.010996,-0.068809
2026-06-15,MGM,20d,0.077545,-0.03661,-0.114155
2026-06-15,SYM,20d,0.076499,0.022052,-0.054448
2026-06-15,W,20d,0.076294,0.104591,0.028297
2026-06-15,COGT,20d,0.074427,0.184806,0.110378
2026-06-15,MIR,20d,0.073447,-0.025656,-0.099103
2026-06-15,AGX,20d,0.072748,-0.115595,-0.188343
2026-06-15,RYAN,20d,0.072158,0.150538,0.078379
2026-06-15,PEN,20d,0.071803,-0.004651,-0.076454
2026-06-15,ALB,20d,0.070271,-0.261456,-0.331728
2026-06-15,PLTR,20d,0.068407,-0.007052,-0.075459
2026-06-15,EXPE,20d,0.067208,0.127141,0.059933
2026-06-15,LQDA,20d,0.066723,0.082869,0.016146
2026-06-15,RDDT,20d,0.066562,0.088795,0.022233
2026-06-15,PAAS,20d,0.064869,-0.145183,-0.210053
2026-06-15,EXE,20d,0.064694,-0.003072,-0.067766
2026-06-15,PTCT,20d,0.063752,0.026964,-0.036789
2026-06-15,DTM,20d,0.060944,0.032696,-0.028249
2026-06-15,MBLY,20d,0.059965,-0.010493,-0.070458
2026-06-15,ALK,20d,0.057002,-0.02445,-0.081452
2026-06-15,APGE,20d,0.056647,0.558069,0.501422
2026-06-15,EXEL,20d,0.05658,0.048113,-0.008467
2026-06-15,AMBA,20d,0.055156,-0.017964,-0.07312
2026-06-15,JBS,20d,0.05461,-0.007383,-0.061993
2026-06-15,CPRI,20d,0.054092,-0.216049,-0.270141
2026-06-15,BMY,20d,0.053978,0.055883,0.001905
2026-06-15,CELC,20d,0.053808,0.037058,-0.01675
2026-06-15,TWLO,20d,0.052902,0.047228,-0.005674
2026-06-15,WYNN,20d,0.051863,-0.084088,-0.135951
2026-06-15,WK,20d,0.051529,0.114344,0.062815
2026-06-15,ANF,20d,0.050589,0.06685,0.016261
2026-06-15,AEO,20d,0.05032,-0.049759,-0.100078
2026-06-15,DAL,20d,0.050277,0.025006,-0.025272
2026-06-15,HIMS,5d,0.065466,0.092476,0.02701
2026-06-15,BZ,5d,0.054588,-0.074648,-0.129235
2026-06-15,ZIM,5d,0.054559,0.020465,-0.034094
2026-06-15,LVS,5d,0.053471,-0.039807,-0.093278
2026-06-15,CSIQ,5d,0.052015,-0.12737,-0.179384
2026-06-15,W,5d,0.050242,0.022412,-0.02783
2026-06-16,DJT,20d,0.200068,0.180147,-0.019921
2026-06-16,SGML,20d,0.197255,-0.30473,-0.501984
2026-06-16,CHYM,20d,0.193056,0.286217,0.093161
2026-06-16,HIMS,20d,0.157634,0.070226,-0.087408
2026-06-16,TVTX,20d,0.147881,0.035594,-0.112287
2026-06-16,AS,20d,0.140561,0.012363,-0.128198
2026-06-16,RIVN,20d,0.127069,0.072819,-0.05425
2026-06-16,BHF,20d,0.113502,0.033291,-0.080211
2026-06-16,ZIM,20d,0.11144,0.002044,-0.109396
2026-06-16,KVYO,20d,0.108131,0.287572,0.179442
2026-06-16,CRK,20d,0.103497,-0.017991,-0.121488
2026-06-16,CNX,20d,0.099068,0.001796,-0.097271
2026-06-16,HCC,20d,0.09759,-0.139403,-0.236993
2026-06-16,RBRK,20d,0.094071,0.153802,0.059731
2026-06-16,LULU,20d,0.093009,0.028485,-0.064524
2026-06-16,CCL,20d,0.090335,-0.130744,-0.22108
2026-06-16,PEN,20d,0.081039,0.00358,-0.077459
2026-06-16,ALB,20d,0.078178,-0.280838,-0.359016
2026-06-16,SPHR,20d,0.078136,-0.099747,-0.177883
2026-06-16,AAL,20d,0.076903,-0.007002,-0.083905
2026-06-16,NCLH,20d,0.07639,-0.035416,-0.111806
2026-06-16,W,20d,0.075432,0.100048,0.024616
2026-06-16,COGT,20d,0.073413,0.147263,0.07385
2026-06-16,RYAN,20d,0.072307,0.194695,0.122389
2026-06-16,DOCU,20d,0.072204,0.20144,0.129236
2026-06-16,CRDO,20d,0.07145,-0.130487,-0.201938
2026-06-16,LQDA,20d,0.071328,0.106749,0.035421
2026-06-16,ILMN,20d,0.068713,0.158084,0.08937
2026-06-16,EXPE,20d,0.066174,0.112457,0.046283
2026-06-16,GAP,20d,0.064747,-0.047866,-0.112613
2026-06-16,EXEL,20d,0.062163,0.068714,0.006551
2026-06-16,LVS,20d,0.061975,-0.066203,-0.128178
2026-06-16,TWLO,20d,0.060986,0.072763,0.011778
2026-06-16,LYFT,20d,0.060379,0.119048,0.058669
2026-06-16,AA,20d,0.059324,-0.254812,-0.314136
2026-06-16,ANF,20d,0.056805,0.093308,0.036502
2026-06-16,EAT,20d,0.05628,0.20788,0.151601
2026-06-16,FOUR,20d,0.056029,0.250605,0.194577
2026-06-16,ALK,20d,0.055745,-0.03034,-0.086085
2026-06-16,JKHY,20d,0.055499,0.189883,0.134384
2026-06-16,AMBA,20d,0.055156,-0.057062,-0.112218
2026-06-16,ISRG,20d,0.054685,-0.035342,-0.090027
2026-06-16,BILL,20d,0.05449,0.326009,0.271519
2026-06-16,LNC,20d,0.054127,0.115686,0.06156
2026-06-16,BMY,20d,0.053978,0.094296,0.040318
2026-06-16,PTCT,20d,0.053257,0.071653,0.018396
2026-06-16,HOOD,20d,0.052535,0.096267,0.043732
2026-06-16,HQY,20d,0.05236,0.152113,0.099753
2026-06-16,APGE,20d,0.051817,0.57297,0.521154
2026-06-16,EXE,20d,0.051531,-0.002037,-0.053568
2026-06-16,CVNA,20d,0.050695,0.008852,-0.041842
2026-06-16,SGML,5d,0.085995,-0.156757,-0.242752
2026-06-16,CHYM,5d,0.077034,0.019355,-0.057679
2026-06-16,HIMS,5d,0.054524,0.039085,-0.015439
2026-06-16,LITE,5d,0.0545,-0.037505,-0.092004
2026-06-16,COHR,5d,0.053762,0.025313,-0.028449
2026-06-16,LVS,5d,0.050221,-0.024111,-0.074332
2026-06-17,CHYM,20d,0.285357,0.345181,0.059824
2026-06-17,ANF,20d,0.16937,0.124306,-0.045063
2026-06-17,HIMS,20d,0.168057,0.02979,-0.138267
2026-06-17,TTAN,20d,0.157174,0.216974,0.059799
2026-06-17,CCL,20d,0.151311,-0.117018,-0.268329
2026-06-17,NCLH,20d,0.146467,-0.018659,-0.165126
2026-06-17,HCC,20d,0.142701,-0.16998,-0.312681
2026-06-17,SGML,20d,0.140592,-0.306757,-0.447349
2026-06-17,TVTX,20d,0.134155,0.04747,-0.086686
2026-06-17,KVYO,20d,0.131337,0.312779,0.181442
2026-06-17,DJT,20d,0.128712,0.192593,0.06388
2026-06-17,HOOD,20d,0.128263,-0.04981,-0.178073
2026-06-17,EAT,20d,0.125541,0.19238,0.06684
2026-06-17,FOUR,20d,0.123409,0.284401,0.160993
2026-06-17,INSM,20d,0.120093,0.100254,-0.019839
2026-06-17,CNR,20d,0.120045,-0.04134,-0.161384
2026-06-17,AMR,20d,0.117467,-0.256348,-0.373815
2026-06-17,SARO,20d,0.115937,-0.015832,-0.131769
2026-06-17,ALHC,20d,0.114933,-0.038282,-0.153215
2026-06-17,RBRK,20d,0.110468,0.140526,0.030058
2026-06-17,RIVN,20d,0.110373,0.073493,-0.03688
2026-06-17,MRNA,20d,0.104174,0.000324,-0.103851
2026-06-17,WIX,20d,0.098998,0.223543,0.124545
2026-06-17,COHR,20d,0.098226,-0.267256,-0.365483
2026-06-17,CAI,20d,0.095223,-0.076708,-0.17193
2026-06-17,ENPH,20d,0.094708,-0.129971,-0.224679
2026-06-17,MNDY,20d,0.093994,0.072363,-0.021631
2026-06-17,UI,20d,0.093011,-0.029974,-0.122985
2026-06-17,ESTC,20d,0.092664,0.051742,-0.040922
2026-06-17,LIF,20d,0.092042,0.143495,0.051453
2026-06-17,KRMN,20d,0.089851,-0.112627,-0.202479
2026-06-17,LULU,20d,0.088802,0.040891,-0.047911
2026-06-17,LNC,20d,0.087336,0.142732,0.055396
2026-06-17,SN,20d,0.086704,0.157008,0.070305
2026-06-17,CG,20d,0.085757,0.008317,-0.07744
2026-06-17,AA,20d,0.084398,-0.287543,-0.37194
2026-06-17,TWLO,20d,0.083753,0.09925,0.015497
2026-06-17,CVNA,20d,0.082684,0.071269,-0.011415
2026-06-17,BTU,20d,0.08093,-0.125487,-0.206417
2026-06-17,UPST,20d,0.080274,-0.031188,-0.111463
2026-06-17,METC,20d,0.079872,-0.197522,-0.277394
2026-06-17,PTCT,20d,0.075728,0.000764,-0.074964
2026-06-17,TEAM,20d,0.075529,0.105463,0.029934
2026-06-17,BILL,20d,0.075472,0.388941,0.313468
2026-06-17,HQY,20d,0.075419,0.131356,0.055937
2026-06-17,MKTX,20d,0.074228,-0.050876,-0.125104
2026-06-17,PEN,20d,0.073159,0.006832,-0.066327
2026-06-17,MBLY,20d,0.072229,0.056128,-0.0161
2026-06-17,AAL,20d,0.070216,-0.028534,-0.09875
2026-06-17,UBS,20d,0.068463,0.060326,-0.008137
2026-06-17,SCHW,20d,0.065986,0.074595,0.008609
2026-06-17,PATH,20d,0.065661,0.187683,0.122022
2026-06-17,EXPE,20d,0.065624,0.122353,0.05673
2026-06-17,WRBY,20d,0.065163,0.090421,0.025258
2026-06-17,AVAV,20d,0.064806,-0.149064,-0.213869
2026-06-17,CVS,20d,0.064272,0.083804,0.019531
2026-06-17,ALB,20d,0.063941,-0.274856,-0.338797
2026-06-17,COLD,20d,0.063672,0.142101,0.078429
2026-06-17,DECK,20d,0.062968,0.007283,-0.055685
2026-06-17,LQDA,20d,0.062929,0.164457,0.101529
2026-06-17,YETI,20d,0.062361,0.080652,0.018291
2026-06-17,AMBA,20d,0.061161,-0.061324,-0.122485
2026-06-17,RL,20d,0.061002,-0.05564,-0.116642
2026-06-17,IDCC,20d,0.060452,-0.087339,-0.147791
2026-06-17,ONON,20d,0.060031,-0.013786,-0.073817
2026-06-17,COGT,20d,0.059026,0.160677,0.101651
2026-06-17,HLNE,20d,0.058964,0.0625,0.003536
2026-06-17,COF,20d,0.058961,0.035645,-0.023316
2026-06-17,BJ,20d,0.058602,0.076161,0.017559
2026-06-17,RCL,20d,0.058067,-0.048131,-0.106197
2026-06-17,NXE,20d,0.057757,-0.161106,-0.218863
2026-06-17,CORT,20d,0.056235,0.107278,0.051043
2026-06-17,CHYM,5d,0.125649,0.100602,-0.025047
2026-06-17,BLSH,5d,0.09608,-0.082984,-0.179064
2026-06-17,SGML,5d,0.077856,-0.179054,-0.25691
2026-06-17,TTAN,5d,0.076491,0.015212,-0.061279
2026-06-17,BEAM,5d,0.075538,0.044643,-0.030895
2026-06-17,ETHA,5d,0.074918,-0.10176,-0.176678
2026-06-17,FETH,5d,0.074082,-0.101101,-0.175183
2026-06-17,ETH,5d,0.073118,-0.102486,-0.175604
2026-06-17,UPST,5d,0.069656,0.082403,0.012747
2026-06-17,HIMS,5d,0.063177,0.025713,-0.037464
2026-06-17,PATH,5d,0.060071,-0.029325,-0.089397
2026-06-17,SITM,5d,0.059875,-0.00223,-0.062105
2026-06-17,AMR,5d,0.05891,-0.130268,-0.189179
2026-06-17,INTC,5d,0.056396,0.097192,0.040797
2026-06-17,NTLA,5d,0.05589,0.054605,-0.001284
2026-06-17,AA,5d,0.05284,-0.140126,-0.192967
2026-06-17,LBRT,5d,0.05249,0.002944,-0.049545
2026-06-17,WIX,5d,0.052486,-0.007848,-0.060334
2026-06-17,CAI,5d,0.051685,0.047032,-0.004653
2026-06-17,RDDT,5d,0.051303,-0.047785,-0.099088
2026-06-18,SGML,20d,0.225339,-0.25348,-0.478819
2026-06-18,HIMS,20d,0.167687,-0.078094,-0.245781
2026-06-18,CHYM,20d,0.162017,0.246023,0.084005
2026-06-18,TVTX,20d,0.157462,0.005802,-0.151659
2026-06-18,HCC,20d,0.114869,-0.127843,-0.242712
2026-06-18,BHF,20d,0.108115,0.026245,-0.08187
2026-06-18,KVYO,20d,0.10809,0.369811,0.261721
2026-06-18,AS,20d,0.10677,-0.013304,-0.120074
2026-06-18,ZIM,20d,0.105791,-0.001233,-0.107024
2026-06-18,CCL,20d,0.104677,-0.156463,-0.26114
2026-06-18,AGX,20d,0.100269,-0.184977,-0.285245
2026-06-18,ALB,20d,0.100114,-0.262863,-0.362976
2026-06-18,NCLH,20d,0.099775,-0.046478,-0.146253
2026-06-18,ILMN,20d,0.098315,0.140493,0.042178
2026-06-18,CNX,20d,0.098274,-0.000306,-0.09858
2026-06-18,LVS,20d,0.094546,-0.059729,-0.154275
2026-06-18,CRK,20d,0.088622,-0.016031,-0.104653
2026-06-18,PEN,20d,0.084979,0.002554,-0.082426
2026-06-18,LULU,20d,0.08406,0.04384,-0.04022
2026-06-18,SPHR,20d,0.077131,-0.125787,-0.202917
2026-06-18,COGT,20d,0.073099,0.108859,0.03576
2026-06-18,RIVN,20d,0.07306,0.043583,-0.029477
2026-06-18,VICR,20d,0.072618,-0.302924,-0.375542
2026-06-18,LQDA,20d,0.071272,0.084565,0.013292
2026-06-18,FOUR,20d,0.070344,0.291117,0.220773
2026-06-18,TWLO,20d,0.070333,0.102433,0.032101
2026-06-18,AAL,20d,0.07022,-0.053158,-0.123379
2026-06-18,HQY,20d,0.068993,0.160427,0.091434
2026-06-18,SQM,20d,0.068605,-0.150584,-0.219189
2026-06-18,EXPE,20d,0.068106,0.100374,0.032268
2026-06-18,CSIQ,20d,0.067787,-0.065765,-0.133552
2026-06-18,PTCT,20d,0.067515,-0.012282,-0.079797
2026-06-18,EAT,20d,0.064645,0.182667,0.118022
2026-06-18,MKTX,20d,0.063724,-0.04496,-0.108684
2026-06-18,JKHY,20d,0.061095,0.213341,0.152246
2026-06-18,EXEL,20d,0.059986,0.069736,0.00975
2026-06-18,AA,20d,0.059641,-0.267644,-0.327284
2026-06-18,AMBA,20d,0.058083,-0.061026,-0.11911
2026-06-18,ANF,20d,0.057507,0.082531,0.025024
2026-06-18,MU,20d,0.055975,-0.236684,-0.292659
2026-06-18,RYAN,20d,0.055888,0.200172,0.144284
2026-06-18,ISRG,20d,0.055057,-0.131791,-0.186848
2026-06-18,LNC,20d,0.054118,0.132351,0.078234
2026-06-18,XYZ,20d,0.05407,0.06031,0.006241
2026-06-18,AEO,20d,0.054024,-0.007724,-0.061748
2026-06-18,W,20d,0.053677,-0.008586,-0.062263
2026-06-18,UNG,20d,0.053308,-0.123509,-0.176817
2026-06-18,WRBY,20d,0.053235,-0.052773,-0.106009
2026-06-18,EXE,20d,0.05148,-0.000345,-0.051825
2026-06-18,BMY,20d,0.051243,0.12665,0.075407
2026-06-18,PAAS,20d,0.05064,-0.13898,-0.18962
2026-06-18,TPG,20d,0.050507,0.021879,-0.028628
2026-06-18,ESLT,20d,0.050284,-0.04111,-0.091394
2026-06-18,CHYM,5d,0.075655,0.154545,0.078891
2026-06-18,LITE,5d,0.066642,-0.038847,-0.105489
2026-06-18,SGML,5d,0.066593,-0.142125,-0.208718
2026-06-18,TTAN,5d,0.054931,0.077378,0.022447
2026-06-18,AA,5d,0.053298,-0.088765,-0.142063
2026-06-18,COHR,5d,0.052815,-0.023128,-0.075944
2026-06-18,ACMR,5d,0.052608,-0.048876,-0.101484
2026-06-18,HIMS,5d,0.052468,-0.043135,-0.095604
2026-06-22,HIMS,20d,0.218438,-0.02415,-0.242589
2026-06-22,SOC,20d,0.19623,-0.552828,-0.749059
2026-06-22,CHYM,20d,0.187501,0.31974,0.132239
2026-06-22,BLSH,20d,0.134352,-0.012754,-0.147106
2026-06-22,ZIM,20d,0.125346,-0.01385,-0.139197
2026-06-22,SGML,20d,0.121975,-0.21203,-0.334005
2026-06-22,MRNA,20d,0.096408,0.005308,-0.0911
2026-06-22,RIVN,20d,0.090457,0.176159,0.085702
2026-06-22,KRMN,20d,0.087821,-0.021593,-0.109414
2026-06-22,WLK,20d,0.079535,-0.022194,-0.101729
2026-06-22,PEN,20d,0.079454,0.003763,-0.07569
2026-06-22,LQDA,20d,0.079443,0.071533,-0.00791
2026-06-22,CZR,20d,0.075331,0.025265,-0.050066
2026-06-22,PTGX,20d,0.074381,0.202382,0.128001
2026-06-22,CE,20d,0.074025,-0.066761,-0.140785
2026-06-22,ABNB,20d,0.07104,0.035276,-0.035764
2026-06-22,DAR,20d,0.070914,0.200864,0.129951
2026-06-22,SQM,20d,0.069931,-0.12473,-0.194661
2026-06-22,ESLT,20d,0.06861,0.001306,-0.067304
2026-06-22,MT,20d,0.068046,0.032157,-0.035889
2026-06-22,LULU,20d,0.067818,0.106232,0.038414
2026-06-22,RKT,20d,0.067773,0.023238,-0.044534
2026-06-22,ROKU,20d,0.066654,0.067086,0.000432
2026-06-22,LNTH,20d,0.066314,0.016478,-0.049836
2026-06-22,CAVA,20d,0.062599,-0.212537,-0.275136
2026-06-22,AXSM,20d,0.062464,-0.043978,-0.106442
2026-06-22,NYT,20d,0.062316,0.039453,-0.022863
2026-06-22,PENN,20d,0.060359,0.019203,-0.041156
2026-06-22,EAT,20d,0.060298,0.172504,0.112206
2026-06-22,SLVP,20d,0.059454,-0.066606,-0.12606
2026-06-22,XYZ,20d,0.059364,0.100041,0.040677
2026-06-22,WIX,20d,0.058458,0.221214,0.162756
2026-06-22,VIAV,20d,0.058258,-0.187382,-0.24564
2026-06-22,LNC,20d,0.057865,0.122662,0.064798
2026-06-22,PAAS,20d,0.057664,-0.091597,-0.149261
2026-06-22,G,20d,0.057205,0.073639,0.016434
2026-06-22,COKE,20d,0.057169,0.023421,-0.033748
2026-06-22,OPCH,20d,0.056938,0.017371,-0.039568
2026-06-22,EXPE,20d,0.056825,0.1131,0.056275
2026-06-22,B,20d,0.055136,-0.093921,-0.149057
2026-06-22,TWLO,20d,0.053839,0.068504,0.014665
2026-06-22,HCC,20d,0.051375,-0.093224,-0.144599
2026-06-22,HSIC,20d,0.051092,0.091394,0.040302
2026-06-22,SIL,20d,0.050968,-0.089513,-0.140481
2026-06-22,DOW,20d,0.05096,-0.010393,-0.061353
2026-06-22,NET,20d,0.050816,0.246955,0.196139
2026-06-22,LITE,5d,0.054497,-0.047576,-0.102073
2026-06-23,CHYM,20d,0.388943,0.308938,-0.080004
2026-06-23,BLSH,20d,0.290131,-0.050943,-0.341073
2026-06-23,CAI,20d,0.201762,-0.126136,-0.327898
2026-06-23,CVNA,20d,0.189387,-0.032084,-0.221471
2026-06-23,ALHC,20d,0.173693,-0.04109,-0.214783
2026-06-23,TTAN,20d,0.157136,0.088955,-0.068181
2026-06-23,UPST,20d,0.138983,-0.089638,-0.22862
2026-06-23,CAVA,20d,0.138424,-0.19621,-0.334634
2026-06-23,FMC,20d,0.128647,0.076428,-0.052219
2026-06-23,ONTO,20d,0.117679,-0.06531,-0.182989
2026-06-23,KVYO,20d,0.11003,0.20089,0.09086
2026-06-23,G,20d,0.105884,0.061174,-0.04471
2026-06-23,FRPT,20d,0.104174,0.081319,-0.022855
2026-06-23,KEYS,20d,0.100385,-0.071048,-0.171433
2026-06-23,SN,20d,0.098854,0.090512,-0.008343
2026-06-23,RKT,20d,0.09874,-0.002227,-0.100967
2026-06-23,ACMR,20d,0.097168,-0.096953,-0.194121
2026-06-23,IOT,20d,0.09653,0.065197,-0.031333
2026-06-23,EAT,20d,0.093014,0.139909,0.046895
2026-06-23,APP,20d,0.092764,-0.116783,-0.209547
2026-06-23,ESLT,20d,0.091464,0.026202,-0.065262
2026-06-23,BBIO,20d,0.091413,0.20443,0.113016
2026-06-23,VSAT,20d,0.091406,0.164214,0.072809
2026-06-23,OPCH,20d,0.089145,-0.037324,-0.126468
2026-06-23,OKTA,20d,0.089005,0.156821,0.067816
2026-06-23,AU,20d,0.088802,-0.031269,-0.120071
2026-06-23,NTR,20d,0.087612,0.123195,0.035583
2026-06-23,AMRZ,20d,0.087541,-0.061364,-0.148904
2026-06-23,NVST,20d,0.085913,0.046318,-0.039595
2026-06-23,EQT,20d,0.084285,0.04549,-0.038796
2026-06-23,AS,20d,0.084031,-0.010932,-0.094963
2026-06-23,ZIM,20d,0.081368,-0.016516,-0.097884
2026-06-23,INSP,20d,0.078966,0.207186,0.128219
2026-06-23,CZR,20d,0.07895,0.017329,-0.061621
2026-06-23,PEN,20d,0.078524,-0.003558,-0.082082
2026-06-23,SPHR,20d,0.078016,-0.126106,-0.204122
2026-06-23,KGC,20d,0.077757,-0.030788,-0.108544
2026-06-23,BROS,20d,0.076844,-0.036922,-0.113766
2026-06-23,CACC,20d,0.076655,0.027544,-0.049111
2026-06-23,POWL,20d,0.075948,-0.17434,-0.250288
2026-06-23,AGI,20d,0.075923,-0.01101,-0.086934
2026-06-23,SOC,20d,0.075462,-0.510067,-0.585529
2026-06-23,CRK,20d,0.075156,0.041605,-0.033551
2026-06-23,COKE,20d,0.075132,0.007377,-0.067755
2026-06-23,FLG,20d,0.074439,-0.00998,-0.084419
2026-06-23,SQM,20d,0.074353,-0.095294,-0.169647
2026-06-23,SYM,20d,0.073909,0.100856,0.026947
2026-06-23,LQDA,20d,0.073402,0.175581,0.102179
2026-06-23,BFAM,20d,0.073298,0.094168,0.020869
2026-06-23,CORT,20d,0.072737,0.138134,0.065396
2026-06-23,CE,20d,0.072205,0.004779,-0.067427
2026-06-23,AR,20d,0.07183,0.021431,-0.0504
2026-06-23,NEM,20d,0.07132,-0.021361,-0.092681
2026-06-23,ONB,20d,0.071312,0.042259,-0.029053
2026-06-23,PEGA,20d,0.071247,-0.128149,-0.199395
2026-06-23,PBR,20d,0.070022,0.109219,0.039197
2026-06-23,CPRI,20d,0.069082,-0.156136,-0.225218
2026-06-23,COGT,20d,0.06889,0.088956,0.020067
2026-06-23,TWLO,20d,0.068732,-0.003586,-0.072318
2026-06-23,WFC,20d,0.068212,0.02722,-0.040992
2026-06-23,ROKU,20d,0.068163,0.05942,-0.008743
2026-06-23,BRZE,20d,0.067924,0.168224,0.1003
2026-06-23,ERO,20d,0.067633,-0.024505,-0.092137
2026-06-23,MIDD,20d,0.067356,-0.005797,-0.073153
2026-06-23,AXON,20d,0.067106,0.134976,0.06787
2026-06-23,OZK,20d,0.067048,0.016544,-0.050504
2026-06-23,SITM,20d,0.066699,-0.164422,-0.231121
2026-06-23,LCID,20d,0.065293,0.306358,0.241066
2026-06-23,FNV,20d,0.065106,0.000888,-0.064218
2026-06-23,SFM,20d,0.064768,-0.125074,-0.189842
2026-06-23,SARO,20d,0.064747,0.027188,-0.037559
2026-06-23,GDX,20d,0.064435,-0.012619,-0.077054
2026-06-23,SHOP,20d,0.064325,0.09974,0.035415
2026-06-23,WIX,20d,0.063697,0.203562,0.139865
2026-06-23,HALO,20d,0.063629,0.117782,0.054153
2026-06-23,BLSH,5d,0.092152,-0.060168,-0.152321
2026-06-23,SOLS,5d,0.067226,0.046416,-0.020811
2026-06-23,OSCR,5d,0.058053,-0.04711,-0.105163
2026-06-23,LGN,5d,0.057361,0.051963,-0.005398
2026-06-23,AMRZ,5d,0.056656,0.00947,-0.047186
2026-06-23,CHYM,5d,0.055678,0.228554,0.172876
2026-06-23,KRMN,5d,0.051974,0.076326,0.024352
2026-06-24,BLSH,20d,0.280928,0.032808,-0.24812
2026-06-24,CVNA,20d,0.174561,-0.11368,-0.288241
2026-06-24,ALHC,20d,0.160691,-0.077916,-0.238607
2026-06-24,CHYM,20d,0.154464,0.194476,0.040013
2026-06-24,CAVA,20d,0.138684,-0.231396,-0.37008
2026-06-24,FMC,20d,0.134058,0.039894,-0.094163
2026-06-24,CORT,20d,0.124279,0.18514,0.060861
2026-06-24,TGTX,20d,0.110981,0.035448,-0.075533
2026-06-24,KVYO,20d,0.104538,0.114509,0.009971
2026-06-24,G,20d,0.103359,0.064494,-0.038865
2026-06-24,IOT,20d,0.102368,0.008003,-0.094366
2026-06-24,OKTA,20d,0.101941,0.147748,0.045807
2026-06-24,RKT,20d,0.101913,-0.132383,-0.234296
2026-06-24,AU,20d,0.093269,-0.002163,-0.095432
2026-06-24,AGI,20d,0.090698,-0.02392,-0.114619
2026-06-24,KEYS,20d,0.0887,-0.074495,-0.163194
2026-06-24,VSAT,20d,0.085833,0.193476,0.107642
2026-06-24,SN,20d,0.0856,0.040231,-0.045369
2026-06-24,ESLT,20d,0.085599,0.076841,-0.008758
2026-06-24,UPST,20d,0.083593,-0.154977,-0.23857
2026-06-24,APP,20d,0.083266,-0.142163,-0.225429
2026-06-24,ALNY,20d,0.082409,-0.086105,-0.168514
2026-06-24,FLG,20d,0.080206,-0.024536,-0.104742
2026-06-24,DOCN,20d,0.080097,-0.11737,-0.197467
2026-06-24,BBIO,20d,0.080085,0.195646,0.11556
2026-06-24,CAI,20d,0.079941,-0.137741,-0.217682
2026-06-24,BFAM,20d,0.079845,0.094229,0.014383
2026-06-24,CZR,20d,0.078921,0.010135,-0.068786
2026-06-24,CACC,20d,0.077246,-0.015893,-0.093139
2026-06-24,SPHR,20d,0.077061,-0.140601,-0.217662
2026-06-24,EQT,20d,0.076595,0.037102,-0.039493
2026-06-24,SFM,20d,0.073591,-0.139361,-0.212952
2026-06-24,SQM,20d,0.073102,-0.082826,-0.155928
2026-06-24,EAT,20d,0.07169,0.089068,0.017378
2026-06-24,NVST,20d,0.071266,0.004992,-0.066274
2026-06-24,BRZE,20d,0.071145,0.089322,0.018177
2026-06-24,PBR,20d,0.070041,0.155015,0.084975
2026-06-24,NFLX,20d,0.066956,-0.041063,-0.108019
2026-06-24,ROKU,20d,0.066912,0.042228,-0.024684
2026-06-24,EWZ,20d,0.066846,0.068538,0.001692
2026-06-24,ONTO,20d,0.065877,-0.096108,-0.161985
2026-06-24,AR,20d,0.065821,0.010372,-0.055449
2026-06-24,FRPT,20d,0.065414,0.074327,0.008913
2026-06-24,CE,20d,0.065334,-0.014363,-0.079697
2026-06-24,AS,20d,0.065152,-0.051282,-0.116434
2026-06-24,NEM,20d,0.064732,0.007231,-0.057501
2026-06-24,META,20d,0.064591,0.086843,0.022252
2026-06-24,ELV,20d,0.064371,-0.012214,-0.076584
2026-06-24,CPRI,20d,0.064226,-0.187663,-0.25189
2026-06-24,FNV,20d,0.064123,0.021262,-0.04286
2026-06-24,SHOP,20d,0.064041,-0.019007,-0.083047
2026-06-24,DAR,20d,0.062254,0.204179,0.141925
2026-06-24,OPCH,20d,0.062178,-0.042254,-0.104432
2026-06-24,KGC,20d,0.062034,-0.001266,-0.063299
2026-06-24,LTH,20d,0.061263,0.078724,0.017461
2026-06-24,CHWY,20d,0.061109,0.076276,0.015167
2026-06-24,AXON,20d,0.060972,0.077004,0.016032
2026-06-24,KRMN,20d,0.060884,0.108831,0.047947
2026-06-24,DB,20d,0.060044,0.004118,-0.055926
2026-06-24,GDX,20d,0.059483,0.005765,-0.053718
2026-06-24,INSM,20d,0.059071,0.038179,-0.020892
2026-06-24,TKO,20d,0.058651,-0.118323,-0.176974
2026-06-24,ONB,20d,0.058204,0.017934,-0.04027
2026-06-24,COKE,20d,0.058036,0.005069,-0.052967
2026-06-24,MTCH,20d,0.058006,0.06394,0.005934
2026-06-24,AEM,20d,0.057678,-0.058321,-0.116
2026-06-24,LAD,20d,0.057084,0.094071,0.036987
2026-06-24,EQNR,20d,0.056911,0.297152,0.240241
2026-06-24,RARE,20d,0.05672,-0.071797,-0.128517
2026-06-24,TFX,20d,0.056489,0.036756,-0.019733
2026-06-24,BRBR,20d,0.056163,0.083123,0.026961
2026-06-24,GDXJ,20d,0.056012,0.01582,-0.040192
2026-06-24,HALO,20d,0.055937,0.136191,0.080254
2026-06-24,VIAV,20d,0.054802,-0.154017,-0.208819
2026-06-24,BLSH,5d,0.093106,0.074989,-0.018117
2026-06-24,KRMN,5d,0.050438,0.225022,0.174584
2026-06-25,HIMS,20d,0.407574,-0.141241,-0.548815
2026-06-25,CORT,20d,0.213535,0.125192,-0.088343
2026-06-25,CAVA,20d,0.161525,-0.255582,-0.417107
2026-06-25,BLSH,20d,0.158401,0.095064,-0.063337
2026-06-25,ALHC,20d,0.157014,-0.14443,-0.301444
2026-06-25,VIAV,20d,0.142533,-0.216495,-0.359028
2026-06-25,FLG,20d,0.130799,-0.085809,-0.216608
2026-06-25,CVNA,20d,0.122437,-0.086707,-0.209144
2026-06-25,DOCN,20d,0.115766,-0.149993,-0.26576
2026-06-25,CLS,20d,0.113603,-0.155285,-0.268888
2026-06-25,INSM,20d,0.110797,0.023452,-0.087345
2026-06-25,CHYM,20d,0.099903,0.132458,0.032555
2026-06-25,JBS,20d,0.093598,0.020781,-0.072816
2026-06-25,WAY,20d,0.091184,0.187236,0.096053
2026-06-25,NFLX,20d,0.090348,-0.011425,-0.101772
2026-06-25,SPHR,20d,0.08867,-0.155501,-0.24417
2026-06-25,IOT,20d,0.087601,0.142512,0.054911
2026-06-25,NVMI,20d,0.087407,-0.180181,-0.267588
2026-06-25,SFM,20d,0.085872,-0.087264,-0.173136
2026-06-25,TVTX,20d,0.084545,-0.028291,-0.112836
2026-06-25,SLVP,20d,0.082257,-0.000982,-0.083239
2026-06-25,AGI,20d,0.081628,-0.04918,-0.130808
2026-06-25,FOUR,20d,0.081195,0.104386,0.023191
2026-06-25,DAR,20d,0.079568,0.177468,0.0979
2026-06-25,UI,20d,0.079509,-0.02846,-0.10797
2026-06-25,CZR,20d,0.078687,-0.015455,-0.094142
2026-06-25,ALKS,20d,0.078377,0.001136,-0.077241
2026-06-25,TGTX,20d,0.078333,0.044938,-0.033395
2026-06-25,BFAM,20d,0.076632,0.132417,0.055784
2026-06-25,PAAS,20d,0.075446,-0.021338,-0.096784
2026-06-25,UPST,20d,0.074639,-0.183197,-0.257836
2026-06-25,CAI,20d,0.074605,-0.170053,-0.244659
2026-06-25,ONTO,20d,0.074087,-0.208053,-0.28214
2026-06-25,TKO,20d,0.073922,-0.113739,-0.187661
2026-06-25,PENN,20d,0.073451,-0.028924,-0.102375
2026-06-25,MELI,20d,0.073057,0.112515,0.039458
2026-06-25,MDGL,20d,0.072645,0.059791,-0.012854
2026-06-25,VIK,20d,0.071952,-0.021283,-0.093234
2026-06-25,SNX,20d,0.071924,-0.123295,-0.195219
2026-06-25,RKT,20d,0.070502,-0.11705,-0.187552
2026-06-25,HUM,20d,0.070172,0.037868,-0.032303
2026-06-25,G,20d,0.067468,0.129743,0.062276
2026-06-25,BJ,20d,0.067379,0.076816,0.009437
2026-06-25,MUSA,20d,0.06718,0.170737,0.103557
2026-06-25,SANM,20d,0.065421,-0.177986,-0.243407
2026-06-25,BROS,20d,0.065309,-0.039039,-0.104348
2026-06-25,GDXJ,20d,0.064435,-0.001021,-0.065457
2026-06-25,ATRO,20d,0.064264,-0.198508,-0.262773
2026-06-25,SN,20d,0.063934,0.040252,-0.023682
2026-06-25,KEYS,20d,0.063381,-0.114953,-0.178334
2026-06-25,WLK,20d,0.062933,-0.035537,-0.09847
2026-06-25,EWZ,20d,0.062689,0.045348,-0.017341
2026-06-25,CHWY,20d,0.06212,0.149945,0.087825
2026-06-25,ZM,20d,0.06205,0.061655,-0.000395
2026-06-25,LTH,20d,0.062025,0.061967,-5.8e-05
2026-06-25,SRAD,20d,0.061816,-0.011073,-0.072889
2026-06-25,EAT,20d,0.061747,0.078254,0.016507
2026-06-25,APD,20d,0.06117,0.070698,0.009527
2026-06-25,WMT,20d,0.060988,-0.0545,-0.115488
2026-06-25,VAL,20d,0.059902,0.028449,-0.031453
2026-06-25,BRZE,20d,0.059165,0.111906,0.052741
2026-06-25,CPNG,20d,0.057772,-0.091442,-0.149213
2026-06-25,EQNR,20d,0.057582,0.278517,0.220935
2026-06-25,SIRI,20d,0.057469,0.073487,0.016018
2026-06-25,NU,20d,0.057363,0.130819,0.073455
2026-06-25,BBIO,20d,0.057132,0.205625,0.148492
2026-06-25,CART,20d,0.056585,-0.098077,-0.154662
2026-06-25,FOXA,20d,0.056508,0.13201,0.075502
2026-06-25,SQM,20d,0.056292,-0.05991,-0.116202
2026-06-25,CAR,20d,0.056197,-0.034625,-0.090822
2026-06-25,JLL,20d,0.055637,0.071405,0.015769
2026-06-25,FMC,20d,0.054894,0.005202,-0.049693
2026-06-25,APP,20d,0.05416,-0.120983,-0.175143
2026-06-25,TTE,20d,0.053032,0.10884,0.055809
2026-06-25,NVMI,5d,0.051852,-0.119983,-0.171835
2026-06-26,CHYM,20d,0.325344,0.075787,-0.249557
2026-06-26,CORT,20d,0.215202,0.043518,-0.171684
2026-06-26,CVNA,20d,0.211812,0.027105,-0.184707
2026-06-26,UPST,20d,0.210632,-0.183304,-0.393936
2026-06-26,BLSH,20d,0.200582,-0.021039,-0.221621
2026-06-26,SITM,20d,0.198693,-0.222437,-0.42113
2026-06-26,ALHC,20d,0.191978,-0.194912,-0.38689
2026-06-26,ONTO,20d,0.165416,-0.19014,-0.355556
2026-06-26,FLG,20d,0.162418,-0.099476,-0.261894
2026-06-26,CAI,20d,0.161565,-0.155135,-0.3167
2026-06-26,MDLN,20d,0.155721,0.021353,-0.134367
2026-06-26,FMC,20d,0.151766,-0.04701,-0.198777
2026-06-26,FN,20d,0.14182,-0.102841,-0.244662
2026-06-26,CAVA,20d,0.138424,-0.226139,-0.364563
2026-06-26,JBS,20d,0.129196,0.108838,-0.020358
2026-06-26,VSAT,20d,0.127849,0.208555,0.080707
2026-06-26,APGE,20d,0.124959,0.013052,-0.111907
2026-06-26,TGTX,20d,0.118936,-0.001433,-0.120369
2026-06-26,CROX,20d,0.111765,0.053068,-0.058697
2026-06-26,MPWR,20d,0.110824,0.02117,-0.089653
2026-06-26,EAT,20d,0.110104,0.139858,0.029754
2026-06-26,HUM,20d,0.106464,-0.007008,-0.113472
2026-06-26,SYM,20d,0.106346,0.006062,-0.100284
2026-06-26,G,20d,0.103612,0.127935,0.024324
2026-06-26,RKT,20d,0.10271,-0.100667,-0.203377
2026-06-26,CAR,20d,0.101674,-0.016878,-0.118552
2026-06-26,WAL,20d,0.10033,0.008653,-0.091677
2026-06-26,KGC,20d,0.09902,-0.014015,-0.113034
2026-06-26,SN,20d,0.098526,0.055755,-0.042772
2026-06-26,GKOS,20d,0.097446,0.051863,-0.045583
2026-06-26,OZK,20d,0.097284,-0.023953,-0.121237
2026-06-26,ATRO,20d,0.096995,-0.166983,-0.263978
2026-06-26,TSEM,20d,0.096167,-0.102837,-0.199004
2026-06-26,ON,20d,0.096162,-0.017761,-0.113922
2026-06-26,BROS,20d,0.096093,-0.085595,-0.181688
2026-06-26,SARO,20d,0.09576,0.049396,-0.046364
2026-06-26,SGML,20d,0.095102,-0.150299,-0.245401
2026-06-26,POWL,20d,0.094148,-0.216392,-0.31054
2026-06-26,MELI,20d,0.092409,0.086347,-0.006062
2026-06-26,VLY,20d,0.092017,-0.025136,-0.117153
2026-06-26,BCS,20d,0.091903,0.068862,-0.02304
2026-06-26,APP,20d,0.09124,-0.134883,-0.226123
2026-06-26,NVST,20d,0.091144,-0.011869,-0.103014
2026-06-26,QXO,20d,0.089591,-0.205287,-0.294878
2026-06-26,ONB,20d,0.089113,0.020479,-0.068634
2026-06-26,MT,20d,0.088724,0.127755,0.039032
2026-06-26,KEYS,20d,0.088674,-0.045579,-0.134253
2026-06-26,EWZ,20d,0.088512,0.034612,-0.0539
2026-06-26,SPHR,20d,0.087012,-0.176038,-0.26305
2026-06-26,AU,20d,0.086818,-0.013967,-0.100785
2026-06-26,C,20d,0.086434,-0.061089,-0.147523
2026-06-26,VFC,20d,0.086103,-0.014393,-0.100496
2026-06-26,NVMI,20d,0.085814,-0.122191,-0.208005
2026-06-26,PNFP,20d,0.085604,0.019992,-0.065612
2026-06-26,CRBG,20d,0.085455,0.109053,0.023598
2026-06-26,VIK,20d,0.084697,-0.001162,-0.085859
2026-06-26,UBS,20d,0.084523,0.070279,-0.014244
2026-06-26,ANF,20d,0.083798,0.085674,0.001876
2026-06-26,WFC,20d,0.083559,0.040663,-0.042896
2026-06-26,FRPT,20d,0.083433,0.036044,-0.047389
2026-06-26,KVYO,20d,0.083358,0.189933,0.106574
2026-06-26,BBIO,20d,0.083238,0.197608,0.114371
2026-06-26,GS,20d,0.083179,0.02807,-0.055109
2026-06-26,SQM,20d,0.08273,-0.039112,-0.121842
2026-06-26,TXN,20d,0.081351,-0.021091,-0.102442
2026-06-26,DOCN,20d,0.080191,-0.13699,-0.217181
2026-06-26,TER,20d,0.079949,-0.23369,-0.313639
2026-06-26,DAL,20d,0.079938,-0.061424,-0.141362
2026-06-26,TFX,20d,0.079852,0.009164,-0.070688
2026-06-26,TFC,20d,0.079827,0.032284,-0.047543
2026-06-26,CPRI,20d,0.079734,-0.180599,-0.260333
2026-06-26,AFRM,20d,0.079717,-0.081016,-0.160734
2026-06-26,ERO,20d,0.079596,-0.013925,-0.093522
2026-06-26,ARRY,20d,0.079554,-0.226124,-0.305678
2026-06-26,BLSH,5d,0.095312,0.140833,0.045521
2026-06-26,OSCR,5d,0.088237,0.055388,-0.03285
2026-06-26,CAI,5d,0.06047,-0.037297,-0.097768
2026-06-26,IESC,5d,0.05175,-0.061701,-0.113451
2026-06-26,LTH,5d,0.051265,0.002926,-0.048339
2026-06-29,HIMS,20d,0.340843,-0.121893,-0.462736
2026-06-29,VG,20d,0.323713,0.09148,-0.232233
2026-06-29,BLSH,20d,0.170706,-0.042212,-0.212918
2026-06-29,DOCN,20d,0.160186,-0.249233,-0.409419
2026-06-29,CAVA,20d,0.154608,-0.206058,-0.360667
2026-06-29,CORT,20d,0.141551,0.071681,-0.06987
2026-06-29,VIAV,20d,0.124267,-0.25965,-0.383917
2026-06-29,ALHC,20d,0.119519,-0.207653,-0.327171
2026-06-29,FROG,20d,0.106864,-0.151626,-0.258491
2026-06-29,FLG,20d,0.102548,-0.065508,-0.168057
2026-06-29,KVYO,20d,0.10225,0.265238,0.162988
2026-06-29,INSM,20d,0.100645,-0.005824,-0.106469
2026-06-29,CZR,20d,0.099581,0.00436,-0.095222
2026-06-29,IOT,20d,0.096539,0.168224,0.071686
2026-06-29,PLTR,20d,0.096281,0.067675,-0.028606
2026-06-29,SOC,20d,0.094366,-0.406026,-0.500392
2026-06-29,WAY,20d,0.086853,0.185686,0.098833
2026-06-29,DAR,20d,0.086704,0.099153,0.012449
2026-06-29,G,20d,0.083367,0.242729,0.159362
2026-06-29,MUSA,20d,0.082457,0.124554,0.042097
2026-06-29,CHYM,20d,0.08196,0.065238,-0.016722
2026-06-29,AGI,20d,0.081647,-0.063435,-0.145082
2026-06-29,CF,20d,0.079131,0.166224,0.087093
2026-06-29,BFAM,20d,0.07533,0.137819,0.062489
2026-06-29,NET,20d,0.074898,0.083443,0.008545
2026-06-29,BROS,20d,0.070463,-0.097922,-0.168385
2026-06-29,SPHR,20d,0.06991,-0.180109,-0.250019
2026-06-29,CGON,20d,0.069744,-0.015055,-0.084799
2026-06-29,SFM,20d,0.069422,-0.049847,-0.119269
2026-06-29,BRZE,20d,0.068036,0.197425,0.129389
2026-06-29,NFLX,20d,0.067926,-0.01884,-0.086766
2026-06-29,PENN,20d,0.066827,-0.044424,-0.111252
2026-06-29,PAAS,20d,0.064583,-0.032236,-0.096819
2026-06-29,LQDA,20d,0.063862,0.155751,0.091889
2026-06-29,RKT,20d,0.063756,-0.098065,-0.161821
2026-06-29,AR,20d,0.063177,-0.01626,-0.079437
2026-06-29,SLVP,20d,0.061261,-0.031008,-0.092269
2026-06-29,AKAM,20d,0.060558,-0.017663,-0.078221
2026-06-29,VAL,20d,0.059857,-0.000939,-0.060796
2026-06-29,CE,20d,0.059543,-0.052266,-0.11181
2026-06-29,APD,20d,0.05889,0.085938,0.027048
2026-06-29,KEYS,20d,0.058261,-0.102784,-0.161045
2026-06-29,DKNG,20d,0.058249,-0.045736,-0.103985
2026-06-29,SQM,20d,0.057729,-0.0428,-0.100529
2026-06-29,ALKS,20d,0.057306,-0.038645,-0.09595
2026-06-29,CNR,20d,0.057016,0.007836,-0.04918
2026-06-29,SRAD,20d,0.057005,-0.019193,-0.076197
2026-06-29,EAT,20d,0.056665,0.182605,0.12594
2026-06-29,TTE,20d,0.056565,0.083816,0.027251
2026-06-29,AXON,20d,0.056288,0.072562,0.016274
2026-06-29,LTH,20d,0.056276,0.104843,0.048567
2026-06-29,WELL,20d,0.056157,0.069556,0.013399
2026-06-29,CPNG,20d,0.055591,-0.121729,-0.17732
2026-06-29,SIRI,20d,0.055582,0.083447,0.027866
2026-06-29,CHWY,20d,0.054863,0.180227,0.125363
2026-06-29,BP,20d,0.054481,0.115663,0.061182
2026-06-29,UI,20d,0.053382,-0.020157,-0.073538
2026-06-29,WLK,20d,0.052846,-0.034261,-0.087108
2026-06-29,VRTX,20d,0.052019,-0.018533,-0.070552
2026-06-29,NVMI,20d,0.051509,-0.226888,-0.278397
2026-06-29,PBR,20d,0.051461,0.109951,0.05849
2026-06-29,WMT,20d,0.050919,-0.013089,-0.064008
2026-06-29,BJ,20d,0.050798,0.087531,0.036733
2026-06-29,CAR,20d,0.050795,0.071788,0.020992
2026-06-29,GDXJ,20d,0.050497,-0.021634,-0.07213
2026-06-29,HUBS,20d,0.050425,0.290454,0.240028
2026-06-29,VRSK,20d,0.050138,0.18442,0.134282
2026-06-29,BLSH,5d,0.068447,0.087801,0.019354
2026-06-29,HIMS,5d,0.059048,0.083258,0.024211
2026-06-29,SOC,5d,0.051992,-0.393113,-0.445106
2026-06-30,HIMS,20d,0.254671,-0.278915,-0.533587
2026-06-30,CHYM,20d,0.187068,0.094727,-0.092341
2026-06-30,VSNT,20d,0.125535,0.036902,-0.088633
2026-06-30,KVYO,20d,0.12314,0.282781,0.159642
2026-06-30,ZIM,20d,0.098315,-0.054615,-0.152931
2026-06-30,WIX,20d,0.0962,0.34935,0.253149
2026-06-30,TVTX,20d,0.095679,-0.022003,-0.117683
2026-06-30,KRMN,20d,0.095501,-0.086739,-0.182239
2026-06-30,CNR,20d,0.09202,-0.026243,-0.118264
2026-06-30,SPHR,20d,0.089047,-0.189909,-0.278956
2026-06-30,HCC,20d,0.083962,-0.026368,-0.11033
2026-06-30,CAVA,20d,0.083021,-0.167176,-0.250197
2026-06-30,INSM,20d,0.081167,-0.032827,-0.113994
2026-06-30,BLSH,20d,0.079717,-0.067862,-0.147578
2026-06-30,G,20d,0.078326,0.334909,0.256583
2026-06-30,LNC,20d,0.077901,0.1855,0.107599
2026-06-30,LQDA,20d,0.075868,0.088925,0.013057
2026-06-30,SN,20d,0.066331,0.045643,-0.020688
2026-06-30,SARO,20d,0.066179,-0.039452,-0.105631
2026-06-30,TWLO,20d,0.063522,-0.087627,-0.151148
2026-06-30,HQY,20d,0.061687,0.152901,0.091214
2026-06-30,RBRK,20d,0.061047,-0.10426,-0.165308
2026-06-30,NYT,20d,0.059804,0.113649,0.053844
2026-06-30,BTU,20d,0.058405,-0.099481,-0.157886
2026-06-30,PAAS,20d,0.056363,-0.050011,-0.106374
2026-06-30,BJ,20d,0.055254,0.146411,0.091157
2026-06-30,FOXA,20d,0.054439,0.130176,0.075738
2026-06-30,FOX,20d,0.05327,0.125747,0.072477
2026-06-30,ZETA,20d,0.05276,0.121951,0.069192
2026-06-30,FROG,20d,0.051438,-0.193717,-0.245155
2026-06-30,TKO,20d,0.050423,-0.069346,-0.119769
2026-06-30,CCC,20d,0.050381,0.172481,0.1221
2026-06-30,VSNT,5d,0.111431,0.010243,-0.101188
2026-06-30,BLSH,5d,0.100551,0.088348,-0.012203
2026-06-30,CHYM,5d,0.094128,0.024414,-0.069713
2026-06-30,TTAN,5d,0.074958,0.103239,0.028281
2026-06-30,UPST,5d,0.054059,-0.102173,-0.156232
2026-06-30,KVYO,5d,0.053967,0.099338,0.04537
2026-06-30,AVAV,5d,0.051199,-0.044163,-0.095362
2026-06-30,COIN,5d,0.050644,0.090088,0.039445
2026-06-30,FRPT,5d,0.050318,-0.082375,-0.132692
2026-07-01,HIMS,20d,0.310395,-0.280277,-0.590672
2026-07-01,VG,20d,0.188477,0.200363,0.011886
2026-07-01,CHYM,20d,0.166609,0.075678,-0.090931
2026-07-01,BLSH,20d,0.163197,-0.104637,-0.267834
2026-07-01,VSNT,20d,0.142246,-0.012926,-0.155173
2026-07-01,KVYO,20d,0.138831,0.121638,-0.017193
2026-07-01,KRMN,20d,0.130601,-0.14036,-0.270962
2026-07-01,CAVA,20d,0.129861,-0.16721,-0.29707
2026-07-01,CNR,20d,0.122622,0.044278,-0.078343
2026-07-01,WIX,20d,0.118891,0.159574,0.040683
2026-07-01,SARO,20d,0.096089,-0.034,-0.130089
2026-07-01,ZIM,20d,0.085931,-0.019818,-0.105749
2026-07-01,LNC,20d,0.084342,0.284856,0.200514
2026-07-01,RBRK,20d,0.083877,-0.12718,-0.211056
2026-07-01,G,20d,0.078337,0.250177,0.17184
2026-07-01,ESLT,20d,0.077611,0.034185,-0.043426
2026-07-01,CAI,20d,0.076173,-0.141867,-0.218039
2026-07-01,PLTR,20d,0.075801,-0.027599,-0.1034
2026-07-01,SN,20d,0.075091,0.075672,0.000581
2026-07-01,SPHR,20d,0.071239,-0.12299,-0.194229
2026-07-01,BTU,20d,0.069403,-0.036036,-0.10544
2026-07-01,LQDA,20d,0.069085,0.094302,0.025216
2026-07-01,VIAV,20d,0.067125,-0.255364,-0.322489
2026-07-01,ESTC,20d,0.06651,0.09923,0.03272
2026-07-01,TVTX,20d,0.066295,0.016684,-0.049611
2026-07-01,PATH,20d,0.064827,0.070996,0.006169
2026-07-01,CZR,20d,0.063717,-0.026307,-0.090024
2026-07-01,TWLO,20d,0.06355,-0.087634,-0.151184
2026-07-01,OKTA,20d,0.063111,-0.000285,-0.063396
2026-07-01,HUBS,20d,0.061588,0.241743,0.180155
2026-07-01,HCC,20d,0.059996,0.027345,-0.032652
2026-07-01,CCC,20d,0.059798,0.126394,0.066596
2026-07-01,SRAD,20d,0.059196,-0.027778,-0.086974
2026-07-01,BJ,20d,0.058557,0.137361,0.078805
2026-07-01,ROKU,20d,0.058357,0.032596,-0.025762
2026-07-01,TKO,20d,0.056451,-0.091982,-0.148434
2026-07-01,NET,20d,0.055986,0.150542,0.094556
2026-07-01,PAAS,20d,0.054828,-0.006767,-0.061596
2026-07-01,FOXA,20d,0.054555,0.086643,0.032089
2026-07-01,FOX,20d,0.053453,0.080958,0.027506
2026-07-01,NFLX,20d,0.052987,-0.013749,-0.066735
2026-07-01,INSM,20d,0.052585,-0.051495,-0.10408
2026-07-01,ZETA,20d,0.05258,0.025432,-0.027148
2026-07-01,HQY,20d,0.050755,0.094268,0.043513
2026-07-01,NVMI,20d,0.050583,-0.215937,-0.26652
2026-07-01,TOST,20d,0.050425,0.144201,0.093776
2026-07-01,VSNT,5d,0.122396,-0.015126,-0.137522
2026-07-01,CHYM,5d,0.108769,0.014279,-0.09449
2026-07-01,BLSH,5d,0.104009,-0.017043,-0.121052
2026-07-01,TTAN,5d,0.076416,0.073006,-0.00341
2026-07-01,APP,5d,0.058016,-0.078249,-0.136265
2026-07-01,UNG,5d,0.054833,-0.059896,-0.114729
2026-07-01,UPST,5d,0.05393,-0.070229,-0.124159
2026-07-01,KVYO,5d,0.053771,0.0489,-0.004872
2026-07-01,COIN,5d,0.051425,-0.005024,-0.056449
2026-07-01,AVAV,5d,0.050918,-0.139411,-0.190329
2026-07-01,WIX,5d,0.050129,0.007365,-0.042764
2026-07-02,HIMS,20d,0.29612,-0.24538,-0.541501
2026-07-02,CHYM,20d,0.185747,0.101581,-0.084166
2026-07-02,VSNT,20d,0.158957,-0.051647,-0.210604
2026-07-02,BLSH,20d,0.147592,-0.147829,-0.295421
2026-07-02,KVYO,20d,0.143725,0.055621,-0.088103
2026-07-02,WIX,20d,0.10886,0.115096,0.006236
2026-07-02,HCC,20d,0.096931,-0.017568,-0.114498
2026-07-02,KRMN,20d,0.095501,-0.145822,-0.241323
2026-07-02,ESTC,20d,0.094978,0.133529,0.03855
2026-07-02,G,20d,0.092201,0.208591,0.11639
2026-07-02,MNDY,20d,0.084479,0.092516,0.008037
2026-07-02,ZIM,20d,0.083823,-0.014861,-0.098684
2026-07-02,LQDA,20d,0.082492,0.065628,-0.016864
2026-07-02,CAVA,20d,0.082474,-0.151535,-0.234009
2026-07-02,LNC,20d,0.082463,0.246908,0.164445
2026-07-02,AFRM,20d,0.081775,-0.154528,-0.236304
2026-07-02,TVTX,20d,0.080294,-0.018096,-0.098389
2026-07-02,CNR,20d,0.080069,0.006302,-0.073767
2026-07-02,NET,20d,0.078521,0.15086,0.072339
2026-07-02,HUBS,20d,0.077901,0.235478,0.157577
2026-07-02,TWLO,20d,0.076621,-0.05714,-0.133761
2026-07-02,CVNA,20d,0.076554,-0.090962,-0.167516
2026-07-02,TEAM,20d,0.076371,0.204855,0.128483
2026-07-02,VIAV,20d,0.072956,-0.113058,-0.186014
2026-07-02,SN,20d,0.07103,0.068,-0.003029
2026-07-02,SPHR,20d,0.070482,-0.125404,-0.195887
2026-07-02,CZR,20d,0.070361,-0.02106,-0.09142
2026-07-02,DAR,20d,0.069301,0.072705,0.003404
2026-07-02,PLTR,20d,0.068009,-0.04826,-0.116269
2026-07-02,OKTA,20d,0.067455,0.003606,-0.063848
2026-07-02,FISV,20d,0.066194,0.030766,-0.035428
2026-07-02,ESLT,20d,0.066045,0.00671,-0.059335
2026-07-02,EPAM,20d,0.064529,0.195876,0.131347
2026-07-02,PATH,20d,0.064472,0.089667,0.025195
2026-07-02,FLG,20d,0.063878,-0.02536,-0.089238
2026-07-02,VG,20d,0.062819,0.202156,0.139337
2026-07-02,ROKU,20d,0.062758,0.018114,-0.044644
2026-07-02,FROG,20d,0.062575,-0.158422,-0.220997
2026-07-02,AXON,20d,0.061791,-0.116039,-0.17783
2026-07-02,MGM,20d,0.061475,-0.053715,-0.115191
2026-07-02,INSM,20d,0.061002,-0.116487,-0.177489
2026-07-02,EXPE,20d,0.059492,0.096952,0.03746
2026-07-02,PAAS,20d,0.057007,-0.068697,-0.125704
2026-07-02,TPR,20d,0.056223,0.056584,0.000361
2026-07-02,FOUR,20d,0.055648,0.032132,-0.023515
2026-07-02,VFC,20d,0.055258,-0.121472,-0.176731
2026-07-02,PEN,20d,0.055256,0.008224,-0.047032
2026-07-02,BFAM,20d,0.05502,-0.007985,-0.063005
2026-07-02,AGI,20d,0.054914,-0.118746,-0.17366
2026-07-02,DOCN,20d,0.054083,-0.097057,-0.15114
2026-07-02,SRAD,20d,0.053761,-0.031312,-0.085074
2026-07-02,CCC,20d,0.053526,0.091398,0.037871
2026-07-02,SLVP,20d,0.05329,-0.075918,-0.129208
2026-07-02,NVMI,20d,0.052776,-0.168609,-0.221386
2026-07-02,CRWD,20d,0.051743,-0.016084,-0.067827
2026-07-02,BTU,20d,0.051327,-0.043946,-0.095273
2026-07-02,IOT,20d,0.051288,0.037295,-0.013993
2026-07-02,NVST,20d,0.051005,-0.011582,-0.062586
2026-07-02,GLOB,20d,0.050841,0.125807,0.074966
2026-07-02,BMRN,20d,0.050183,0.017461,-0.032723
2026-07-02,FFIV,20d,0.050179,-0.013647,-0.063826
2026-07-02,CART,20d,0.050135,-0.025775,-0.075911
2026-07-02,CHYM,5d,0.113887,0.002396,-0.111491
2026-07-02,VSNT,5d,0.111431,-0.067457,-0.178888
2026-07-02,BLSH,5d,0.098906,-0.052405,-0.151312
2026-07-02,TTAN,5d,0.060611,-0.007917,-0.068528
2026-07-02,KVYO,5d,0.057534,0.000592,-0.056943
2026-07-02,UNG,5d,0.051661,-0.084629,-0.136289
2026-07-06,CHYM,20d,0.225944,0.131002,-0.094941
2026-07-06,TTAN,20d,0.16066,0.071732,-0.088928
2026-07-06,NCLH,20d,0.149387,0.025961,-0.123426
2026-07-06,HIMS,20d,0.148116,-0.19488,-0.342996
2026-07-06,TVTX,20d,0.143782,-0.043493,-0.187275
2026-07-06,CCL,20d,0.124977,0.044711,-0.080266
2026-07-06,CNR,20d,0.116661,-0.007176,-0.123837
2026-07-06,RBRK,20d,0.115597,-0.14446,-0.260057
2026-07-06,CORT,20d,0.106724,0.231307,0.124582
2026-07-06,MNDY,20d,0.105909,0.077818,-0.028091
2026-07-06,SGML,20d,0.10435,-0.154406,-0.258756
2026-07-06,TEAM,20d,0.103285,0.212982,0.109698
2026-07-06,DOCS,20d,0.102922,-0.052493,-0.155415
2026-07-06,WIX,20d,0.101737,0.132045,0.030309
2026-07-06,ROKU,20d,0.099997,0.025165,-0.074831
2026-07-06,ENPH,20d,0.099802,-0.116723,-0.216525
2026-07-06,KRMN,20d,0.094469,-0.054723,-0.149192
2026-07-06,UI,20d,0.092922,0.020915,-0.072007
2026-07-06,ESTC,20d,0.090774,0.17424,0.083465
2026-07-06,AFRM,20d,0.089229,-0.118326,-0.207555
2026-07-06,DUOL,20d,0.088886,0.04687,-0.042015
2026-07-06,SN,20d,0.088054,0.07823,-0.009824
2026-07-06,AMBA,20d,0.083381,0.037,-0.046382
2026-07-06,CAI,20d,0.082921,-0.083661,-0.166582
2026-07-06,BLSH,20d,0.079294,-0.136997,-0.216291
2026-07-06,KVYO,20d,0.077211,0.064706,-0.012505
2026-07-06,ARRY,20d,0.076353,-0.191595,-0.267949
2026-07-06,LNC,20d,0.076129,0.214408,0.138279
2026-07-06,APP,20d,0.075644,-0.253094,-0.328738
2026-07-06,CAVA,20d,0.074585,-0.103463,-0.178048
2026-07-06,BTU,20d,0.07373,-0.039242,-0.112971
2026-07-06,HCC,20d,0.07334,-0.008987,-0.082327
2026-07-06,NTNX,20d,0.073123,0.164823,0.091699
2026-07-06,BILL,20d,0.07175,0.173751,0.102001
2026-07-06,CVNA,20d,0.071221,-0.060386,-0.131607
2026-07-06,MKTX,20d,0.070521,0.393679,0.323158
2026-07-06,TWLO,20d,0.070496,-0.059738,-0.130234
2026-07-06,HOOD,20d,0.068892,-0.231476,-0.300368
2026-07-06,BBWI,20d,0.068286,-0.043339,-0.111626
2026-07-06,ALB,20d,0.067391,-0.11278,-0.180172
2026-07-06,METC,20d,0.067096,-0.284566,-0.351662
2026-07-06,AAL,20d,0.066867,-0.096338,-0.163205
2026-07-06,ONON,20d,0.066822,0.029292,-0.03753
2026-07-06,HUBS,20d,0.066515,0.237722,0.171206
2026-07-06,CVS,20d,0.065948,0.03862,-0.027328
2026-07-06,UBS,20d,0.065431,0.011505,-0.053925
2026-07-06,ZETA,20d,0.065431,0.033914,-0.031517
2026-07-06,FOUR,20d,0.064582,0.056442,-0.008139
2026-07-06,HUM,20d,0.064546,-0.046734,-0.11128
2026-07-06,SITM,20d,0.064085,-0.10584,-0.169925
2026-07-06,UPST,20d,0.063883,-0.142732,-0.206616
2026-07-06,PATH,20d,0.063527,0.103128,0.039601
2026-07-06,COLD,20d,0.063478,-0.12469,-0.188168
2026-07-06,QXO,20d,0.06313,-0.108792,-0.171922
2026-07-06,LEU,20d,0.061877,0.060437,-0.00144
2026-07-06,LULU,20d,0.061691,0.06944,0.007749
2026-07-06,EXPE,20d,0.060878,0.117221,0.056343
2026-07-06,TOST,20d,0.060597,0.11228,0.051682
2026-07-06,GWRE,20d,0.060588,0.14347,0.082881
2026-07-06,EL,20d,0.059156,-0.002591,-0.061748
2026-07-06,TPG,20d,0.057978,0.087579,0.029602
2026-07-06,HLNE,20d,0.057749,0.150982,0.093233
2026-07-06,TFX,20d,0.057167,0.040054,-0.017113
2026-07-06,TTD,20d,0.056528,-0.052305,-0.108833
2026-07-06,ABNB,20d,0.055549,0.020251,-0.035299
2026-07-06,FROG,20d,0.055536,-0.160041,-0.215576
2026-07-06,WBD,20d,0.055404,-0.001149,-0.056553
2026-07-06,VOYA,20d,0.055227,0.039364,-0.015863
2026-07-06,COHR,20d,0.05342,-0.141674,-0.195094
2026-07-06,LNTH,20d,0.052996,-0.015853,-0.068848
2026-07-06,BAM,20d,0.052655,0.078511,0.025856
2026-07-06,MMYT,20d,0.051475,0.077245,0.02577
2026-07-06,JBL,20d,0.051204,-0.05863,-0.109835
2026-07-06,ANF,20d,0.050743,0.212209,0.161466
2026-07-06,CHYM,5d,0.157519,-0.02331,-0.180829
2026-07-06,BLSH,5d,0.150531,-0.139255,-0.289786
2026-07-06,CAI,5d,0.084056,-0.042111,-0.126167
2026-07-06,QXO,5d,0.080946,-0.121442,-0.202388
2026-07-06,UPST,5d,0.079513,-0.0836,-0.163114
2026-07-06,ETHA,5d,0.078135,-0.013284,-0.091419
2026-07-06,FETH,5d,0.077914,-0.011198,-0.089113
2026-07-06,SGML,5d,0.077744,-0.060631,-0.138374
2026-07-06,ETH,5d,0.076844,-0.010545,-0.087389
2026-07-06,TTAN,5d,0.075488,0.032909,-0.042579
2026-07-06,BEAM,5d,0.074869,-0.12231,-0.197179
2026-07-06,RDDT,5d,0.06639,0.000348,-0.066041
2026-07-06,UEC,5d,0.06124,-0.049103,-0.110343
2026-07-06,SITM,5d,0.060422,-0.020976,-0.081398
2026-07-06,KLAR,5d,0.060217,-0.030684,-0.090901
2026-07-06,NXE,5d,0.05642,-0.069215,-0.125635
2026-07-06,CRDO,5d,0.055808,-0.107965,-0.163773
2026-07-06,WRBY,5d,0.052573,-0.061944,-0.114516
2026-07-06,DUOL,5d,0.052488,0.020197,-0.03229
2026-07-06,PATH,5d,0.05082,0.001691,-0.049129
2026-07-06,URNM,5d,0.05013,-0.062547,-0.112677
2026-07-07,SGML,20d,0.244623,-0.059322,-0.303945
2026-07-07,CHYM,20d,0.242106,0.181345,-0.060761
2026-07-07,DJT,20d,0.193628,0.271833,0.078204
2026-07-07,ALB,20d,0.132323,-0.063556,-0.195879
2026-07-07,NCLH,20d,0.130416,0.065852,-0.064564
2026-07-07,LULU,20d,0.121843,0.069175,-0.052668
2026-07-07,AG,20d,0.118861,0.002432,-0.116429
2026-07-07,AS,20d,0.116108,0.064355,-0.051753
2026-07-07,TVTX,20d,0.110281,-0.031634,-0.141914
2026-07-07,ZIM,20d,0.108566,0.140886,0.03232
2026-07-07,AA,20d,0.106489,-0.044481,-0.15097
2026-07-07,ANF,20d,0.105334,0.237924,0.13259
2026-07-07,SQM,20d,0.10365,-0.065668,-0.169318
2026-07-07,CCL,20d,0.102798,0.10907,0.006273
2026-07-07,AAL,20d,0.096904,-0.037209,-0.134113
2026-07-07,AMTM,20d,0.096749,0.139754,0.043006
2026-07-07,UPST,20d,0.095306,-0.08288,-0.178186
2026-07-07,W,20d,0.093266,0.244826,0.151559
2026-07-07,RIVN,20d,0.092295,-0.044269,-0.136564
2026-07-07,ILMN,20d,0.090882,0.058667,-0.032215
2026-07-07,SYM,20d,0.085351,0.148596,0.063246
2026-07-07,KVYO,20d,0.082816,0.109175,0.02636
2026-07-07,CG,20d,0.081519,0.150648,0.069129
2026-07-07,KRMN,20d,0.081245,0.048961,-0.032285
2026-07-07,AEO,20d,0.08033,0.102695,0.022364
2026-07-07,HIMS,20d,0.079229,-0.110865,-0.190094
2026-07-07,WBD,20d,0.07738,-0.012634,-0.090014
2026-07-07,PEN,20d,0.077194,0.018567,-0.058627
2026-07-07,VICR,20d,0.075172,-0.119919,-0.195091
2026-07-07,HRI,20d,0.073972,0.287987,0.214015
2026-07-07,CSIQ,20d,0.0727,0.14216,0.06946
2026-07-07,CENX,20d,0.072279,0.040636,-0.031643
2026-07-07,DBRG,20d,0.070907,0.006341,-0.064566
2026-07-07,GAP,20d,0.069762,0.091294,0.021532
2026-07-07,MT,20d,0.068046,0.190974,0.122927
2026-07-07,APO,20d,0.067326,0.116232,0.048907
2026-07-07,BBWI,20d,0.067031,0.021338,-0.045693
2026-07-07,MKTX,20d,0.066594,0.368887,0.302294
2026-07-07,HLNE,20d,0.066216,0.260514,0.194298
2026-07-07,HCC,20d,0.066118,0.048366,-0.017751
2026-07-07,PAAS,20d,0.064834,0.016984,-0.047851
2026-07-07,LVS,20d,0.064424,0.005512,-0.058913
2026-07-07,ACMR,20d,0.064088,-0.128354,-0.192442
2026-07-07,EL,20d,0.063603,0.029962,-0.033641
2026-07-07,LYFT,20d,0.062801,0.083549,0.020748
2026-07-07,CE,20d,0.061308,-0.070037,-0.131346
2026-07-07,AI,20d,0.060254,0.12542,0.065166
2026-07-07,TPG,20d,0.060102,0.154644,0.094542
2026-07-07,FCX,20d,0.059722,0.137087,0.077364
2026-07-07,SLVP,20d,0.059454,0.032563,-0.026892
2026-07-07,MGM,20d,0.059368,-0.019726,-0.079094
2026-07-07,NXE,20d,0.059069,0.073707,0.014638
2026-07-07,XYZ,20d,0.058889,0.091284,0.032395
2026-07-07,SYF,20d,0.058777,0.04714,-0.011637
2026-07-07,SILJ,20d,0.05862,0.030794,-0.027827
2026-07-07,TWLO,20d,0.058488,-0.08454,-0.143029
2026-07-07,JETS,20d,0.058099,0.027376,-0.030723
2026-07-07,EAT,20d,0.058043,0.245009,0.186965
2026-07-07,SIL,20d,0.058037,0.026918,-0.031119
2026-07-07,AMBA,20d,0.057232,0.144946,0.087714
2026-07-07,UBS,20d,0.05684,0.039269,-0.017571
2026-07-07,EXEL,20d,0.055822,-0.018921,-0.074743
2026-07-07,BRKR,20d,0.055814,-0.136481,-0.192295
2026-07-07,ABNB,20d,0.055219,0.007527,-0.047693
2026-07-07,BILL,20d,0.054566,0.193953,0.139387
2026-07-07,BRBR,20d,0.053425,-0.085366,-0.138791
2026-07-07,LQDA,20d,0.053333,0.088022,0.034688
2026-07-07,COGT,20d,0.053077,0.070732,0.017656
2026-07-07,CVNA,20d,0.052771,0.008001,-0.04477
2026-07-07,LSCC,20d,0.052584,0.056662,0.004078
2026-07-07,JBTM,20d,0.052387,-0.070321,-0.122708
2026-07-07,DECK,20d,0.051609,-0.058541,-0.11015
2026-07-07,CNX,20d,0.051244,0.07218,0.020936
2026-07-07,GLOB,20d,0.051243,0.204739,0.153496
2026-07-07,EXPE,20d,0.051084,0.156335,0.105251
2026-07-07,AS,5d,0.060181,0.008228,-0.051953
2026-07-07,SGML,5d,0.050737,0.016102,-0.034636
2026-07-08,CHYM,20d,0.116222,0.235462,0.11924
2026-07-08,ZIM,20d,0.115707,0.080488,-0.03522
2026-07-08,EL,20d,0.114369,0.063081,-0.051288
2026-07-08,SGML,20d,0.109682,-0.084996,-0.194677
2026-07-08,ACMR,20d,0.106692,-0.185276,-0.291967
2026-07-08,SQM,20d,0.100084,-0.058847,-0.158931
2026-07-08,SEB,20d,0.090861,-0.050172,-0.141033
2026-07-08,KRMN,20d,0.086279,0.103283,0.017003
2026-07-08,UNG,20d,0.07922,-0.160345,-0.239565
2026-07-08,LSCC,20d,0.077003,-0.031476,-0.10848
2026-07-08,CSIQ,20d,0.075821,0.044068,-0.031753
2026-07-08,W,20d,0.062367,0.240143,0.177776
2026-07-08,OPCH,20d,0.060248,0.103866,0.043618
2026-07-08,WYNN,20d,0.059816,0.032881,-0.026935
2026-07-08,MT,20d,0.059635,0.192058,0.132423
2026-07-08,VICR,20d,0.058614,-0.167503,-0.226117
2026-07-08,WBD,20d,0.058603,-0.006883,-0.065486
2026-07-08,KWEB,20d,0.05721,0.080651,0.023441
2026-07-08,EXEL,20d,0.056862,0.010515,-0.046347
2026-07-08,KRYS,20d,0.055663,-0.132179,-0.187842
2026-07-08,DLTR,20d,0.055169,0.041663,-0.013506
2026-07-08,TPR,20d,0.054744,0.135721,0.080977
2026-07-08,BRKR,20d,0.054687,-0.082853,-0.137539
2026-07-08,EXPE,20d,0.053026,0.227997,0.174972
2026-07-08,LEU,20d,0.052345,0.12711,0.074765
2026-07-08,AXSM,20d,0.052092,-0.133241,-0.185333
2026-07-08,BZ,20d,0.051718,0.13296,0.081242
2026-07-08,SKY,20d,0.051531,0.151446,0.099915
2026-07-08,WHR,20d,0.05061,0.199628,0.149018
2026-07-08,AFRM,5d,0.052407,0.00529,-0.047116
2026-07-08,LMND,5d,0.050481,-0.070111,-0.120592
2026-07-09,CHYM,20d,0.239163,0.466448,0.227285
2026-07-09,SGML,20d,0.202807,-0.087986,-0.290793
2026-07-09,DJT,20d,0.197005,0.156725,-0.04028
2026-07-09,LULU,20d,0.12458,0.070552,-0.054028
2026-07-09,AG,20d,0.118861,0.006993,-0.111868
2026-07-09,AS,20d,0.115798,0.066135,-0.049663
2026-07-09,SYM,20d,0.11542,-0.082271,-0.197691
2026-07-09,NCLH,20d,0.113271,-0.019737,-0.133007
2026-07-09,CCL,20d,0.103156,0.07747,-0.025685
2026-07-09,ZIM,20d,0.100937,0.092792,-0.008145
2026-07-09,SQM,20d,0.099799,-0.022135,-0.121934
2026-07-09,AAL,20d,0.09493,-0.060375,-0.155305
2026-07-09,W,20d,0.09305,0.152619,0.05957
2026-07-09,UPST,20d,0.089484,-0.105928,-0.195413
2026-07-09,AMTM,20d,0.084122,0.119249,0.035127
2026-07-09,CG,20d,0.082473,0.106383,0.02391
2026-07-09,KVYO,20d,0.082444,-0.025058,-0.107502
2026-07-09,DOCU,20d,0.079798,0.16694,0.087142
2026-07-09,BBWI,20d,0.075617,0.010537,-0.065081
2026-07-09,ALB,20d,0.074709,-0.023361,-0.09807
2026-07-09,PAAS,20d,0.074535,0.089075,0.01454
2026-07-09,HRI,20d,0.074215,0.160787,0.086572
2026-07-09,PEN,20d,0.073273,0.021733,-0.051541
2026-07-09,VICR,20d,0.070876,-0.211621,-0.282497
2026-07-09,ILMN,20d,0.069286,-0.000206,-0.069493
2026-07-09,LVS,20d,0.066937,-0.000981,-0.067918
2026-07-09,MKTX,20d,0.065083,0.426741,0.361659
2026-07-09,TVTX,20d,0.063545,0.068069,0.004524
2026-07-09,RDDT,20d,0.062542,-0.246817,-0.30936
2026-07-09,WBD,20d,0.060361,-0.008637,-0.068998
2026-07-09,TPG,20d,0.06019,0.137931,0.077741
2026-07-09,CNX,20d,0.05946,0.076287,0.016827
2026-07-09,NXE,20d,0.059305,0.079114,0.019809
2026-07-09,XYZ,20d,0.058801,0.020666,-0.038135
2026-07-09,SIL,20d,0.058325,0.084115,0.025789
2026-07-09,CBRL,20d,0.058186,0.181711,0.123526
2026-07-09,EL,20d,0.058049,0.042688,-0.015361
2026-07-09,CENX,20d,0.057857,0.018621,-0.039236
2026-07-09,AA,20d,0.057508,-0.025452,-0.08296
2026-07-09,SLVP,20d,0.0566,0.094547,0.037947
2026-07-09,CSIQ,20d,0.056259,0.032021,-0.024238
2026-07-09,MGM,20d,0.056082,-0.037468,-0.09355
2026-07-09,HLNE,20d,0.05544,0.221188,0.165748
2026-07-09,TWLO,20d,0.053792,-0.116194,-0.169986
2026-07-09,MBLY,20d,0.053638,-0.116474,-0.170112
2026-07-09,FCX,20d,0.053539,0.129118,0.075579
2026-07-09,APO,20d,0.053081,0.068007,0.014926
2026-07-09,MT,20d,0.052942,0.162961,0.110018
2026-07-09,ACMR,20d,0.052602,-0.255187,-0.307789
2026-07-09,JBTM,20d,0.052195,-0.105953,-0.158148
2026-07-09,DLTR,20d,0.051867,0.072445,0.020577
2026-07-09,RH,20d,0.051569,0.116676,0.065107
2026-07-09,AMBA,20d,0.051493,0.069023,0.017529
2026-07-09,DECK,20d,0.0512,-0.061289,-0.112489
2026-07-09,CVNA,20d,0.050695,0.018176,-0.032518
2026-07-09,JETS,20d,0.050633,0.007097,-0.043537
2026-07-09,CHYM,5d,0.070194,0.029094,-0.0411
2026-07-10,CENX,20d,0.143345,0.146855,0.00351
2026-07-10,EMBJ,20d,0.127093,0.106045,-0.021049
2026-07-10,MBLY,20d,0.125083,-0.085864,-0.210947
2026-07-10,AG,20d,0.12169,0.085546,-0.036144
2026-07-10,HOOD,20d,0.119079,-0.16683,-0.28591
2026-07-10,FCX,20d,0.118369,0.134411,0.016042
2026-07-10,CAR,20d,0.108761,-0.089699,-0.19846
2026-07-10,PBF,20d,0.108413,0.160399,0.051986
2026-07-10,MUR,20d,0.105894,-0.011259,-0.117154
2026-07-10,BZ,20d,0.104277,0.196948,0.092671
2026-07-10,MSTR,20d,0.10367,0.056741,-0.046929
2026-07-10,AA,20d,0.102949,0.030608,-0.072341
2026-07-10,COIN,20d,0.101599,-0.034387,-0.135987
2026-07-10,DKS,20d,0.100067,-0.04193,-0.141997
2026-07-10,MU,20d,0.0979,-0.10388,-0.20178
2026-07-10,DOCU,20d,0.095978,0.225295,0.129317
2026-07-10,AVAV,20d,0.093714,0.291534,0.19782
2026-07-10,WLK,20d,0.093456,0.026229,-0.067228
2026-07-10,HAE,20d,0.092222,0.152907,0.060685
2026-07-10,RDDT,20d,0.091188,-0.172213,-0.263401
2026-07-10,FLR,20d,0.087258,0.123374,0.036116
2026-07-10,BE,20d,0.086083,-0.103307,-0.18939
2026-07-10,SMTC,20d,0.08596,0.024168,-0.061792
2026-07-10,AGCO,20d,0.085214,-0.100507,-0.185721
2026-07-10,ORCL,20d,0.083254,0.045364,-0.03789
2026-07-10,HPE,20d,0.082922,0.096415,0.013493
2026-07-10,TEX,20d,0.082177,0.003854,-0.078323
2026-07-10,CROX,20d,0.080943,0.02892,-0.052023
2026-07-10,GNRC,20d,0.08035,-0.092844,-0.173194
2026-07-10,CHRD,20d,0.080309,0.11892,0.038611
2026-07-10,APA,20d,0.077575,0.133219,0.055644
2026-07-10,RH,20d,0.075185,0.186271,0.111086
2026-07-10,RBRK,20d,0.074255,0.067433,-0.006822
2026-07-10,MIR,20d,0.073999,-0.075882,-0.149881
2026-07-10,SRAD,20d,0.073242,-0.157282,-0.230523
2026-07-10,MRNA,20d,0.072327,-0.133294,-0.205621
2026-07-10,INSP,20d,0.071552,0.162288,0.090735
2026-07-10,EME,20d,0.071534,0.045463,-0.026071
2026-07-10,CRK,20d,0.071365,0.037926,-0.033439
2026-07-10,CNM,20d,0.071166,0.015046,-0.056121
2026-07-10,PR,20d,0.07113,0.052219,-0.01891
2026-07-10,W,20d,0.069625,0.194665,0.125041
2026-07-10,SCCO,20d,0.069598,0.132116,0.062519
2026-07-10,COPX,20d,0.068505,0.150118,0.081612
2026-07-10,DJT,20d,0.068085,0.19555,0.127466
2026-07-10,MGM,20d,0.06801,-0.051408,-0.119418
2026-07-10,RCL,20d,0.065146,0.121351,0.056205
2026-07-10,CSGP,20d,0.063069,0.065164,0.002094
2026-07-10,GOOG,20d,0.062427,-0.004394,-0.066821
2026-07-10,OSK,20d,0.062422,0.060954,-0.001468
2026-07-10,ADM,20d,0.062237,-0.047507,-0.109744
2026-07-10,GOOGL,20d,0.061546,-0.008063,-0.069609
2026-07-10,DVN,20d,0.061506,0.01776,-0.043746
2026-07-10,SM,20d,0.060642,0.038475,-0.022167
2026-07-10,ALK,20d,0.060014,0.010927,-0.049087
2026-07-10,AR,20d,0.059579,0.044538,-0.015041
2026-07-10,BBWI,20d,0.059241,0.001476,-0.057765
2026-07-10,NE,20d,0.059088,0.020015,-0.039073
2026-07-10,CBRL,20d,0.058925,0.151813,0.092888
2026-07-10,SEI,20d,0.058737,-0.190163,-0.2489
2026-07-10,COP,20d,0.057691,0.078595,0.020904
2026-07-10,SYM,20d,0.056874,-0.079285,-0.136159
2026-07-10,WHR,20d,0.056198,0.062868,0.00667
2026-07-10,SQM,20d,0.056115,-0.016942,-0.073058
2026-07-10,PAAS,20d,0.055863,0.172888,0.117025
2026-07-10,MTDR,20d,0.055584,-0.04441,-0.099994
2026-07-10,SLV,20d,0.05533,0.065802,0.010471
2026-07-10,SILJ,20d,0.055298,0.145891,0.090593
2026-07-10,WSM,20d,0.055155,0.139214,0.084059
2026-07-10,GM,20d,0.055128,0.124984,0.069856
2026-07-10,SIVR,20d,0.054643,0.066126,0.011483
2026-07-10,CE,20d,0.054584,-0.063945,-0.118529
2026-07-10,CNX,20d,0.054224,0.098468,0.044245
2026-07-10,CART,20d,0.054004,0.036784,-0.017219
2026-07-10,HIMS,5d,0.067823,-0.044794,-0.112616
2026-07-10,MSTR,5d,0.064683,0.002219,-0.062464
2026-07-13,KRMN,20d,0.236751,0.377354,0.140603
2026-07-13,ACMR,20d,0.141045,-0.155931,-0.296976
2026-07-13,CHYM,20d,0.109901,0.472554,0.362653
2026-07-13,SGML,20d,0.104569,0.012048,-0.092521
2026-07-13,LEU,20d,0.093204,0.213329,0.120125
2026-07-13,ZIM,20d,0.091031,0.059244,-0.031787
2026-07-13,SEI,20d,0.087734,-0.127327,-0.215061
2026-07-13,CQQQ,20d,0.086887,-0.006203,-0.09309
2026-07-13,RKT,20d,0.084012,-0.010784,-0.094795
2026-07-13,FTAI,20d,0.082421,0.024395,-0.058026
2026-07-13,B,20d,0.081654,0.137451,0.055798
2026-07-13,SQM,20d,0.071392,0.01251,-0.058881
2026-07-13,KWEB,20d,0.070204,0.110179,0.039976
2026-07-13,UNG,20d,0.067346,-0.022179,-0.089525
2026-07-13,OPCH,20d,0.066976,0.129032,0.062057
2026-07-13,BZ,20d,0.063603,0.222689,0.159086
2026-07-13,EMBJ,20d,0.062936,0.144541,0.081605
2026-07-13,AGI,20d,0.062565,0.150035,0.08747
2026-07-13,ATRO,20d,0.062487,0.047619,-0.014868
2026-07-13,SEB,20d,0.061972,-0.099117,-0.161089
2026-07-13,WPM,20d,0.061426,0.23704,0.175614
2026-07-13,LSCC,20d,0.061038,-0.01851,-0.079548
2026-07-13,EXEL,20d,0.060325,-0.054961,-0.115286
2026-07-13,ARE,20d,0.060061,0.005616,-0.054445
2026-07-13,MCHP,20d,0.058236,-0.033717,-0.091953
2026-07-13,W,20d,0.058063,0.195554,0.137491
2026-07-13,KRYS,20d,0.058002,-0.087635,-0.145637
2026-07-13,WBD,20d,0.057745,-0.008121,-0.065866
2026-07-13,HAS,20d,0.056259,0.188105,0.131846
2026-07-13,HSY,20d,0.055617,0.042856,-0.012762
2026-07-13,TPR,20d,0.054528,0.210461,0.155932
2026-07-13,MBLY,20d,0.053559,-0.102564,-0.156124
2026-07-13,AXSM,20d,0.053316,-0.032373,-0.085688
2026-07-13,HE,20d,0.053286,-0.134815,-0.188101
2026-07-13,STM,20d,0.05187,-0.206222,-0.258092
2026-07-13,MRNA,20d,0.051792,-0.107447,-0.159239
2026-07-13,AG,20d,0.051004,0.14939,0.098387
2026-07-13,FCX,20d,0.050099,0.178608,0.12851
2026-07-14,CHYM,20d,0.205715,0.478565,0.27285
2026-07-14,AG,20d,0.180275,0.119905,-0.060369
2026-07-14,SGML,20d,0.161035,-0.01251,-0.173546
2026-07-14,KRMN,20d,0.144697,0.351516,0.206819
2026-07-14,EGO,20d,0.113214,0.325984,0.21277
2026-07-14,ACMR,20d,0.111479,-0.19187,-0.303349
2026-07-14,SQM,20d,0.110161,-0.010007,-0.120167
2026-07-14,LULU,20d,0.110028,0.070661,-0.039367
2026-07-14,AMTM,20d,0.104582,0.09468,-0.009901
2026-07-14,ERO,20d,0.103846,0.402086,0.29824
2026-07-14,SIVR,20d,0.098306,0.101449,0.003144
2026-07-14,SYM,20d,0.098259,-0.045121,-0.14338
2026-07-14,SLV,20d,0.098213,0.101185,0.002972
2026-07-14,LEU,20d,0.09783,0.187037,0.089207
2026-07-14,W,20d,0.094903,0.162948,0.068045
2026-07-14,SILJ,20d,0.093491,0.185331,0.09184
2026-07-14,SIL,20d,0.091713,0.202171,0.110459
2026-07-14,SLVP,20d,0.091354,0.215198,0.123844
2026-07-14,ZIM,20d,0.091031,0.005328,-0.085703
2026-07-14,PSLV,20d,0.090887,0.129443,0.038556
2026-07-14,PAAS,20d,0.085051,0.190301,0.105251
2026-07-14,AEO,20d,0.082696,0.074923,-0.007773
2026-07-14,FTAI,20d,0.082635,0.093977,0.011342
2026-07-14,ALB,20d,0.080378,0.004738,-0.07564
2026-07-14,CENX,20d,0.08003,0.134766,0.054736
2026-07-14,AA,20d,0.07914,0.104463,0.025323
2026-07-14,B,20d,0.077948,0.099753,0.021805
2026-07-14,PEN,20d,0.075127,0.031683,-0.043444
2026-07-14,CCJ,20d,0.067844,0.078192,0.010348
2026-07-14,CEF,20d,0.067364,0.105159,0.037794
2026-07-14,VERA,20d,0.06686,-0.297705,-0.364565
2026-07-14,CQQQ,20d,0.066827,-0.040363,-0.10719
2026-07-14,FNV,20d,0.063743,0.186204,0.122461
2026-07-14,CG,20d,0.063736,0.063325,-0.000411
2026-07-14,PALL,20d,0.063715,0.045148,-0.018568
2026-07-14,KGC,20d,0.063611,0.139272,0.075661
2026-07-14,EL,20d,0.063603,0.08558,0.021977
2026-07-14,AGI,20d,0.061236,0.138917,0.077681
2026-07-14,REMX,20d,0.060848,-0.030579,-0.091426
2026-07-14,GDXJ,20d,0.060785,0.205652,0.144867
2026-07-14,WBD,20d,0.059015,-0.01492,-0.073934
2026-07-14,AXSM,20d,0.058992,-0.082844,-0.141836
2026-07-14,BVN,20d,0.057101,0.121495,0.064394
2026-07-14,KRYS,20d,0.056885,-0.036473,-0.093358
2026-07-14,ATRO,20d,0.056579,0.033955,-0.022624
2026-07-14,CMG,20d,0.056288,-0.121603,-0.177891
2026-07-14,NXE,20d,0.05588,0.128205,0.072325
2026-07-14,RGLD,20d,0.05572,0.206708,0.150988
2026-07-14,CSIQ,20d,0.055281,0.045425,-0.009856
2026-07-14,MT,20d,0.055092,0.102572,0.04748
2026-07-14,URNM,20d,0.054862,0.07327,0.018408
2026-07-14,GDX,20d,0.051709,0.203526,0.151817
2026-07-14,MRNA,20d,0.051476,-0.101868,-0.153344
2026-07-14,DLTR,20d,0.051192,0.028099,-0.023093
2026-07-14,RKT,20d,0.051062,0.001399,-0.049664
2026-07-14,NEM,20d,0.051006,0.237045,0.186039
2026-07-14,AAL,20d,0.050898,-0.02425,-0.075148
2026-07-14,GLTR,20d,0.050557,0.083292,0.032735
2026-07-15,SGML,20d,0.14945,0.046944,-0.102506
2026-07-15,VSNT,20d,0.149173,0.051069,-0.098104
2026-07-15,PBF,20d,0.115704,0.197073,0.081369
2026-07-15,ZIM,20d,0.106477,0.018952,-0.087525
2026-07-15,KRMN,20d,0.099389,0.269168,0.169779
2026-07-15,SPHR,20d,0.098367,0.22082,0.122453
2026-07-15,VG,20d,0.091064,0.062742,-0.028322
2026-07-15,LITE,20d,0.085105,0.239987,0.154882
2026-07-15,VLO,20d,0.082119,0.132666,0.050547
2026-07-15,APA,20d,0.079915,0.174535,0.09462
2026-07-15,CHYM,20d,0.075028,0.430512,0.355483
2026-07-15,NYT,20d,0.071952,-0.149827,-0.221779
2026-07-15,RIVN,20d,0.071276,-0.105056,-0.176332
2026-07-15,HAL,20d,0.07037,-0.055603,-0.125972
2026-07-15,CNR,20d,0.069698,0.10138,0.031682
2026-07-15,WLK,20d,0.069287,0.027515,-0.041772
2026-07-15,VICR,20d,0.069196,-0.130976,-0.200172
2026-07-15,HCC,20d,0.067243,0.182703,0.115459
2026-07-15,AR,20d,0.064283,0.11614,0.051858
2026-07-15,PTGX,20d,0.062761,0.122176,0.059416
2026-07-15,PBR,20d,0.061969,-0.005599,-0.067568
2026-07-15,CNQ,20d,0.061882,0.113269,0.051387
2026-07-15,VIAV,20d,0.061634,0.074526,0.012893
2026-07-15,CIEN,20d,0.061112,0.032476,-0.028636
2026-07-15,DAR,20d,0.060137,0.046354,-0.013782
2026-07-15,MRNA,20d,0.058473,-0.067516,-0.125989
2026-07-15,CVE,20d,0.058093,0.102705,0.044612
2026-07-15,EQT,20d,0.057949,0.101108,0.043159
2026-07-15,BTU,20d,0.056907,0.050361,-0.006546
2026-07-15,EQNR,20d,0.055433,0.142738,0.087304
2026-07-15,CNX,20d,0.055414,0.074887,0.019473
2026-07-15,ESLT,20d,0.053759,0.065982,0.012223
2026-07-15,PR,20d,0.05217,0.094946,0.042776
2026-07-15,OVV,20d,0.052084,0.127565,0.075481
2026-07-15,MPC,20d,0.051354,0.164015,0.112661
2026-07-15,ULS,20d,0.051195,-0.126154,-0.177349
2026-07-15,CE,20d,0.050737,-0.081989,-0.132727
2026-07-15,XOP,20d,0.050568,0.083222,0.032654
2026-07-15,VSNT,5d,0.082056,0.004441,-0.077616
2026-07-16,PBF,20d,0.125165,0.220217,0.095051
2026-07-16,VSNT,20d,0.122889,0.070426,-0.052462
2026-07-16,SPHR,20d,0.114603,0.273134,0.158532
2026-07-16,ENPH,20d,0.108019,-0.007303,-0.115322
2026-07-16,MLTX,20d,0.104576,-0.132036,-0.236612
2026-07-16,SGML,20d,0.104269,0.101069,-0.0032
2026-07-16,WLK,20d,0.103489,0.040348,-0.063141
2026-07-16,VG,20d,0.102214,0.068666,-0.033548
2026-07-16,PTEN,20d,0.091938,0.130705,0.038767
2026-07-16,VICR,20d,0.087929,-0.016362,-0.104292
2026-07-16,SOLS,20d,0.083814,0.074347,-0.009466
2026-07-16,NTLA,20d,0.082016,-0.002529,-0.084545
2026-07-16,CGON,20d,0.081256,0.074964,-0.006292
2026-07-16,LITE,20d,0.080475,0.246634,0.166158
2026-07-16,LYB,20d,0.07751,0.079585,0.002075
2026-07-16,ENTG,20d,0.076534,0.218044,0.14151
2026-07-16,VLO,20d,0.075228,0.146491,0.071263
2026-07-16,FIVE,20d,0.073297,0.222548,0.149251
2026-07-16,CVE,20d,0.072536,0.123761,0.051225
2026-07-16,PR,20d,0.072056,0.06998,-0.002076
2026-07-16,MPC,20d,0.070969,0.165179,0.09421
2026-07-16,LSCC,20d,0.069757,0.031566,-0.038191
2026-07-16,CIEN,20d,0.069709,0.138834,0.069125
2026-07-16,APA,20d,0.069277,0.175074,0.105797
2026-07-16,VKTX,20d,0.068844,-0.094309,-0.163152
2026-07-16,KRMN,20d,0.066853,0.275026,0.208173
2026-07-16,MTDR,20d,0.066094,-0.020395,-0.086489
2026-07-16,AGI,20d,0.061994,0.162832,0.100837
2026-07-16,HWM,20d,0.061602,0.043389,-0.018213
2026-07-16,TTC,20d,0.061011,0.007924,-0.053087
2026-07-16,OVV,20d,0.060057,0.103809,0.043751
2026-07-16,SM,20d,0.059089,0.073155,0.014065
2026-07-16,TPR,20d,0.059058,-0.109578,-0.168635
2026-07-16,VIAV,20d,0.058901,0.164094,0.105193
2026-07-16,FANG,20d,0.058553,0.055114,-0.003439
2026-07-16,PCOR,20d,0.058081,0.377576,0.319495
2026-07-16,OXY,20d,0.057707,0.075489,0.017782
2026-07-16,STM,20d,0.057686,-0.140991,-0.198677
2026-07-16,GE,20d,0.057629,0.043126,-0.014503
2026-07-16,USO,20d,0.05733,0.04803,-0.0093
2026-07-16,IBP,20d,0.056769,0.04537,-0.0114
2026-07-16,CSL,20d,0.056697,0.065313,0.008616
2026-07-16,DOW,20d,0.055527,0.036178,-0.019349
2026-07-16,PBR,20d,0.054976,0.024041,-0.030935
2026-07-16,ALGM,20d,0.054971,-0.063455,-0.118426
2026-07-16,XOP,20d,0.054284,0.076484,0.0222
2026-07-16,AXSM,20d,0.052337,-0.098549,-0.150886
2026-07-16,MGA,20d,0.051767,0.035672,-0.016095
2026-07-16,NE,20d,0.051751,0.095745,0.043994
2026-07-16,AG,20d,0.051059,0.18262,0.131561
2026-07-16,MRNA,20d,0.050731,0.007918,-0.042813
2026-07-16,CE,20d,0.050109,-0.031674,-0.081783
2026-07-16,LITE,5d,0.050917,0.180409,0.129492
2026-07-17,GH,20d,0.150706,0.008597,-0.142109
2026-07-17,LITE,20d,0.149783,0.263803,0.11402
2026-07-17,RIVN,20d,0.146676,-0.120023,-0.266699
2026-07-17,PBF,20d,0.11563,0.14927,0.033641
2026-07-17,AMBA,20d,0.115229,0.326649,0.211421
2026-07-17,TSEM,20d,0.11477,0.134045,0.019276
2026-07-17,BRZE,20d,0.098378,0.091698,-0.00668
2026-07-17,CRK,20d,0.097752,0.053973,-0.043779
2026-07-17,INSM,20d,0.094439,0.142356,0.047917
2026-07-17,GAP,20d,0.091648,0.012285,-0.079363
2026-07-17,SEI,20d,0.088336,0.0501,-0.038237
2026-07-17,APA,20d,0.087677,0.157151,0.069473
2026-07-17,MLTX,20d,0.087171,-0.16311,-0.250281
2026-07-17,PR,20d,0.086771,0.06383,-0.022941
2026-07-17,KEYS,20d,0.085847,0.1327,0.046854
2026-07-17,WBD,20d,0.084578,0.041682,-0.042896
2026-07-17,ARWR,20d,0.082605,0.166083,0.083478
2026-07-17,AMR,20d,0.080791,0.154729,0.073938
2026-07-17,PTEN,20d,0.080475,0.13473,0.054256
2026-07-17,ESTC,20d,0.080331,0.407371,0.32704
2026-07-17,HCC,20d,0.079654,0.245539,0.165885
2026-07-17,AR,20d,0.079033,0.113196,0.034164
2026-07-17,NTRA,20d,0.078998,0.14201,0.063011
2026-07-17,EQT,20d,0.077733,0.101507,0.023774
2026-07-17,PVH,20d,0.077443,0.055278,-0.022165
2026-07-17,CPRI,20d,0.076004,-0.063492,-0.139496
2026-07-17,SOFI,20d,0.075935,0.058449,-0.017486
2026-07-17,W,20d,0.075899,0.137946,0.062047
2026-07-17,UNG,20d,0.075668,-0.056137,-0.131805
2026-07-17,COKE,20d,0.074282,0.047778,-0.026504
2026-07-17,BBIO,20d,0.074197,-0.018678,-0.092874
2026-07-17,PCOR,20d,0.073829,0.301415,0.227586
2026-07-17,VICR,20d,0.073603,-0.01212,-0.085723
2026-07-17,PBR,20d,0.072791,-0.005008,-0.0778
2026-07-17,G,20d,0.072211,0.096148,0.023936
2026-07-17,CRDO,20d,0.072128,0.282317,0.210189
2026-07-17,YETI,20d,0.070871,-0.12713,-0.198001
2026-07-17,NET,20d,0.069936,0.13729,0.067354
2026-07-17,INDV,20d,0.069669,-0.037741,-0.10741
2026-07-17,AAP,20d,0.06874,0.06377,-0.00497
2026-07-17,NE,20d,0.068132,0.086747,0.018615
2026-07-17,FETH,20d,0.06798,0.019608,-0.048372
2026-07-17,SMTC,20d,0.067723,0.123159,0.055437
2026-07-17,ETH,20d,0.067647,0.021652,-0.045995
2026-07-17,HXL,20d,0.067257,0.004252,-0.063005
2026-07-17,ETHA,20d,0.067055,0.019411,-0.047645
2026-07-17,LBRT,20d,0.066475,-0.076762,-0.143236
2026-07-17,PTCT,20d,0.06632,-0.08767,-0.15399
2026-07-17,WK,20d,0.066041,0.233124,0.167082
2026-07-17,MDGL,20d,0.065579,-0.082966,-0.148545
2026-07-17,CIEN,20d,0.065389,0.145188,0.079799
2026-07-17,OVV,20d,0.064918,0.0905,0.025582
2026-07-17,HAL,20d,0.064264,-0.022714,-0.086978
2026-07-17,MKSI,20d,0.063469,-0.042995,-0.106464
2026-07-17,WIX,20d,0.063347,0.440816,0.377469
2026-07-17,SPHR,20d,0.062856,0.177955,0.1151
2026-07-17,FORM,20d,0.06275,0.246566,0.183816
2026-07-17,OSIS,20d,0.061481,0.073404,0.011923
2026-07-17,SITM,20d,0.061335,0.28279,0.221455
2026-07-17,FTI,20d,0.060684,0.090745,0.030061
2026-07-17,BKR,20d,0.060476,0.162796,0.10232
2026-07-17,BILL,20d,0.059713,0.113397,0.053685
2026-07-17,CNR,20d,0.059633,0.155625,0.095992
2026-07-17,SRPT,20d,0.059442,0.051103,-0.008338
2026-07-17,MPC,20d,0.058461,0.13698,0.078519
2026-07-17,AGX,20d,0.058402,0.049766,-0.008635
2026-07-17,SYNA,20d,0.057815,-0.047523,-0.105338
2026-07-17,SNOW,20d,0.057563,0.223206,0.165643
2026-07-17,LMND,20d,0.057065,-0.216433,-0.273498
2026-07-17,CLS,20d,0.056482,0.111867,0.055385
2026-07-17,XOP,20d,0.056148,0.060583,0.004435
2026-07-17,AAL,20d,0.056095,-0.010013,-0.066108
2026-07-17,OMF,20d,0.055619,0.107119,0.051499
2026-07-17,CRS,20d,0.055427,-0.02363,-0.079057
2026-07-17,ALB,20d,0.055128,0.127256,0.072128
2026-07-17,DDOG,20d,0.054665,-0.012486,-0.067151
2026-07-17,UNG,5d,0.067994,0.003806,-0.064188
2026-07-17,VICR,5d,0.06383,-0.111986,-0.175815
2026-07-17,PTEN,5d,0.06132,0.017964,-0.043356
2026-07-17,AA,5d,0.058009,0.005912,-0.052097
2026-07-17,ETHA,5d,0.054013,0.009346,-0.044667
2026-07-17,ETH,5d,0.053891,0.011396,-0.042495
2026-07-17,LBRT,5d,0.053584,-0.271812,-0.325396
2026-07-17,FETH,5d,0.053463,0.010349,-0.043115
2026-07-20,VG,20d,0.193735,-0.037789,-0.231524
2026-07-20,PBF,20d,0.187979,0.180089,-0.00789
2026-07-20,BLSH,20d,0.171061,0.100044,-0.071017
2026-07-20,PTEN,20d,0.118461,0.209901,0.091439
2026-07-20,APA,20d,0.10346,0.201856,0.098396
2026-07-20,AR,20d,0.09895,0.095396,-0.003554
2026-07-20,PR,20d,0.098421,0.093688,-0.004733
2026-07-20,FN,20d,0.096184,0.211063,0.114879
2026-07-20,CNR,20d,0.086028,0.141853,0.055826
2026-07-20,PBR,20d,0.085677,0.003298,-0.082378
2026-07-20,MPC,20d,0.085415,0.135961,0.050546
2026-07-20,VAL,20d,0.082886,0.162927,0.080041
2026-07-20,VLO,20d,0.082523,0.112418,0.029895
2026-07-20,MUR,20d,0.082439,-0.044905,-0.127345
2026-07-20,AMR,20d,0.081983,0.17564,0.093657
2026-07-20,CGON,20d,0.080959,0.09859,0.01763
2026-07-20,HCC,20d,0.079986,0.249568,0.169582
2026-07-20,LITE,20d,0.079596,0.265626,0.18603
2026-07-20,CIEN,20d,0.078105,0.175331,0.097226
2026-07-20,NE,20d,0.077094,0.112808,0.035714
2026-07-20,EQT,20d,0.076629,0.084124,0.007495
2026-07-20,OVV,20d,0.076275,0.105245,0.02897
2026-07-20,BRZE,20d,0.074065,0.067201,-0.006864
2026-07-20,XOP,20d,0.070764,0.078276,0.007511
2026-07-20,DAR,20d,0.069147,0.065669,-0.003477
2026-07-20,EQNR,20d,0.068269,0.130555,0.062286
2026-07-20,UNG,20d,0.067801,-0.044704,-0.112504
2026-07-20,AGX,20d,0.066596,-0.020636,-0.087233
2026-07-20,MTDR,20d,0.065608,0.054253,-0.011355
2026-07-20,SU,20d,0.065317,0.070843,0.005526
2026-07-20,RRC,20d,0.065139,0.073357,0.008218
2026-07-20,HAL,20d,0.064353,-0.010823,-0.075176
2026-07-20,LNG,20d,0.064087,0.009661,-0.054427
2026-07-20,COKE,20d,0.062655,0.024736,-0.037919
2026-07-20,FRO,20d,0.059331,0.142161,0.082829
2026-07-20,IOT,20d,0.059195,0.011673,-0.047522
2026-07-20,VIAV,20d,0.058222,0.173218,0.114996
2026-07-20,MUSA,20d,0.056974,-0.058961,-0.115935
2026-07-20,NET,20d,0.055959,0.126973,0.071014
2026-07-20,MGY,20d,0.055327,0.056939,0.001613
2026-07-20,MTZ,20d,0.054112,-0.101393,-0.155505
2026-07-20,UI,20d,0.053815,0.096279,0.042464
2026-07-20,SM,20d,0.05094,0.134271,0.083331
2026-07-20,CNQ,20d,0.050196,0.121047,0.070851
2026-07-20,PTEN,5d,0.062984,-0.068317,-0.131301
2026-07-20,LGN,5d,0.052164,-0.007485,-0.059649
2026-07-21,METC,20d,0.237274,-0.022746,-0.26002
2026-07-21,UI,20d,0.166046,0.088051,-0.077995
2026-07-21,KRMN,20d,0.154928,0.273409,0.118481
2026-07-21,LITE,20d,0.142279,0.042684,-0.099596
2026-07-21,VSNT,20d,0.124438,0.092393,-0.032045
2026-07-21,SPHR,20d,0.114603,0.154852,0.04025
2026-07-21,ACMR,20d,0.106169,-0.114412,-0.220581
2026-07-21,TTMI,20d,0.101986,-0.143956,-0.245942
2026-07-21,PBF,20d,0.100852,0.142758,0.041905
2026-07-21,VG,20d,0.100841,0.009957,-0.090884
2026-07-21,SOLS,20d,0.099003,0.000166,-0.098837
2026-07-21,VICR,20d,0.097679,0.129064,0.031385
2026-07-21,MLTX,20d,0.096805,-0.185444,-0.282249
2026-07-21,BTU,20d,0.09538,0.094825,-0.000555
2026-07-21,AMR,20d,0.095142,0.192903,0.097761
2026-07-21,CIEN,20d,0.093314,-0.007805,-0.101118
2026-07-21,PCOR,20d,0.090858,0.351309,0.260451
2026-07-21,ENTG,20d,0.08957,0.072964,-0.016607
2026-07-21,STNG,20d,0.087615,0.001659,-0.085956
2026-07-21,POWL,20d,0.086543,-0.16711,-0.253653
2026-07-21,MKSI,20d,0.085584,-0.130848,-0.216431
2026-07-21,NTLA,20d,0.081948,0.011334,-0.070614
2026-07-21,PTEN,20d,0.08092,0.151947,0.071027
2026-07-21,CGON,20d,0.080097,0.06372,-0.016377
2026-07-21,VLO,20d,0.080069,0.116273,0.036204
2026-07-21,BILL,20d,0.079646,0.110935,0.03129
2026-07-21,COHR,20d,0.079485,-0.034014,-0.113499
2026-07-21,APA,20d,0.078926,0.192849,0.113923
2026-07-21,WDC,20d,0.077915,-0.095242,-0.173158
2026-07-21,CVCO,20d,0.077855,0.018763,-0.059092
2026-07-21,W,20d,0.074925,0.199033,0.124108
2026-07-21,WLK,20d,0.074664,0.017056,-0.057608
2026-07-21,HWM,20d,0.074516,0.049432,-0.025084
2026-07-21,TPL,20d,0.073795,-0.127832,-0.201627
2026-07-21,NE,20d,0.073581,0.062207,-0.011374
2026-07-21,FIVE,20d,0.071923,0.170831,0.098908
2026-07-21,MGA,20d,0.071339,0.042739,-0.028601
2026-07-21,VIAV,20d,0.070852,-0.038354,-0.109207
2026-07-21,FRO,20d,0.068973,0.131339,0.062367
2026-07-21,OIH,20d,0.068628,0.096482,0.027854
2026-07-21,RRC,20d,0.068513,0.055894,-0.012619
2026-07-21,FETH,20d,0.067643,-0.00418,-0.071823
2026-07-21,ETH,20d,0.067398,-0.003819,-0.071217
2026-07-21,OVV,20d,0.067334,0.095166,0.027832
2026-07-21,TPR,20d,0.066737,-0.06964,-0.136377
2026-07-21,ETHA,20d,0.066622,-0.006194,-0.072817
2026-07-21,EWY,20d,0.066166,-0.016483,-0.08265
2026-07-21,FTI,20d,0.062851,0.04984,-0.01301
2026-07-21,LSCC,20d,0.06253,-0.085548,-0.148078
2026-07-21,AEIS,20d,0.061026,0.035297,-0.02573
2026-07-21,DOCN,20d,0.060895,-0.082081,-0.142977
2026-07-21,MUR,20d,0.060354,-0.04719,-0.107544
2026-07-21,HAL,20d,0.060305,0.04429,-0.016014
2026-07-21,STX,20d,0.060235,0.013287,-0.046948
2026-07-21,SEI,20d,0.058776,-0.049563,-0.108339
2026-07-21,KTOS,20d,0.058559,0.285833,0.227274
2026-07-21,STM,20d,0.058544,-0.201131,-0.259675
2026-07-21,AGI,20d,0.057945,0.114499,0.056554
2026-07-21,LYB,20d,0.057799,0.067658,0.009859
2026-07-21,MSGS,20d,0.057614,0.013335,-0.04428
2026-07-21,FN,20d,0.057022,-0.084877,-0.141899
2026-07-21,SKY,20d,0.056996,0.101467,0.044471
2026-07-21,MPC,20d,0.056409,0.145265,0.088857
2026-07-21,BKR,20d,0.055993,0.147163,0.09117
2026-07-21,Q,20d,0.055873,-0.037469,-0.093342
2026-07-21,KWEB,20d,0.055635,-0.008882,-0.064517
2026-07-21,AIR,20d,0.054892,0.05389,-0.001002
2026-07-21,XOP,20d,0.054336,0.066272,0.011936
2026-07-21,ENPH,20d,0.054245,-0.059089,-0.113333
2026-07-21,MIR,20d,0.054188,-0.057775,-0.111963
2026-07-21,PSKY,20d,0.054157,0.222743,0.168587
2026-07-21,HCC,20d,0.053593,0.226493,0.1729
2026-07-21,NET,20d,0.05345,0.10668,0.05323
2026-07-21,FIX,20d,0.053343,-0.018906,-0.072249
2026-07-21,BRZE,20d,0.053269,0.199341,0.146072
2026-07-21,DAR,20d,0.052041,0.069316,0.017275
2026-07-21,LITE,5d,0.052367,-0.221632,-0.273999
2026-07-22,KRMN,20d,0.173906,0.222946,0.04904
2026-07-22,ETH,20d,0.140221,0.094926,-0.045294
2026-07-22,FETH,20d,0.139629,0.09238,-0.047249
2026-07-22,ETHA,20d,0.139133,0.093664,-0.045469
2026-07-22,MRCY,20d,0.131852,0.023554,-0.108298
2026-07-22,INDV,20d,0.125434,-0.034858,-0.160291
2026-07-22,AMR,20d,0.114276,0.329186,0.21491
2026-07-22,LITE,20d,0.107807,-0.002531,-0.110338
2026-07-22,ELF,20d,0.1032,0.260914,0.157714
2026-07-22,NTRA,20d,0.099782,0.230301,0.130518
2026-07-22,VG,20d,0.098996,-0.069501,-0.168496
2026-07-22,VERA,20d,0.098932,-0.10484,-0.203772
2026-07-22,SOLS,20d,0.097485,-0.054887,-0.152372
2026-07-22,SKY,20d,0.095666,0.128887,0.033221
2026-07-22,POWL,20d,0.093234,-0.176094,-0.269328
2026-07-22,CVCO,20d,0.089502,0.050522,-0.03898
2026-07-22,HCC,20d,0.083755,0.26524,0.181485
2026-07-22,PBF,20d,0.082363,0.153184,0.070821
2026-07-22,FTI,20d,0.08059,0.026209,-0.054381
2026-07-22,WIX,20d,0.079954,0.600699,0.520744
2026-07-22,TTMI,20d,0.077686,-0.195715,-0.273401
2026-07-22,BILL,20d,0.077344,0.138935,0.061592
2026-07-22,ETHE,20d,0.077167,0.091038,0.013871
2026-07-22,PCOR,20d,0.076457,0.510684,0.434228
2026-07-22,CRS,20d,0.076027,-0.132219,-0.208246
2026-07-22,HWM,20d,0.075786,0.010392,-0.065394
2026-07-22,MKSI,20d,0.074583,-0.183389,-0.257972
2026-07-22,WAY,20d,0.073066,0.194805,0.121739
2026-07-22,RVMD,20d,0.072761,0.172813,0.100052
2026-07-22,DOCS,20d,0.072194,0.256711,0.184516
2026-07-22,CRK,20d,0.070812,-0.034237,-0.105049
2026-07-22,MIR,20d,0.069614,-0.059674,-0.129289
2026-07-22,DECK,20d,0.069423,-0.106373,-0.175795
2026-07-22,ENPH,20d,0.069327,-0.005306,-0.074633
2026-07-22,OIH,20d,0.068258,0.077765,0.009507
2026-07-22,VICR,20d,0.0678,0.0,-0.0678
2026-07-22,ZIM,20d,0.067665,0.095962,0.028297
2026-07-22,PEGA,20d,0.067402,0.305006,0.237604
2026-07-22,ESTC,20d,0.067254,0.488412,0.421158
2026-07-22,HAL,20d,0.066866,0.060248,-0.006618
2026-07-22,OVV,20d,0.066801,0.083457,0.016657
2026-07-22,ZM,20d,0.066251,0.252418,0.186167
2026-07-22,NE,20d,0.066149,0.058376,-0.007773
2026-07-22,LYFT,20d,0.065702,0.18895,0.123247
2026-07-22,SHAK,20d,0.065612,0.309796,0.244185
2026-07-22,IOT,20d,0.064877,0.176118,0.11124
2026-07-22,MLTX,20d,0.06429,-0.116156,-0.180446
2026-07-22,NXT,20d,0.063691,-0.122332,-0.186023
2026-07-22,LRN,20d,0.063624,-0.000594,-0.064217
2026-07-22,G,20d,0.062611,0.212929,0.150318
2026-07-22,FICO,20d,0.061589,-0.049023,-0.110612
2026-07-22,FIX,20d,0.061375,-0.052551,-0.113925
2026-07-22,MGA,20d,0.061103,0.058241,-0.002862
2026-07-22,CNK,20d,0.060805,0.157209,0.096404
2026-07-22,AXON,20d,0.060439,0.313801,0.253362
2026-07-22,MIRM,20d,0.060222,-0.106918,-0.16714
2026-07-22,QXO,20d,0.059862,0.018773,-0.041089
2026-07-22,UI,20d,0.05964,0.09894,0.039299
2026-07-22,AR,20d,0.059439,0.051035,-0.008404
2026-07-22,PTEN,20d,0.058869,0.125,0.066131
2026-07-22,MDB,20d,0.058347,0.444503,0.386156
2026-07-22,CAVA,20d,0.058269,0.147875,0.089606
2026-07-22,TSLA,20d,0.058252,-0.061202,-0.119454
2026-07-22,NXE,20d,0.057411,0.118644,0.061233
2026-07-22,Q,20d,0.055438,-0.091538,-0.146976
2026-07-22,W,20d,0.055246,0.278766,0.223521
2026-07-22,AIR,20d,0.054906,0.090674,0.035768
2026-07-22,SLB,20d,0.054485,0.123348,0.068863
2026-07-22,ALB,20d,0.054054,0.143295,0.089241
2026-07-22,ELAN,20d,0.053993,-0.033149,-0.087142
2026-07-22,SPHR,20d,0.053627,0.155805,0.102178
2026-07-22,OLN,20d,0.053466,-0.228135,-0.281602
2026-07-22,EXEL,20d,0.053079,-0.010731,-0.06381
2026-07-22,VLO,20d,0.052783,0.117967,0.065183
2026-07-22,CF,20d,0.052585,-0.060595,-0.11318
2026-07-22,ENPH,5d,0.053892,-0.113946,-0.167838
2026-07-22,CAI,5d,0.052792,0.013654,-0.039138
2026-07-22,LGN,5d,0.051752,-0.27158,-0.323332
2026-07-23,GH,20d,0.152891,0.11771,-0.035182
2026-07-23,CRS,20d,0.111005,-0.186953,-0.297959
2026-07-23,POWL,20d,0.109022,-0.185519,-0.294541
2026-07-23,PBF,20d,0.104987,0.127009,0.022022
2026-07-23,COKE,20d,0.083908,0.052809,-0.0311
2026-07-23,MDLN,20d,0.079493,-0.134201,-0.213695
2026-07-23,NTRA,20d,0.076902,0.227247,0.150345
2026-07-23,CF,20d,0.076489,-0.00286,-0.079349
2026-07-23,PTEN,20d,0.075653,0.17795,0.102296
2026-07-23,HWM,20d,0.074295,-0.046389,-0.120684
2026-07-23,CRK,20d,0.074256,0.007289,-0.066967
2026-07-23,BRZE,20d,0.07194,0.44722,0.37528
2026-07-23,PBR,20d,0.071077,0.000526,-0.070551
2026-07-23,CHYM,20d,0.070731,0.539017,0.468286
2026-07-23,VSAT,20d,0.070691,-0.003231,-0.073922
2026-07-23,CNK,20d,0.07062,0.12848,0.05786
2026-07-23,VG,20d,0.070047,-0.057388,-0.127435
2026-07-23,MLTX,20d,0.069542,-0.180269,-0.24981
2026-07-23,LITE,20d,0.069043,0.054748,-0.014295
2026-07-23,SPHR,20d,0.068964,0.17193,0.102966
2026-07-23,HXL,20d,0.068269,-0.142105,-0.210374
2026-07-23,NE,20d,0.06815,0.08977,0.02162
2026-07-23,LBRT,20d,0.066756,-0.019368,-0.086124
2026-07-23,FORM,20d,0.065647,0.026253,-0.039394
2026-07-23,APD,20d,0.06548,0.020524,-0.044956
2026-07-23,DOCN,20d,0.065399,-0.128098,-0.193496
2026-07-23,HAL,20d,0.065373,0.091104,0.025731
2026-07-23,W,20d,0.065009,0.249516,0.184507
2026-07-23,ETH,20d,0.062707,0.241881,0.179175
2026-07-23,TGTX,20d,0.062457,-0.089009,-0.151466
2026-07-23,FETH,20d,0.062422,0.240493,0.17807
2026-07-23,LIF,20d,0.062091,-0.075277,-0.137368
2026-07-23,ETHA,20d,0.06207,0.243799,0.181729
2026-07-23,INSM,20d,0.061875,0.16451,0.102634
2026-07-23,MKSI,20d,0.061836,-0.183666,-0.245503
2026-07-23,KEYS,20d,0.061087,-0.026512,-0.087599
2026-07-23,FRO,20d,0.060072,0.121236,0.061163
2026-07-23,EQNR,20d,0.058875,0.055778,-0.003097
2026-07-23,MPC,20d,0.058486,0.150321,0.091835
2026-07-23,FTI,20d,0.058422,0.021687,-0.036734
2026-07-23,WK,20d,0.057076,0.487569,0.430493
2026-07-23,AHR,20d,0.056809,-0.010819,-0.067629
2026-07-23,GAP,20d,0.056583,0.040784,-0.015799
2026-07-23,EWZ,20d,0.055478,-0.056124,-0.111602
2026-07-23,CIEN,20d,0.05453,-0.03693,-0.091459
2026-07-23,CLS,20d,0.054403,-0.097834,-0.152237
2026-07-23,ALKS,20d,0.054103,-0.093449,-0.147553
2026-07-23,HCC,20d,0.053978,0.276372,0.222395
2026-07-23,EQT,20d,0.053572,0.012531,-0.041041
2026-07-23,OVV,20d,0.053558,0.086496,0.032938
2026-07-23,IMO,20d,0.053133,0.06233,0.009197
2026-07-23,XP,20d,0.053126,-0.049911,-0.103036
2026-07-23,VLO,20d,0.051705,0.123075,0.07137
2026-07-23,UNG,20d,0.050365,-0.05655,-0.106916
2026-07-23,NET,20d,0.050039,0.063243,0.013204
2026-07-23,VICR,5d,0.075976,-0.106794,-0.18277
2026-07-23,LBRT,5d,0.056995,-0.085117,-0.142112
2026-07-24,METC,20d,0.165118,0.149758,-0.01536
2026-07-24,KRMN,20d,0.121747,0.125632,0.003885
2026-07-24,ETH,20d,0.119012,0.298028,0.179016
2026-07-24,FETH,20d,0.117732,0.296496,0.178764
2026-07-24,ETHA,20d,0.116899,0.299145,0.182247
2026-07-24,AMR,20d,0.101231,0.469218,0.367987
2026-07-24,CNR,20d,0.099474,0.143389,0.043915
2026-07-24,VG,20d,0.096916,-0.006988,-0.103904
2026-07-24,FN,20d,0.09143,-0.082703,-0.174133
2026-07-24,BTU,20d,0.081024,0.214697,0.133673
2026-07-24,CCC,20d,0.080084,0.281787,0.201702
2026-07-24,WSO,20d,0.076284,-0.138311,-0.214595
2026-07-24,PCOR,20d,0.065089,0.482372,0.417283
2026-07-24,MUSA,20d,0.064906,-0.070831,-0.135737
2026-07-24,FRO,20d,0.064886,0.111479,0.046593
2026-07-24,HCC,20d,0.063949,0.334119,0.27017
2026-07-24,MLTX,20d,0.063282,-0.171399,-0.23468
2026-07-24,SYNA,20d,0.062122,-0.135752,-0.197874
2026-07-24,JBL,20d,0.061369,0.0022,-0.059169
2026-07-24,ECG,20d,0.057138,-0.031002,-0.088141
2026-07-24,AEO,20d,0.057089,-0.048824,-0.105912
2026-07-24,ENPH,20d,0.056174,0.052044,-0.004131
2026-07-24,KTOS,20d,0.05526,0.207392,0.152132
2026-07-24,UNG,20d,0.055071,-0.053081,-0.108152
2026-07-24,XPO,20d,0.050137,-0.071687,-0.121824
2026-07-24,LGN,5d,0.052805,-0.097034,-0.149839
2026-07-27,KRMN,20d,0.153751,0.044691,-0.10906
2026-07-27,SOLS,20d,0.118999,-0.077983,-0.196982
2026-07-27,ACMR,20d,0.111988,-0.008878,-0.120866
2026-07-27,METC,20d,0.106078,0.208456,0.102378
2026-07-27,VG,20d,0.096777,0.111935,0.015158
2026-07-27,CNR,20d,0.0935,0.164485,0.070985
2026-07-27,AMR,20d,0.082465,0.466813,0.384348
2026-07-27,BTU,20d,0.078952,0.212039,0.133087
2026-07-27,ENPH,20d,0.078688,-0.02131,-0.099998
2026-07-27,UNG,20d,0.068955,0.006429,-0.062526
2026-07-27,CHYM,20d,0.061902,0.507548,0.445646
2026-07-27,SYNA,20d,0.061375,-0.193266,-0.254641
2026-07-27,AEO,20d,0.057447,-0.060495,-0.117942
2026-07-27,MOH,20d,0.057438,0.00193,-0.055508
2026-07-27,WSO,20d,0.056959,-0.148091,-0.20505
2026-07-27,CCC,20d,0.05693,0.249581,0.192651
2026-07-27,HCC,20d,0.056008,0.338879,0.282871
2026-07-27,MUSA,20d,0.053056,-0.067394,-0.12045
2026-07-27,ETH,20d,0.052381,0.285022,0.232641
2026-07-27,MLTX,20d,0.052284,-0.22837,-0.280655
2026-07-27,ETHA,20d,0.051111,0.281781,0.23067
2026-07-27,LINE,20d,0.050682,-0.031962,-0.082644
2026-07-27,IONS,20d,0.050624,0.091673,0.041048
2026-07-27,FETH,20d,0.050226,0.282732,0.232506
2026-07-27,LGN,5d,0.053472,-0.0346,-0.088072
2026-07-27,CAI,5d,0.053154,0.044146,-0.009008
2026-07-28,Q,5d,0.075002,0.107749,0.032747
2026-07-28,AMR,5d,0.059952,-0.030882,-0.090833
2026-07-28,CAI,5d,0.052294,0.032713,-0.01958
2026-07-28,LGN,5d,0.051752,0.122952,0.0712
2026-07-28,HCC,5d,0.050209,0.031646,-0.018563
2026-07-29,BLSH,5d,0.085371,0.091575,0.006204
2026-07-29,LMND,5d,0.082735,0.098776,0.016041
2026-07-29,CAI,5d,0.063518,0.055164,-0.008354
2026-07-30,VSNT,5d,0.093848,0.064921,-0.028928
2026-07-31,VSNT,5d,0.104809,0.074465,-0.030344
2026-07-31,KRMN,5d,0.053653,0.209346,0.155693
2026-07-31,TTAN,5d,0.051864,0.033349,-0.018515
2026-08-03,LITE,5d,0.058116,0.043109,-0.015008
2026-08-04,BLSH,5d,0.062403,0.030252,-0.032151
2026-08-04,RDDT,5d,0.057094,-0.023629,-0.080723
2026-08-04,CBRL,5d,0.056717,-0.019083,-0.075799
2026-08-04,SYM,5d,0.05511,-0.121576,-0.176686
2026-08-04,WRBY,5d,0.054517,-0.163102,-0.217619
2026-08-04,CHYM,5d,0.053631,0.271743,0.218112
2026-08-04,DOCN,5d,0.050399,-0.062301,-0.112701
2026-08-05,LGN,5d,0.120426,0.04775,-0.072676
2026-08-05,MSTR,5d,0.087416,-0.035987,-0.123403
2026-08-05,CHYM,5d,0.071518,0.219136,0.147618
2026-08-05,BLSH,5d,0.068556,0.033138,-0.035418
2026-08-05,WRBY,5d,0.061727,-0.13495,-0.196677
2026-08-05,OSCR,5d,0.061042,-0.016606,-0.077648
2026-08-05,DOCN,5d,0.059833,0.071589,0.011757
2026-08-05,RDDT,5d,0.058555,-0.011658,-0.070213
2026-08-05,CBRL,5d,0.056507,-0.00017,-0.056677
2026-08-05,KVYO,5d,0.054045,-0.106218,-0.160263
2026-08-05,TTAN,5d,0.054018,0.063584,0.009566
2026-08-05,HIMS,5d,0.051371,-0.053081,-0.104452
2026-08-06,RDDT,5d,0.053718,0.048055,-0.005663
2026-08-06,CBRL,5d,0.051876,0.003092,-0.048784
2026-08-10,HIMS,5d,0.06478,-0.099465,-0.164245
2026-08-13,COIN,5d,0.071402,0.119883,0.048481
2026-08-13,HIMS,5d,0.066749,0.107404,0.040654
2026-08-13,MSTR,5d,0.051174,0.157467,0.106292
2026-08-14,HIMS,5d,0.091275,0.2,0.108725
2026-08-17,KLAR,5d,0.094718,-0.27345,-0.368167
2026-08-17,HIMS,5d,0.070123,0.08511,0.014987
2026-08-17,TEM,5d,0.063256,0.310806,0.247549
