{
  "ret_5d": 0.03126844411819785,
  "ret_20d": 0.08553128872198967,
  "vol_20d": 0.006405300924647436,
  "drawdown_60d": 0.0
}